Top,,,,,,,,,,,,,,,,,,,,,,,,,,,,,,,,,,,,,,,,,,,,,,,,,,,,,,,,,,,
Task,Description,4.0, Comments,5.0, Comments,6.0, Comments,7.0, Comments,8.0, Comments,9.0, Comments,10.0, Comments,11.0, Comments,12.0, Comments,13.0, Comments,14.0, Comments,15.0, Comments,16.0, Comments,17.0, Comments,18.0, Comments,19.0, Comments,20.0, Comments,21.0, Comments,22.0, Comments,23.0, Comments,24.0, Comments,25.0, Comments,26.0, Comments,27.0, Comments,28.0, Comments,29.0, Comments,30.0, Comments,31.0, Comments,,
Visual Inspection,"Check for any signs of damage, leaks, or abnormal wear.",4.0,"There is no sign of damage,genarator perfom well",4.0,"There is no sign of damage,genarator perfom well",4.0,"There is no sign of damage,genarator perfom well",4.0,"There is no sign of damage,genarator perfom well",4.0,"There is no sign of damage,genarator perfom well",4.0,"There is no sign of damage,genarator perfom well",4.0,"There is no sign of damage,genarator perfom well",4.0,"There is no sign of damage,genarator perfom well",4.0,"There is no sign of damage,genarator perfom well",4.0,"There is no sign of damage,genarator perfom well",4.0,"There is no sign of damage,genarator perfom well",4.0,"There is no sign of damage,genarator perfom well",4.0,"There is no sign of damage,genarator perfom well",4.0,"There is no sign of damage,genarator perfom well",4.0,"There is no sign of damage,genarator perfom well",4.0,"There is no sign of damage,genarator perfom well",4.0,"There is no sign of damage,genarator perfom well",4.0,"There is no sign of damage,genarator perfom well",4.0,"There is no sign of damage,genarator perfom well",4.0,"There is no sign of damage,genarator perfom well",4.0,"There is no sign of damage,genarator perfom well",4.0,"There is no sign of damage,genarator perfom well",4.0,"There is no sign of damage,genarator perfom well",4.0,"There is no sign of damage,genarator perfom well",4.0,"There is no sign of damage,genarator perfom well",4.0,"There is no sign of damage,genarator perfom well",4.0,"There is no sign of damage,genarator perfom well",4.0,"There is no sign of damage,genarator perfom well",,
Fuel Level,Ensure an adequate fuel supply is available.,5.0,Fuel is available,5.0,Fuel is available,5.0,Fuel is available,5.0,Fuel is available,5.0,Fuel is available,5.0,Fuel is available,5.0,Fuel is available,5.0,Fuel is available,5.0,Fuel is available,5.0,Fuel is available,5.0,Fuel is available,5.0,Fuel is available,5.0,Fuel is available,5.0,Fuel is available,5.0,Fuel is available,5.0,Fuel is available,5.0,Fuel is available,5.0,Fuel is available,5.0,Fuel is available,5.0,Fuel is available,5.0,Fuel is available,5.0,Fuel is available,5.0,Fuel is available,5.0,Fuel is available,5.0,Fuel is available,5.0,Fuel is available,5.0,Fuel is available,5.0,Fuel is available,,
Oil Level,Check oil level and top up if necessary.,4.0,Oil is available,4.0,Oil is available,4.0,Oil is available,4.0,Oil is available,4.0,Oil is available,4.0,Oil is available,4.0,Oil is available,4.0,Oil is available,4.0,Oil is available,4.0,Oil is available,4.0,Oil is available,4.0,Oil is available,4.0,Oil is available,4.0,Oil is available,4.0,Oil is available,4.0,Oil is available,4.0,Oil is available,4.0,Oil is available,4.0,Oil is available,4.0,Oil is available,4.0,Oil is available,4.0,Oil is available,4.0,Oil is available,4.0,Oil is available,4.0,Oil is available,4.0,Oil is available,4.0,Oil is available,4.0,Oil is available,,
Coolant Level,Verify coolant level and top up if needed.,4.0,Coolant level is good,4.0,Coolant level is good,4.0,Coolant level is good,4.0,Coolant level is good,4.0,Coolant level is good,4.0,Coolant level is good,4.0,Coolant level is good,4.0,Coolant level is good,4.0,Coolant level is good,4.0,Coolant level is good,4.0,Coolant level is good,4.0,Coolant level is good,4.0,Coolant level is good,4.0,Coolant level is good,4.0,Coolant level is good,4.0,Coolant level is good,4.0,Coolant level is good,4.0,Coolant level is good,4.0,Coolant level is good,4.0,Coolant level is good,4.0,Coolant level is good,4.0,Coolant level is good,4.0,Coolant level is good,4.0,Coolant level is good,4.0,Coolant level is good,4.0,Coolant level is good,4.0,Coolant level is good,4.0,Coolant level is good,,
Battery Charge,Check battery charge status.,3.0,Batteray is not full charged,3.0,Batteray is not full charged,3.0,Batteray is not full charged,3.0,Batteray is not full charged,3.0,Batteray is not full charged,3.0,Batteray is not full charged,3.0,Batteray is not full charged,3.0,Batteray is not full charged,3.0,Batteray is not full charged,3.0,Batteray is not full charged,3.0,Batteray is not full charged,3.0,Batteray is not full charged,3.0,Batteray is not full charged,3.0,Batteray is not full charged,3.0,Batteray is not full charged,3.0,Batteray is not full charged,3.0,Batteray is not full charged,3.0,Batteray is not full charged,3.0,Batteray is not full charged,3.0,Batteray is not full charged,3.0,Batteray is not full charged,3.0,Batteray is not full charged,3.0,Batteray is not full charged,3.0,Batteray is not full charged,3.0,Batteray is not full charged,3.0,Batteray is not full charged,3.0,Batteray is not full charged,3.0,Batteray is not full charged,,
Engine Start,Start the generator and ensure it runs smoothly.,4.0,Generator fun smmoothy,4.0,Generator fun smmoothy,4.0,Generator fun smmoothy,4.0,Generator fun smmoothy,4.0,Generator fun smmoothy,4.0,Generator fun smmoothy,4.0,Generator fun smmoothy,4.0,Generator fun smmoothy,4.0,Generator fun smmoothy,4.0,Generator fun smmoothy,4.0,Generator fun smmoothy,4.0,Generator fun smmoothy,4.0,Generator fun smmoothy,4.0,Generator fun smmoothy,4.0,Generator fun smmoothy,4.0,Generator run smmoothy,4.0,Generator fun smmoothy,4.0,Generator fun smmoothy,4.0,Generator fun smmoothy,4.0,Generator fun smmoothy,4.0,Generator fun smmoothy,4.0,Generator fun smmoothy,4.0,Generator fun smmoothy,4.0,Generator fun smmoothy,4.0,Generator fun smmoothy,4.0,Generator fun smmoothy,4.0,Generator fun smmoothy,4.0,Generator fun smmoothy,,
Noise Level,Check for any unusual noises during operation.,4.0,There is no unusual noises,4.0,There is no unusual noises,4.0,There is no unusual noises,4.0,There is no unusual noises,4.0,There is no unusual noises,4.0,There is no unusual noises,4.0,There is no unusual noises,4.0,There is no unusual noises,4.0,There is no unusual noises,4.0,There is no unusual noises,4.0,There is no unusual noises,4.0,There is no unusual noises,4.0,There is no unusual noises,4.0,There is no unusual noises,4.0,There is no unusual noises,4.0,There is no unusual noises,4.0,There is no unusual noises,4.0,There is no unusual noises,4.0,There is no unusual noises,4.0,There is no unusual noises,4.0,There is no unusual noises,4.0,There is no unusual noises,4.0,There is no unusual noises,4.0,There is no unusual noises,4.0,There is no unusual noises,4.0,There is no unusual noises,4.0,There is no unusual noises,4.0,There is no unusual noises,,
Fuel/Water Separator,Drain any accumulated water from the fuel system.,5.0,There is no accumulated water from fuel system,5.0,There is no accumulated water from fuel system,5.0,There is no accumulated water from fuel system,5.0,There is no accumulated water from fuel system,5.0,There is no accumulated water from fuel system,5.0,There is no accumulated water from fuel system,5.0,There is no accumulated water from fuel system,5.0,There is no accumulated water from fuel system,5.0,There is no accumulated water from fuel system,5.0,There is no accumulated water from fuel system,5.0,There is no accumulated water from fuel system,5.0,There is no accumulated water from fuel system,5.0,There is no accumulated water from fuel system,5.0,There is no accumulated water from fuel system,5.0,There is no accumulated water from fuel system,5.0,There is no accumulated water from fuel system,5.0,There is no accumulated water from fuel system,5.0,There is no accumulated water from fuel system,5.0,There is no accumulated water from fuel system,5.0,There is no accumulated water from fuel system,5.0,There is no accumulated water from fuel system,5.0,There is no accumulated water from fuel system,5.0,There is no accumulated water from fuel system,5.0,There is no accumulated water from fuel system,5.0,There is no accumulated water from fuel system,5.0,There is no accumulated water from fuel system,5.0,There is no accumulated water from fuel system,5.0,There is no accumulated water from fuel system,,
Exhaust System,Inspect exhaust system for leaks or damage.,4.0,Exhaust system works properly,4.0,Exhaust system works properly,4.0,Exhaust system works properly,4.0,Exhaust system works properly,4.0,Exhaust system works properly,4.0,Exhaust system works properly,4.0,Exhaust system works properly,4.0,Exhaust system works properly,4.0,Exhaust system works properly,4.0,Exhaust system works properly,4.0,Exhaust system works properly,4.0,Exhaust system works properly,4.0,Exhaust system works properly,4.0,Exhaust system works properly,4.0,Exhaust system works properly,4.0,Exhaust system works properly,4.0,Exhaust system works properly,4.0,Exhaust system works properly,4.0,Exhaust system works properly,4.0,Exhaust system works properly,4.0,Exhaust system works properly,4.0,Exhaust system works properly,4.0,Exhaust system works properly,4.0,Exhaust system works properly,4.0,Exhaust system works properly,4.0,Exhaust system works properly,4.0,Exhaust system works properly,4.0,Exhaust system works properly,,
Electrical Connections,Check all electrical connections for tightness.,4.0,Electrical connection is in good condition,4.0,Electrical connection is in good condition,4.0,Electrical connection is in good condition,4.0,Electrical connection is in good condition,4.0,Electrical connection is in good condition,4.0,Electrical connection is in good condition,4.0,Electrical connection is in good condition,4.0,Electrical connection is in good condition,4.0,Electrical connection is in good condition,4.0,Electrical connection is in good condition,4.0,Electrical connection is in good condition,4.0,Electrical connection is in good condition,4.0,Electrical connection is in good condition,4.0,Electrical connection is in good condition,4.0,Electrical connection is in good condition,4.0,Electrical connection is in good condition,4.0,Electrical connection is in good condition,4.0,Electrical connection is in good condition,4.0,Electrical connection is in good condition,4.0,Electrical connection is in good condition,4.0,Electrical connection is in good condition,4.0,Electrical connection is in good condition,4.0,Electrical connection is in good condition,4.0,Electrical connection is in good condition,4.0,Electrical connection is in good condition,4.0,Electrical connection is in good condition,4.0,Electrical connection is in good condition,4.0,Electrical connection is in good condition,,
Safety Shutdowns,Ensure all safety shutdowns are operational.,5.0,Safety shutdown it works properly,5.0,Safety shutdown it works properly,5.0,Safety shutdown it works properly,5.0,Safety shutdown it works properly,5.0,Safety shutdown it works properly,5.0,Safety shutdown it works properly,5.0,Safety shutdown it works properly,5.0,Safety shutdown it works properly,5.0,Safety shutdown it works properly,5.0,Safety shutdown it works properly,5.0,Safety shutdown it works properly,5.0,Safety shutdown it works properly,5.0,Safety shutdown it works properly,5.0,Safety shutdown it works properly,5.0,Safety shutdown it works properly,5.0,Safety shutdown it works properly,5.0,Safety shutdown it works properly,5.0,Safety shutdown it works properly,5.0,Safety shutdown it works properly,5.0,Safety shutdown it works properly,5.0,Safety shutdown it works properly,5.0,Safety shutdown it works properly,5.0,Safety shutdown it works properly,5.0,Safety shutdown it works properly,5.0,Safety shutdown it works properly,5.0,Safety shutdown it works properly,5.0,Safety shutdown it works properly,5.0,Safety shutdown it works properly,,
Documentation,Review maintenance logs and record any actions taken.,5.0,Maintenance logs and record are taken,5.0,Maintenance logs and record are taken,5.0,Maintenance logs and record are taken,5.0,Maintenance logs and record are taken,5.0,Maintenance logs and record are taken,5.0,Maintenance logs and record are taken,5.0,Maintenance logs and record are taken,5.0,Maintenance logs and record are taken,5.0,Maintenance logs and record are taken,5.0,Maintenance logs and record are taken,5.0,Maintenance logs and record are taken,5.0,Maintenance logs and record are taken,5.0,Maintenance logs and record are taken,5.0,Maintenance logs and record are taken,5.0,Maintenance logs and record are taken,5.0,Maintenance logs and record are taken,5.0,Maintenance logs and record are taken,5.0,Maintenance logs and record are taken,5.0,Maintenance logs and record are taken,5.0,Maintenance logs and record are taken,5.0,Maintenance logs and record are taken,5.0,Maintenance logs and record are taken,5.0,Maintenance logs and record are taken,5.0,Maintenance logs and record are taken,5.0,Maintenance logs and record are taken,5.0,Maintenance logs and record are taken,5.0,Maintenance logs and record are taken,5.0,Maintenance logs and record are taken,,
,,,,,,4.25,,4.25,,4.25,,4.25,,4.25,,,,,,4.25,,4.25,,4.25,,4.25,,4.25,,,,,,4.25,,4.25,,4.25,,4.25,,4.25,,,,,,4.25,,4.25,,4.25,,4.25,,4.25,,,
Checks Done,28,,,,,,,,,,,,,,,,,,,,,,,,,,,,,,,,,,,,,,,,,,,,,,,,,,,,,,,,,,
Average Rating,4.25,,,,,,,,,,,,,,,,,,,,,,,,,,,,,,,,,,,,,,,,,,,,,,,,,,,,,,,,,,
,,,  ,,,,,,,,,,,,,,,,,,,,,,,,,,,,,,,,,,,,,,,,,,,,,,,,,,,,,,,,
February,,,,,,,,,,,,,,,,,,,,,,,,,,,,,,,,,,,,,,,,,,,,,,,,,,,,,,,,,,,
Task,Description,3.0, Comments,4.0, Comments,5.0, Comments,6.0, Comments,7.0, Comments,10.0, Comments,11.0, Comments,12.0, Comments,13.0, Comments,13.0, Comments,14.0, Comments,15.0, Comments,16.0, Comments,17.0, Comments,18.0, Comments,19.0, Comments,20.0, Comments,21.0, Comments,22.0, Comments,23.0, Comments,24.0, Comments,25.0, Comments,26.0, Comments,27.0, Comments,28.0, Comments,29.0, Comments,30.0, Comments,31.0,,,
Visual Inspection,"Check for any signs of damage, leaks, or abnormal wear.",4.0,"There is no sign of damage,genarator perfom well",4.0,"There is no sign of damage,genarator perfom well",4.0,"There is no sign of damage,genarator perfom well",4.0,"There is no sign of damage,genarator perfom well",4.0,"There is no sign of damage,genarator perfom well",4.0,"There is no sign of damage,genarator perfom well",4.0,"There is no sign of damage,genarator perfom well",4.0,"There is no sign of damage,genarator perfom well",4.0,"There is no sign of damage,genarator perfom well",4.0,"There is no sign of damage,genarator perfom well",4.0,"There is no sign of damage,genarator perfom well",4.0,"There is no sign of damage,genarator perfom well",4.0,"There is no sign of damage,genarator perfom well",4.0,"There is no sign of damage,genarator perfom well",4.0,"There is no sign of damage,genarator perfom well",4.0,"There is no sign of damage,genarator perfom well",4.0,"There is no sign of damage,genarator perfom well",4.0,"There is no sign of damage,genarator perfom well",4.0,"There is no sign of damage,genarator perfom well",4.0,"There is no sign of damage,genarator perfom well",4.0,"There is no sign of damage,genarator perfom well",4.0,"There is no sign of damage,genarator perfom well",4.0,"There is no sign of damage,genarator perfom well",4.0,"There is no sign of damage,genarator perfom well",4.0,"There is no sign of damage,genarator perfom well",,,,,,,,
Fuel Level,Ensure an adequate fuel supply is available.,5.0,Fuel is available,5.0,Fuel is available,5.0,Fuel is available,5.0,Fuel is available,5.0,Fuel is available,5.0,Fuel is available,5.0,Fuel is available,5.0,Fuel is available,5.0,Fuel is available,5.0,Fuel is available,5.0,Fuel is available,5.0,Fuel is available,5.0,Fuel is available,5.0,Fuel is available,5.0,Fuel is available,5.0,Fuel is available,5.0,Fuel is available,5.0,Fuel is available,5.0,Fuel is available,5.0,Fuel is available,5.0,Fuel is available,5.0,Fuel is available,5.0,Fuel is available,5.0,Fuel is available,5.0,Fuel is available,,,,,,,,
Oil Level,Check oil level and top up if necessary.,4.0,Oil is available,4.0,Oil is available,4.0,Oil is available,4.0,Oil is available,4.0,Oil is available,4.0,Oil is available,4.0,Oil is available,4.0,Oil is available,4.0,Oil is available,4.0,Oil is available,4.0,Oil is available,4.0,Oil is available,4.0,Oil is available,4.0,Oil is available,4.0,Oil is available,4.0,Oil is available,4.0,Oil is available,4.0,Oil is available,4.0,Oil is available,4.0,Oil is available,4.0,Oil is available,4.0,Oil is available,4.0,Oil is available,4.0,Oil is available,4.0,Oil is available,,,,,,,,
Coolant Level,Verify coolant level and top up if needed.,4.0,Coolant level is good,4.0,Coolant level is good,4.0,Coolant level is good,4.0,Coolant level is good,4.0,Coolant level is good,4.0,Coolant level is good,4.0,Coolant level is good,4.0,Coolant level is good,4.0,Coolant level is good,4.0,Coolant level is good,4.0,Coolant level is good,4.0,Coolant level is good,4.0,Coolant level is good,4.0,Coolant level is good,4.0,Coolant level is good,4.0,Coolant level is good,4.0,Coolant level is good,4.0,Coolant level is good,4.0,Coolant level is good,4.0,Coolant level is good,4.0,Coolant level is good,4.0,Coolant level is good,4.0,Coolant level is good,4.0,Coolant level is good,4.0,Coolant level is good,,,,,,,,
Battery Charge,Check battery charge status.,3.0,Batteray is not full charged,3.0,Batteray is not full charged,3.0,Batteray is not full charged,3.0,Batteray is not full charged,3.0,Batteray is not full charged,3.0,Batteray is not full charged,3.0,Batteray is not full charged,3.0,Batteray is not full charged,3.0,Batteray is not full charged,3.0,Batteray is not full charged,3.0,Batteray is not full charged,3.0,Batteray is not full charged,3.0,Batteray is not full charged,3.0,Batteray is not full charged,3.0,Batteray is not full charged,3.0,Batteray is not full charged,3.0,Batteray is not full charged,3.0,Batteray is not full charged,3.0,Batteray is not full charged,3.0,Batteray is not full charged,3.0,Batteray is not full charged,3.0,Batteray is not full charged,3.0,Batteray is not full charged,3.0,Batteray is not full charged,3.0,Batteray is not full charged,,,,,,,,
Engine Start,Start the generator and ensure it runs smoothly.,4.0,Generator fun smmoothy,4.0,Generator fun smmoothy,4.0,Generator fun smmoothy,4.0,Generator fun smmoothy,4.0,Generator fun smmoothy,4.0,Generator fun smmoothy,4.0,Generator fun smmoothy,4.0,Generator fun smmoothy,4.0,Generator fun smmoothy,4.0,Generator fun smmoothy,4.0,Generator fun smmoothy,4.0,Generator fun smmoothy,4.0,Generator fun smmoothy,4.0,Generator fun smmoothy,4.0,Generator fun smmoothy,4.0,Generator fun smmoothy,4.0,Generator fun smmoothy,4.0,Generator fun smmoothy,4.0,Generator fun smmoothy,4.0,Generator fun smmoothy,4.0,Generator fun smmoothy,4.0,Generator fun smmoothy,4.0,Generator fun smmoothy,4.0,Generator fun smmoothy,4.0,Generator fun smmoothy,,,,,,,,
Noise Level,Check for any unusual noises during operation.,4.0,There is no unusual noises,4.0,There is no unusual noises,4.0,There is no unusual noises,4.0,There is no unusual noises,4.0,There is no unusual noises,4.0,There is no unusual noises,4.0,There is no unusual noises,4.0,There is no unusual noises,4.0,There is no unusual noises,4.0,There is no unusual noises,4.0,There is no unusual noises,4.0,There is no unusual noises,4.0,There is no unusual noises,4.0,There is no unusual noises,4.0,There is no unusual noises,4.0,There is no unusual noises,4.0,There is no unusual noises,4.0,There is no unusual noises,4.0,There is no unusual noises,4.0,There is no unusual noises,4.0,There is no unusual noises,4.0,There is no unusual noises,4.0,There is no unusual noises,4.0,There is no unusual noises,4.0,There is no unusual noises,,,,,,,,
Fuel/Water Separator,Drain any accumulated water from the fuel system.,5.0,There is no accumulated water from fuel system,5.0,There is no accumulated water from fuel system,5.0,There is no accumulated water from fuel system,5.0,There is no accumulated water from fuel system,5.0,There is no accumulated water from fuel system,5.0,There is no accumulated water from fuel system,5.0,There is no accumulated water from fuel system,5.0,There is no accumulated water from fuel system,5.0,There is no accumulated water from fuel system,5.0,There is no accumulated water from fuel system,5.0,There is no accumulated water from fuel system,5.0,There is no accumulated water from fuel system,5.0,There is no accumulated water from fuel system,5.0,There is no accumulated water from fuel system,5.0,There is no accumulated water from fuel system,5.0,There is no accumulated water from fuel system,5.0,There is no accumulated water from fuel system,5.0,There is no accumulated water from fuel system,5.0,There is no accumulated water from fuel system,5.0,There is no accumulated water from fuel system,5.0,There is no accumulated water from fuel system,5.0,There is no accumulated water from fuel system,5.0,There is no accumulated water from fuel system,5.0,There is no accumulated water from fuel system,5.0,There is no accumulated water from fuel system,,,,,,,,
Exhaust System,Inspect exhaust system for leaks or damage.,4.0,Exhaust system works properly,4.0,Exhaust system works properly,4.0,Exhaust system works properly,4.0,Exhaust system works properly,4.0,Exhaust system works properly,4.0,Exhaust system works properly,4.0,Exhaust system works properly,4.0,Exhaust system works properly,4.0,Exhaust system works properly,4.0,Exhaust system works properly,4.0,Exhaust system works properly,4.0,Exhaust system works properly,4.0,Exhaust system works properly,4.0,Exhaust system works properly,4.0,Exhaust system works properly,4.0,Exhaust system works properly,4.0,Exhaust system works properly,4.0,Exhaust system works properly,4.0,Exhaust system works properly,4.0,Exhaust system works properly,4.0,Exhaust system works properly,4.0,Exhaust system works properly,4.0,Exhaust system works properly,4.0,Exhaust system works properly,4.0,Exhaust system works properly,,,,,,,,
Electrical Connections,Check all electrical connections for tightness.,4.0,Electrical connection is in good condition,4.0,Electrical connection is in good condition,4.0,Electrical connection is in good condition,4.0,Electrical connection is in good condition,4.0,Electrical connection is in good condition,4.0,Electrical connection is in good condition,4.0,Electrical connection is in good condition,4.0,Electrical connection is in good condition,4.0,Electrical connection is in good condition,4.0,Electrical connection is in good condition,4.0,Electrical connection is in good condition,4.0,Electrical connection is in good condition,4.0,Electrical connection is in good condition,4.0,Electrical connection is in good condition,4.0,Electrical connection is in good condition,4.0,Electrical connection is in good condition,4.0,Electrical connection is in good condition,4.0,Electrical connection is in good condition,4.0,Electrical connection is in good condition,4.0,Electrical connection is in good condition,4.0,Electrical connection is in good condition,4.0,Electrical connection is in good condition,4.0,Electrical connection is in good condition,4.0,Electrical connection is in good condition,4.0,Electrical connection is in good condition,,,,,,,,
Safety Shutdowns,Ensure all safety shutdowns are operational.,5.0,Safety shutdown it works properly,5.0,Safety shutdown it works properly,5.0,Safety shutdown it works properly,5.0,Safety shutdown it works properly,5.0,Safety shutdown it works properly,5.0,Safety shutdown it works properly,5.0,Safety shutdown it works properly,5.0,Safety shutdown it works properly,5.0,Safety shutdown it works properly,5.0,Safety shutdown it works properly,5.0,Safety shutdown it works properly,5.0,Safety shutdown it works properly,5.0,Safety shutdown it works properly,5.0,Safety shutdown it works properly,5.0,Safety shutdown it works properly,5.0,Safety shutdown it works properly,5.0,Safety shutdown it works properly,5.0,Safety shutdown it works properly,5.0,Safety shutdown it works properly,5.0,Safety shutdown it works properly,5.0,Safety shutdown it works properly,5.0,Safety shutdown it works properly,5.0,Safety shutdown it works properly,5.0,Safety shutdown it works properly,5.0,Safety shutdown it works properly,,,,,,,,
Documentation,Review maintenance logs and record any actions taken.,5.0,Maintenance logs and record are taken,5.0,Maintenance logs and record are taken,5.0,Maintenance logs and record are taken,5.0,Maintenance logs and record are taken,5.0,Maintenance logs and record are taken,5.0,Maintenance logs and record are taken,5.0,Maintenance logs and record are taken,5.0,Maintenance logs and record are taken,5.0,Maintenance logs and record are taken,5.0,Maintenance logs and record are taken,5.0,Maintenance logs and record are taken,5.0,Maintenance logs and record are taken,5.0,Maintenance logs and record are taken,5.0,Maintenance logs and record are taken,5.0,Maintenance logs and record are taken,5.0,Maintenance logs and record are taken,5.0,Maintenance logs and record are taken,5.0,Maintenance logs and record are taken,5.0,Maintenance logs and record are taken,5.0,Maintenance logs and record are taken,5.0,Maintenance logs and record are taken,5.0,Maintenance logs and record are taken,5.0,Maintenance logs and record are taken,5.0,Maintenance logs and record are taken,5.0,Maintenance logs and record are taken,,,,,,,,
,,4.25,,4.25,,4.25,,4.25,,4.25,,4.25,,4.25,,4.25,,4.25,,4.25,,4.25,,4.25,,4.25,,4.25,,4.25,,4.25,,4.25,,4.25,,4.25,,4.25,,4.25,,4.25,,4.25,,4.25,,4.25,,#DIV/0!,,#DIV/0!,,#DIV/0!,,,
Checks Done,25,,,,,,,,,,,,,,,,,,,,,,,,,,,,,,,,,,,,,,,,,,,,,,,,,,,,,,,,,,
Average Rating,4.25,,,,,,,,,,,,,,,,,,,,,,,,,,,,,,,,,,,,,,,,,,,,,,,,,,,,,,,,,,
,,,,,,,,     ,,,,,,,,,,,,,,,,,,,,,,,,,,,,,,,,,,,,,,,,,,,,,,,,,,,
March,,,,,,,,,,,,,,,,,,,,,,,,,,,,,,,,,,,,,,,,,,,,,,,,,,,,,,,,,,,
,Description,3.0, Comments,4.0, Comments,5.0, Comments,6.0, Comments,7.0, Comments,10.0, Comments,11.0, Comments,12.0, Comments,13.0, Comments,13.0, Comments,14.0, Comments,15.0, Comments,16.0, Comments,17.0, Comments,18.0, Comments,19.0, Comments,20.0, Comments,21.0, Comments,22.0, Comments,23.0, Comments,24.0, Comments,25.0, Comments,26.0, Comments,27.0, Comments,28.0, Comments,29.0, Comments,30.0, Comments,31.0,,,
Visual Inspection,"Check for any signs of damage, leaks, or abnormal wear.",4.0,"There is no sign of damage,genarator perfom well",4.0,"There is no sign of damage,genarator perfom well",4.0,"There is no sign of damage,genarator perfom well",4.0,"There is no sign of damage,genarator perfom well",4.0,"There is no sign of damage,genarator perfom well",4.0,"There is no sign of damage,genarator perfom well",4.0,"There is no sign of damage,genarator perfom well",4.0,"There is no sign of damage,genarator perfom well",4.0,"There is no sign of damage,genarator perfom well",4.0,"There is no sign of damage,genarator perfom well",4.0,"There is no sign of damage,genarator perfom well",4.0,"There is no sign of damage,genarator perfom well",4.0,"There is no sign of damage,genarator perfom well",4.0,"There is no sign of damage,genarator perfom well",4.0,"There is no sign of damage,genarator perfom well",4.0,"There is no sign of damage,genarator perfom well",4.0,"There is no sign of damage,genarator perfom well",4.0,"There is no sign of damage,genarator perfom well",4.0,"There is no sign of damage,genarator perfom well",4.0,"There is no sign of damage,genarator perfom well",4.0,"There is no sign of damage,genarator perfom well",4.0,"There is no sign of damage,genarator perfom well",4.0,"There is no sign of damage,genarator perfom well",4.0,"There is no sign of damage,genarator perfom well",4.0,"There is no sign of damage,genarator perfom well",4.0,"There is no sign of damage,genarator perfom well",4.0,"There is no sign of damage,genarator perfom well",4.0,"There is no sign of damage,genarator perfom well",,
Fuel Level,Ensure an adequate fuel supply is available.,5.0,Fuel is available,5.0,Fuel is available,5.0,Fuel is available,5.0,Fuel is available,5.0,Fuel is available,5.0,Fuel is available,5.0,Fuel is available,5.0,Fuel is available,5.0,Fuel is available,5.0,Fuel is available,5.0,Fuel is available,5.0,Fuel is available,5.0,Fuel is available,5.0,Fuel is available,5.0,Fuel is available,5.0,Fuel is available,5.0,Fuel is available,5.0,Fuel is available,5.0,Fuel is available,5.0,Fuel is available,5.0,Fuel is available,5.0,Fuel is available,5.0,Fuel is available,5.0,Fuel is available,5.0,Fuel is available,5.0,Fuel is available,5.0,Fuel is available,5.0,Fuel is available,,
Oil Level,Check oil level and top up if necessary.,4.0,Oil is available,4.0,Oil is available,4.0,Oil is available,4.0,Oil is available,4.0,Oil is available,4.0,Oil is available,4.0,Oil is available,4.0,Oil is available,4.0,Oil is available,4.0,Oil is available,4.0,Oil is available,4.0,Oil is available,4.0,Oil is available,4.0,Oil is available,4.0,Oil is available,4.0,Oil is available,4.0,Oil is available,4.0,Oil is available,4.0,Oil is available,4.0,Oil is available,4.0,Oil is available,4.0,Oil is available,4.0,Oil is available,4.0,Oil is available,4.0,Oil is available,4.0,Oil is available,4.0,Oil is available,4.0,Oil is available,,
Coolant Level,Verify coolant level and top up if needed.,4.0,Coolant level is good,4.0,Coolant level is good,4.0,Coolant level is good,4.0,Coolant level is good,4.0,Coolant level is good,4.0,Coolant level is good,4.0,Coolant level is good,4.0,Coolant level is good,4.0,Coolant level is good,4.0,Coolant level is good,4.0,Coolant level is good,4.0,Coolant level is good,4.0,Coolant level is good,4.0,Coolant level is good,4.0,Coolant level is good,4.0,Coolant level is good,4.0,Coolant level is good,4.0,Coolant level is good,4.0,Coolant level is good,4.0,Coolant level is good,4.0,Coolant level is good,4.0,Coolant level is good,4.0,Coolant level is good,4.0,Coolant level is good,4.0,Coolant level is good,4.0,Coolant level is good,4.0,Coolant level is good,4.0,Coolant level is good,,
Battery Charge,Check battery charge status.,3.0,Batteray is not full charged,3.0,Batteray is not full charged,3.0,Batteray is not full charged,3.0,Batteray is not full charged,3.0,Batteray is not full charged,3.0,Batteray is not full charged,3.0,Batteray is not full charged,3.0,Batteray is not full charged,3.0,Batteray is not full charged,3.0,Batteray is not full charged,3.0,Batteray is not full charged,3.0,Batteray is not full charged,3.0,Batteray is not full charged,3.0,Batteray is not full charged,3.0,Batteray is not full charged,3.0,Batteray is not full charged,3.0,Batteray is not full charged,3.0,Batteray is not full charged,3.0,Batteray is not full charged,3.0,Batteray is not full charged,3.0,Batteray is not full charged,3.0,Batteray is not full charged,3.0,Batteray is not full charged,3.0,Batteray is not full charged,3.0,Batteray is not full charged,3.0,Batteray is not full charged,3.0,Batteray is not full charged,3.0,Batteray is not full charged,,
Engine Start,Start the generator and ensure it runs smoothly.,4.0,Generator fun smmoothy,4.0,Generator fun smmoothy,4.0,Generator fun smmoothy,4.0,Generator fun smmoothy,4.0,Generator fun smmoothy,4.0,Generator fun smmoothy,4.0,Generator fun smmoothy,4.0,Generator fun smmoothy,4.0,Generator fun smmoothy,4.0,Generator fun smmoothy,4.0,Generator fun smmoothy,4.0,Generator fun smmoothy,4.0,Generator fun smmoothy,4.0,Generator fun smmoothy,4.0,Generator fun smmoothy,4.0,Generator fun smmoothy,4.0,Generator fun smmoothy,4.0,Generator fun smmoothy,4.0,Generator fun smmoothy,4.0,Generator fun smmoothy,4.0,Generator fun smmoothy,4.0,Generator fun smmoothy,4.0,Generator fun smmoothy,4.0,Generator run smmoothy,4.0,Generator run smmoothy,4.0,Generator run smmoothy,4.0,Generator run smmoothy,4.0,Generator run smmoothy,,
Noise Level,Check for any unusual noises during operation.,4.0,There is no unusual noises,4.0,There is no unusual noises,4.0,There is no unusual noises,4.0,There is no unusual noises,4.0,There is no unusual noises,4.0,There is no unusual noises,4.0,There is no unusual noises,4.0,There is no unusual noises,4.0,There is no unusual noises,4.0,There is no unusual noises,4.0,There is no unusual noises,4.0,There is no unusual noises,4.0,There is no unusual noises,4.0,There is no unusual noises,4.0,There is no unusual noises,4.0,There is no unusual noises,4.0,There is no unusual noises,4.0,There is no unusual noises,4.0,There is no unusual noises,4.0,There is no unusual noises,4.0,There is no unusual noises,4.0,There is no unusual noises,4.0,There is no unusual noises,4.0,There is no unusual noises,4.0,There is no unusual noises,4.0,There is no unusual noises,4.0,There is no unusual noises,4.0,There is no unusual noises,,
Fuel/Water Separator,Drain any accumulated water from the fuel system.,5.0,There is no accumulated water from fuel system,5.0,There is no accumulated water from fuel system,5.0,There is no accumulated water from fuel system,5.0,There is no accumulated water from fuel system,5.0,There is no accumulated water from fuel system,5.0,There is no accumulated water from fuel system,5.0,There is no accumulated water from fuel system,5.0,There is no accumulated water from fuel system,5.0,There is no accumulated water from fuel system,5.0,There is no accumulated water from fuel system,5.0,There is no accumulated water from fuel system,5.0,There is no accumulated water from fuel system,5.0,There is no accumulated water from fuel system,5.0,There is no accumulated water from fuel system,5.0,There is no accumulated water from fuel system,5.0,There is no accumulated water from fuel system,5.0,There is no accumulated water from fuel system,5.0,There is no accumulated water from fuel system,5.0,There is no accumulated water from fuel system,5.0,There is no accumulated water from fuel system,5.0,There is no accumulated water from fuel system,5.0,There is no accumulated water from fuel system,5.0,There is no accumulated water from fuel system,5.0,There is no accumulated water from fuel system,5.0,There is no accumulated water from fuel system,5.0,There is no accumulated water from fuel system,5.0,There is no accumulated water from fuel system,5.0,There is no accumulated water from fuel system,,
Exhaust System,Inspect exhaust system for leaks or damage.,4.0,Exhaust system works properly,4.0,Exhaust system works properly,4.0,Exhaust system works properly,4.0,Exhaust system works properly,4.0,Exhaust system works properly,4.0,Exhaust system works properly,4.0,Exhaust system works properly,4.0,Exhaust system works properly,4.0,Exhaust system works properly,4.0,Exhaust system works properly,4.0,Exhaust system works properly,4.0,Exhaust system works properly,4.0,Exhaust system works properly,4.0,Exhaust system works properly,4.0,Exhaust system works properly,4.0,Exhaust system works properly,4.0,Exhaust system works properly,4.0,Exhaust system works properly,4.0,Exhaust system works properly,4.0,Exhaust system works properly,4.0,Exhaust system works properly,4.0,Exhaust system works properly,4.0,Exhaust system works properly,4.0,Exhaust system works properly,4.0,Exhaust system works properly,4.0,Exhaust system works properly,4.0,Exhaust system works properly,4.0,Exhaust system works properly,,
Electrical Connections,Check all electrical connections for tightness.,4.0,Electrical connection is in good condition,4.0,Electrical connection is in good condition,4.0,Electrical connection is in good condition,4.0,Electrical connection is in good condition,4.0,Electrical connection is in good condition,4.0,Electrical connection is in good condition,4.0,Electrical connection is in good condition,4.0,Electrical connection is in good condition,4.0,Electrical connection is in good condition,4.0,Electrical connection is in good condition,4.0,Electrical connection is in good condition,4.0,Electrical connection is in good condition,4.0,Electrical connection is in good condition,4.0,Electrical connection is in good condition,4.0,Electrical connection is in good condition,4.0,Electrical connection is in good condition,4.0,Electrical connection is in good condition,4.0,Electrical connection is in good condition,4.0,Electrical connection is in good condition,4.0,Electrical connection is in good condition,4.0,Electrical connection is in good condition,4.0,Electrical connection is in good condition,4.0,Electrical connection is in good condition,4.0,Electrical connection is in good condition,4.0,Electrical connection is in good condition,4.0,Electrical connection is in good condition,4.0,Electrical connection is in good condition,4.0,Electrical connection is in good condition,,
Safety Shutdowns,Ensure all safety shutdowns are operational.,5.0,Safety shutdown it works properly,5.0,Safety shutdown it works properly,5.0,Safety shutdown it works properly,5.0,Safety shutdown it works properly,5.0,Safety shutdown it works properly,5.0,Safety shutdown it works properly,5.0,Safety shutdown it works properly,5.0,Safety shutdown it works properly,5.0,Safety shutdown it works properly,5.0,Safety shutdown it works properly,5.0,Safety shutdown it works properly,5.0,Safety shutdown it works properly,5.0,Safety shutdown it works properly,5.0,Safety shutdown it works properly,5.0,Safety shutdown it works properly,5.0,Safety shutdown it works properly,5.0,Safety shutdown it works properly,5.0,Safety shutdown it works properly,5.0,Safety shutdown it works properly,5.0,Safety shutdown it works properly,5.0,Safety shutdown it works properly,5.0,Safety shutdown it works properly,5.0,Safety shutdown it works properly,5.0,Safety shutdown it works properly,5.0,Safety shutdown it works properly,5.0,Safety shutdown it works properly,5.0,Safety shutdown it works properly,5.0,Safety shutdown it works properly,,
Documentation,Review maintenance logs and record any actions taken.,5.0,Maintenance logs and record are taken,5.0,Maintenance logs and record are taken,5.0,Maintenance logs and record are taken,5.0,Maintenance logs and record are taken,5.0,Maintenance logs and record are taken,5.0,Maintenance logs and record are taken,5.0,Maintenance logs and record are taken,5.0,Maintenance logs and record are taken,5.0,Maintenance logs and record are taken,5.0,Maintenance logs and record are taken,5.0,Maintenance logs and record are taken,5.0,Maintenance logs and record are taken,5.0,Maintenance logs and record are taken,5.0,Maintenance logs and record are taken,5.0,Maintenance logs and record are taken,5.0,Maintenance logs and record are taken,5.0,Maintenance logs and record are taken,5.0,Maintenance logs and record are taken,5.0,Maintenance logs and record are taken,5.0,Maintenance logs and record are taken,5.0,Maintenance logs and record are taken,5.0,Maintenance logs and record are taken,5.0,Maintenance logs and record are taken,5.0,Maintenance logs and record are taken,5.0,Maintenance logs and record are taken,5.0,Maintenance logs and record are taken,5.0,Maintenance logs and record are taken,5.0,Maintenance logs and record are taken,,
,,4.25,,4.25,,4.25,,4.25,,4.25,,4.25,,4.25,,4.25,,4.25,,4.25,,4.25,,4.25,,4.25,,4.25,,4.25,,4.25,,4.25,,4.25,,4.25,,4.25,,4.25,,4.25,,4.25,,4.25,,4.25,,4.25,,4.25,,4.25,,,
Checks Done,28,,,,,,,,,,,,,,,,,,,,,,,,,,,,,,,,,,,,,,,,,,,,,,,,,,,,,,,,,,
Average Rating,4.25,,,,,,,,,,,,,,,,,,,,,,,,,,,,,,,,,,,,,,,,,,,,,,,,,,,,,,,,,,
,,,,,,,,,,,,,,,,,,,,,,,,,,,,,,,,,,,,,,,,,,,,,,,,,,,,,,,,,,,
,,,,,,,,,,,,,,,,,,,,,,,,,,,,,,,,,,,,,,,,,,,,,,,,,,,,,,,,,,,
April,,,,,,,,,,,,,,,,,,,,,,,,,,,,,,,,,,,,,,,,,,,,,,,,,,,,,,,,,,,
,Description,1.0, Comments,2.0, Comments,3.0, Comments,4.0, Comments,5.0, Comments,6.0, Comments,7.0, Comments,8.0, Comments,9.0, Comments,10.0, Comments,11.0, Comments,12.0, Comments,13.0, Comments,14.0, Comments,15.0, Comments,16.0, Comments,17.0, Comments,18.0, Comments,19.0, Comments,20.0, Comments,21.0, Comments,22.0, Comments,23.0, Comments,24.0, Comments,25.0, Comments,26.0, Comments,27.0, Comments,28.0,,comments,29.0
Visual Inspection,"Check for any signs of damage, leaks, or abnormal wear.",4.0,"There is no sign of damage,genarator perfom well",4.0,"There is no sign of damage,genarator perfom well",4.0,"There is no sign of damage,genarator perfom well",4.0,"There is no sign of damage,genarator perfom well",4.0,"There is no sign of damage,genarator perfom well",4.0,"There is no sign of damage,genarator perfom well",4.0,"There is no sign of damage,genarator perfom well",4.0,"There is no sign of damage,genarator perfom well",4.0,"There is no sign of damage,genarator perfom well",4.0,"There is no sign of damage,genarator perfom well",4.0,"There is no sign of damage,genarator perfom well",4.0,"There is no sign of damage,genarator perfom well",4.0,"There is no sign of damage,genarator perfom well",4.0,"There is no sign of damage,genarator perfom well",4.0,"There is no sign of damage,genarator perfom well",4.0,"There is no sign of damage,genarator perfom well",4.0,"There is no sign of damage,genarator perfom well",4.0,"There is no sign of damage,genarator perfom well",4.0,"There is no sign of damage,genarator perfom well",4.0,"There is no sign of damage,genarator perfom well",4.0,"There is no sign of damage,genarator perfom well",4.0,"There is no sign of damage,genarator perfom well",4.0,"There is no sign of damage,genarator perfom well",4.0,"There is no sign of damage,genarator perfom well",,,,,,,,,,
Fuel level,Ensure an adequate fuel supply is available.,5.0,Fuel is available,5.0,Fuel is available,5.0,Fuel is available,5.0,Fuel is available,5.0,Fuel is available,5.0,Fuel is available,5.0,Fuel is available,5.0,Fuel is available,5.0,Fuel is available,5.0,Fuel is available,5.0,Fuel is available,5.0,Fuel is available,5.0,Fuel is available,5.0,Fuel is available,5.0,Fuel is available,5.0,Fuel is available,5.0,Fuel is available,5.0,Fuel is available,5.0,Fuel is available,5.0,Fuel is available,5.0,Fuel is available,5.0,Fuel is available,5.0,Fuel is available,5.0,Fuel is available,,,,,,,,,,
Oil level,Check oil level and top up if necessary.,4.0,Oil is available,4.0,Oil is available,4.0,Oil is available,4.0,Oil is available,4.0,Oil is available,4.0,Oil is available,4.0,Oil is available,4.0,Oil is available,4.0,Oil is available,4.0,Oil is available,4.0,Oil is available,4.0,Oil is available,4.0,Oil is available,4.0,Oil is available,4.0,Oil is available,4.0,Oil is available,4.0,Oil is available,4.0,Oil is available,4.0,Oil is available,4.0,Oil is available,4.0,Oil is available,4.0,Oil is available,4.0,Oil is available,4.0,Oil is available,,,,,,,,,,
Coolant level,Verify coolant level and top up if needed.,4.0,Coolant level is good,4.0,Coolant level is good,4.0,Coolant level is good,4.0,Coolant level is good,4.0,Coolant level is good,4.0,Coolant level is good,4.0,Coolant level is good,4.0,Coolant level is good,4.0,Coolant level is good,4.0,Coolant level is good,4.0,Coolant level is good,4.0,Coolant level is good,4.0,Coolant level is good,4.0,Coolant level is good,4.0,Coolant level is good,4.0,Coolant level is good,4.0,Coolant level is good,4.0,Coolant level is good,4.0,Coolant level is good,4.0,Coolant level is good,4.0,Coolant level is good,4.0,Coolant level is good,4.0,Coolant level is good,4.0,Coolant level is good,,,,,,,,,,
Battery charge,Check battery charge status.,3.0,Batteray is not full charged,3.0,Batteray is not full charged,3.0,Batteray is not full charged,3.0,Batteray is not full charged,3.0,Batteray is not full charged,3.0,Batteray is not full charged,3.0,Batteray is not full charged,3.0,Batteray is not full charged,3.0,Batteray is not full charged,3.0,Batteray is not full charged,3.0,Batteray is not full charged,3.0,Batteray is not full charged,3.0,Batteray is not full charged,3.0,Batteray is not full charged,3.0,Batteray is not full charged,3.0,Batteray is not full charged,3.0,Batteray is not full charged,3.0,Batteray is not full charged,3.0,Batteray is not full charged,3.0,Batteray is not full charged,3.0,Batteray is not full charged,3.0,Batteray is not full charged,3.0,Batteray is not full charged,3.0,Batteray is not full charged,,,,,,,,,,
Engine start,Start the generator and ensure it runs smoothly.,4.0,Generator run smmoothy,4.0,Generator run smmoothy,4.0,Generator run smmoothy,4.0,Generator run smmoothy,4.0,Generator run smmoothy,4.0,Generator run smmoothy,4.0,Generator run smmoothy,4.0,Generator run smmoothy,4.0,Generator run smmoothy,4.0,Generator run smmoothy,4.0,Generator run smmoothy,4.0,Generator run smmoothy,4.0,Generator run smmoothy,4.0,Generator run smmoothy,4.0,Generator run smmoothy,4.0,Generator run smmoothy,4.0,Generator run smmoothy,4.0,Generator run smmoothy,4.0,Generator run smmoothy,4.0,Generator run smmoothy,4.0,Generator run smmoothy,4.0,Generator run smmoothy,4.0,Generator run smmoothy,4.0,Generator run smmoothy,,,,,,,,,,
Noise level,Check for any unusual noises during operation.,4.0,There is no unusual noises,4.0,There is no unusual noises,4.0,There is no unusual noises,4.0,There is no unusual noises,4.0,There is no unusual noises,4.0,There is no unusual noises,4.0,There is no unusual noises,4.0,There is no unusual noises,4.0,There is no unusual noises,4.0,There is no unusual noises,4.0,There is no unusual noises,4.0,There is no unusual noises,4.0,There is no unusual noises,4.0,There is no unusual noises,4.0,There is no unusual noises,4.0,There is no unusual noises,4.0,There is no unusual noises,4.0,There is no unusual noises,4.0,There is no unusual noises,4.0,There is no unusual noises,4.0,There is no unusual noises,4.0,There is no unusual noises,4.0,There is no unusual noises,4.0,There is no unusual noises,,,,,,,,,,
Fuel/Water separation,Drain any accumulated water from the fuel system.,5.0,There is no accumulated water from fuel system,5.0,There is no accumulated water from fuel system,5.0,There is no accumulated water from fuel system,5.0,There is no accumulated water from fuel system,5.0,There is no accumulated water from fuel system,5.0,There is no accumulated water from fuel system,5.0,There is no accumulated water from fuel system,5.0,There is no accumulated water from fuel system,5.0,There is no accumulated water from fuel system,5.0,There is no accumulated water from fuel system,5.0,There is no accumulated water from fuel system,5.0,There is no accumulated water from fuel system,5.0,There is no accumulated water from fuel system,5.0,There is no accumulated water from fuel system,5.0,There is no accumulated water from fuel system,5.0,There is no accumulated water from fuel system,5.0,There is no accumulated water from fuel system,5.0,There is no accumulated water from fuel system,5.0,There is no accumulated water from fuel system,5.0,There is no accumulated water from fuel system,5.0,There is no accumulated water from fuel system,5.0,There is no accumulated water from fuel system,5.0,There is no accumulated water from fuel system,5.0,There is no accumulated water from fuel system,,,,,,,,,,
Exhaust system,Inspect exhaust system for leaks or damage.,4.0,Exhaust system works properly,4.0,Exhaust system works properly,4.0,Exhaust system works properly,4.0,Exhaust system works properly,4.0,Exhaust system works properly,4.0,Exhaust system works properly,4.0,Exhaust system works properly,4.0,Exhaust system works properly,4.0,Exhaust system works properly,4.0,Exhaust system works properly,4.0,Exhaust system works properly,4.0,Exhaust system works properly,4.0,Exhaust system works properly,4.0,Exhaust system works properly,4.0,Exhaust system works properly,4.0,Exhaust system works properly,4.0,Exhaust system works properly,4.0,Exhaust system works properly,4.0,Exhaust system works properly,4.0,Exhaust system works properly,4.0,Exhaust system works properly,4.0,Exhaust system works properly,4.0,Exhaust system works properly,4.0,Exhaust system works properly,,,,,,,,,,
Electrical connection,Check all electrical connections for tightness.,4.0,Electrical connection is in good condition,4.0,Electrical connection is in good condition,4.0,Electrical connection is in good condition,4.0,Electrical connection is in good condition,4.0,Electrical connection is in good condition,4.0,Electrical connection is in good condition,4.0,Electrical connection is in good condition,4.0,Electrical connection is in good condition,4.0,Electrical connection is in good condition,4.0,Electrical connection is in good condition,4.0,Electrical connection is in good condition,4.0,Electrical connection is in good condition,4.0,Electrical connection is in good condition,4.0,Electrical connection is in good condition,4.0,Electrical connection is in good condition,4.0,Electrical connection is in good condition,4.0,Electrical connection is in good condition,4.0,Electrical connection is in good condition,4.0,Electrical connection is in good condition,4.0,Electrical connection is in good condition,4.0,Electrical connection is in good condition,4.0,Electrical connection is in good condition,4.0,Electrical connection is in good condition,4.0,Electrical connection is in good condition,,,,,,,,,,
Safety shurtdown,Ensure all safety shutdowns are operational.,5.0,Safety shutdown it works properly,5.0,Safety shutdown it works properly,5.0,Safety shutdown it works properly,5.0,Safety shutdown it works properly,5.0,Safety shutdown it works properly,5.0,Safety shutdown it works properly,5.0,Safety shutdown it works properly,5.0,Safety shutdown it works properly,5.0,Safety shutdown it works properly,5.0,Safety shutdown it works properly,5.0,Safety shutdown it works properly,5.0,Safety shutdown it works properly,5.0,Safety shutdown it works properly,5.0,Safety shutdown it works properly,5.0,Safety shutdown it works properly,5.0,Safety shutdown it works properly,5.0,Safety shutdown it works properly,5.0,Safety shutdown it works properly,5.0,Safety shutdown it works properly,5.0,Safety shutdown it works properly,5.0,Safety shutdown it works properly,5.0,Safety shutdown it works properly,5.0,Safety shutdown it works properly,5.0,Safety shutdown it works properly,,,,,,,,,,
Documantation,Review maintenance logs and record any actions taken.,5.0,Maintenance logs and record are taken,5.0,Maintenance logs and record are taken,5.0,Maintenance logs and record are taken,5.0,Maintenance logs and record are taken,5.0,Maintenance logs and record are taken,5.0,Maintenance logs and record are taken,5.0,Maintenance logs and record are taken,5.0,Maintenance logs and record are taken,5.0,Maintenance logs and record are taken,5.0,Maintenance logs and record are taken,5.0,Maintenance logs and record are taken,5.0,Maintenance logs and record are taken,5.0,Maintenance logs and record are taken,5.0,Maintenance logs and record are taken,5.0,Maintenance logs and record are taken,5.0,Maintenance logs and record are taken,5.0,Maintenance logs and record are taken,5.0,Maintenance logs and record are taken,5.0,Maintenance logs and record are taken,5.0,Maintenance logs and record are taken,5.0,Maintenance logs and record are taken,5.0,Maintenance logs and record are taken,5.0,Maintenance logs and record are taken,5.0,Maintenance logs and record are taken,,,,,,,,,,
,,4.25,,4.25,,4.25,,4.25,,4.25,,4.25,,4.25,,4.25,,4.25,,4.25,,4.25,,,,,,,,,,,,,,,,,,,,,,4.25,,4.25,,4.25,,#DIV/0!,,#DIV/0!,,#DIV/0!,,#DIV/0!,,#DIV/0!,
Checks Done,24,,,,,,,,,,,,,,,,,,,,,,,,,,,,,,,,,,,,,,,,,,,,,,,,,,,,,,,,,,
Average Rating,#DIV/0!,,,,,,,,,,,,,,,,,,,,,,,,,,,,,,,,,,,,,,,,,,,,,,,,,,,,,,,,,,
,,,,,,,,,,,,,,,,,,,,,,,,,,,,,,,,,,,,,,,,,,,,,,,,,,,,,,,,,,,
May,,,,,,,,,,,,,,,,,,,,,,,,,,,,,,,,,,,,,,,,,,,,,,,,,,,,,,,,,,,
,Description,1.0,Comments ,2.0,Comments,3.0,Comments,4.0,Comments,5.0,Comments,6.0,Comments,7.0,Comments,8.0,Comments,9.0,Comments,10.0,Comments,11.0,Comments,12.0,Comments,13.0,Comments,14.0,Comments,15.0,Comments,16.0,Comments,17.0,Comments,18.0,Comments,19.0,Comments,20.0,Comments,21.0,Comments,22.0,Comments,23.0,Comments,24.0,Comments,25.0,Comments,26.0,Comments,27.0,Comments,28.0,Comments,29.0,Comments
Visual Inspection,"Check for any signs of damage, leaks, or abnormal wear.",4.0,"There is no sign of damage,genarator perfom well",4.0,"There is no sign of damage,genarator perfom well",4.0,"There is no sign of damage,genarator perfom well",4.0,"There is no sign of damage,genarator perfom well",4.0,"There is no sign of damage,genarator perfom well",4.0,"There is no sign of damage,genarator perfom well",4.0,"There is no sign of damage,genarator perfom well",4.0,"There is no sign of damage,genarator perfom well",4.0,"There is no sign of damage,genarator perfom well",4.0,"There is no sign of damage,genarator perfom well",4.0,"There is no sign of damage,genarator perfom well",4.0,"There is no sign of damage,genarator perfom well",4.0,"There is no sign of damage,genarator perfom well",4.0,"There is no sign of damage,genarator perfom well",4.0,"There is no sign of damage,genarator perfom well",4.0,"There is no sign of damage,genarator perfom well",4.0,"There is no sign of damage,genarator perfom well",4.0,"There is no sign of damage,genarator perfom well",4.0,"There is no sign of damage,genarator perfom well",4.0,"There is no sign of damage,genarator perfom well",4.0,"There is no sign of damage,genarator perfom well",4.0,"There is no sign of damage,genarator perfom well",4.0,"There is no sign of damage,genarator perfom well",4.0,"There is no sign of damage,genarator perfom well",4.0,"There is no sign of damage,genarator perfom well",,,,,,,,
Fuel level,Ensure an adequate fuel supply is available.,5.0,Fuel is available,5.0,Fuel is available,5.0,Fuel is available,5.0,Fuel is available,5.0,Fuel is available,5.0,Fuel is available,5.0,Fuel is available,5.0,Fuel is available,5.0,Fuel is available,5.0,Fuel is available,5.0,Fuel is available,5.0,Fuel is available,5.0,Fuel is available,5.0,Fuel is available,5.0,Fuel is available,5.0,Fuel is available,5.0,Fuel is available,5.0,Fuel is available,5.0,Fuel is available,5.0,Fuel is available,5.0,Fuel is available,5.0,Fuel is available,5.0,Fuel is available,5.0,Fuel is available,5.0,Fuel is available,,,,,,,,
Oil Level,Check oil level and top up if necessary.,4.0,Oil is available,4.0,Oil is available,4.0,Oil is available,4.0,Oil is available,4.0,Oil is available,4.0,Oil is available,4.0,Oil is available,4.0,Oil is available,4.0,Oil is available,4.0,Oil is available,4.0,Oil is available,4.0,Oil is available,4.0,Oil is available,4.0,Oil is available,4.0,Oil is available,4.0,Oil is available,4.0,Oil is available,4.0,Oil is available,4.0,Oil is available,4.0,Oil is available,4.0,Oil is available,4.0,Oil is available,4.0,Oil is available,4.0,Oil is available,4.0,Oil is available,,,,,,,,
Coolant Level,Verify coolant level and top up if needed.,4.0,Coolant level is good,4.0,Coolant level is good,4.0,Coolant level is good,4.0,Coolant level is good,4.0,Coolant level is good,4.0,Coolant level is good,4.0,Coolant level is good,4.0,Coolant level is good,4.0,Coolant level is good,4.0,Coolant level is good,4.0,Coolant level is good,4.0,Coolant level is good,4.0,Coolant level is good,4.0,Coolant level is good,4.0,Coolant level is good,4.0,Coolant level is good,4.0,Coolant level is good,4.0,Coolant level is good,4.0,Coolant level is good,4.0,Coolant level is good,4.0,Coolant level is good,4.0,Coolant level is good,4.0,Coolant level is good,4.0,Coolant level is good,4.0,Coolant level is good,,,,,,,,
Battery Charge,Check battery charge status.,3.0,Batteray is not full charged,3.0,Batteray is not full charged,3.0,Batteray is not full charged,3.0,Batteray is not full charged,3.0,Batteray is not full charged,3.0,Batteray is not full charged,3.0,Batteray is not full charged,3.0,Batteray is not full charged,3.0,Batteray is not full charged,3.0,Batteray is not full charged,3.0,Batteray is not full charged,3.0,Batteray is not full charged,3.0,Batteray is not full charged,3.0,Batteray is not full charged,3.0,Batteray is  full charged,3.0,Batteray is  full charged,3.0,Batteray is  full charged,3.0,Batteray is not full charged,3.0,Batteray is full charged,3.0,Batteray is  full charged,3.0,Batteray is full charged,3.0,Batteray is  full charged,3.0,Batteray is  full charged,3.0,Batteray is  full charged,3.0,Batteray is  full charged,,,,,,,,
Engine Start,Start the generator and ensure it runs smoothly.,4.0,Generator run smmoothy,4.0,Generator run smmoothy,4.0,Generator run smmoothy,4.0,Generator run smmoothy,4.0,Generator run smmoothy,4.0,Generator run smmoothy,4.0,Generator run smmoothy,4.0,Generator run smmoothy,4.0,Generator run smmoothy,4.0,Generator run smmoothy,4.0,Generator run smmoothy,4.0,Generator run smmoothy,4.0,Generator run smmoothy,4.0,Generator run smmoothy,4.0,Generator run smmoothy,4.0,Generator run smmoothy,4.0,Generator run smmoothy,4.0,Generator run smmoothy,4.0,Generator run smmoothy,4.0,Generator run smmoothy,4.0,Generator run smmoothy,4.0,Generator run smmoothy,4.0,Generator run smmoothy,4.0,Generator run smmoothy,4.0,Generator run smmoothy,,,,,,,,
Noise Level,Check for any unusual noises during operation.,4.0,There is no unusual noises,4.0,There is no unusual noises,4.0,There is no unusual noises,4.0,There is no unusual noises,4.0,There is no unusual noises,4.0,There is no unusual noises,4.0,There is no unusual noises,4.0,There is no unusual noises,4.0,There is no unusual noises,4.0,There is no unusual noises,4.0,There is no unusual noises,4.0,There is no unusual noises,4.0,There is no unusual noises,4.0,There is no unusual noises,4.0,There is no unusual noises,4.0,There is no unusual noises,4.0,There is no unusual noises,4.0,There is no unusual noises,4.0,There is no unusual noises,4.0,There is no unusual noises,4.0,There is no unusual noises,4.0,There is no unusual noises,4.0,There is no unusual noises,4.0,There is no unusual noises,4.0,There is no unusual noises,,,,,,,,
Fuel/Water Separation,Drain any accumulated water from the fuel system.,5.0,There is no accumulated water from fuel system,5.0,There is no accumulated water from fuel system,5.0,There is no accumulated water from fuel system,5.0,There is no accumulated water from fuel system,5.0,There is no accumulated water from fuel system,5.0,There is no accumulated water from fuel system,5.0,There is no accumulated water from fuel system,5.0,There is no accumulated water from fuel system,5.0,There is no accumulated water from fuel system,5.0,There is no accumulated water from fuel system,5.0,There is no accumulated water from fuel system,5.0,There is no accumulated water from fuel system,5.0,There is no accumulated water from fuel system,5.0,There is no accumulated water from fuel system,5.0,There is no accumulated water from fuel system,5.0,There is no accumulated water from fuel system,5.0,There is no accumulated water from fuel system,5.0,There is no accumulated water from fuel system,5.0,There is no accumulated water from fuel system,5.0,There is no accumulated water from fuel system,5.0,There is no accumulated water from fuel system,5.0,There is no accumulated water from fuel system,5.0,There is no accumulated water from fuel system,5.0,There is no accumulated water from fuel system,5.0,There is no accumulated water from fuel system,,,,,,,,
Exhaust system,Inspect exhaust system for leaks or damage.,4.0,Exhaust system works properly,4.0,Exhaust system works properly,4.0,Exhaust system works properly,4.0,Exhaust system works properly,4.0,Exhaust system works properly,4.0,Exhaust system works properly,4.0,Exhaust system works properly,4.0,Exhaust system works properly,4.0,Exhaust system works properly,4.0,Exhaust system works properly,4.0,Exhaust system works properly,4.0,Exhaust system works properly,4.0,Exhaust system works properly,4.0,Exhaust system works properly,4.0,Exhaust system works properly,4.0,Exhaust system works properly,4.0,Exhaust system works properly,4.0,Exhaust system works properly,4.0,Exhaust system works properly,4.0,Exhaust system works properly,4.0,Exhaust system works properly,4.0,Exhaust system works properly,4.0,Exhaust system works properly,4.0,Exhaust system works properly,4.0,Exhaust system works properly,,,,,,,,
Electrical Connection,Check all electrical connections for tightness.,4.0,Electrical connection is in good condition,4.0,Electrical connection is in good condition,4.0,Electrical connection is in good condition,4.0,Electrical connection is in good condition,4.0,Electrical connection is in good condition,4.0,Electrical connection is in good condition,4.0,Electrical connection is in good condition,4.0,Electrical connection is in good condition,4.0,Electrical connection is in good condition,4.0,Electrical connection is in good condition,4.0,Electrical connection is in good condition,4.0,Electrical connection is in good condition,4.0,Electrical connection is in good condition,4.0,Electrical connection is in good condition,4.0,Electrical connection is in good condition,4.0,Electrical connection is in good condition,4.0,Electrical connection is in good condition,4.0,Electrical connection is in good condition,4.0,Electrical connection is in good condition,4.0,Electrical connection is in good condition,4.0,Electrical connection is in good condition,4.0,Electrical connection is in good condition,4.0,Electrical connection is in good condition,4.0,Electrical connection is in good condition,4.0,Electrical connection is in good condition,,,,,,,,
Safety Shurtdown,Ensure all safety shutdowns are operational.,5.0,Safety shutdown it works properly,5.0,Safety shutdown it works properly,5.0,Safety shutdown it works properly,5.0,Safety shutdown it works properly,5.0,Safety shutdown it works properly,5.0,Safety shutdown it works properly,5.0,Safety shutdown it works properly,5.0,Safety shutdown it works properly,5.0,Safety shutdown it works properly,5.0,Safety shutdown it works properly,5.0,Safety shutdown it works properly,5.0,Safety shutdown it works properly,5.0,Safety shutdown it works properly,5.0,Safety shutdown it works properly,5.0,Safety shutdown it works properly,5.0,Safety shutdown it works properly,5.0,Safety shutdown it works properly,5.0,Safety shutdown it works properly,5.0,Safety shutdown it works properly,5.0,Safety shutdown it works properly,5.0,Safety shutdown it works properly,5.0,Safety shutdown it works properly,5.0,Safety shutdown it works properly,5.0,Safety shutdown it works properly,5.0,Safety shutdown it works properly,,,,,,,,
Documantetion,Review maintenance logs and record any actions taken.,5.0,Maintenance logs and record are taken,5.0,Maintenance logs and record are taken,5.0,Maintenance logs and record are taken,5.0,Maintenance logs and record are taken,5.0,Maintenance logs and record are taken,5.0,Maintenance logs and record are taken,5.0,Maintenance logs and record are taken,5.0,Maintenance logs and record are taken,5.0,Maintenance logs and record are taken,5.0,Maintenance logs and record are taken,5.0,Maintenance logs and record are taken,5.0,Maintenance logs and record are taken,5.0,Maintenance logs and record are taken,5.0,Maintenance logs and record are taken,5.0,Maintenance logs and record are taken,5.0,Maintenance logs and record are taken,5.0,Maintenance logs and record are taken,5.0,Maintenance logs and record are taken,5.0,Maintenance logs and record are taken,5.0,Maintenance logs and record are taken,5.0,Maintenance logs and record are taken,5.0,Maintenance logs and record are taken,5.0,Maintenance logs and record are taken,5.0,Maintenance logs and record are taken,5.0,Maintenance logs and record are taken,,,,,,,,
,,,,,,,,,,,,,,,,,,,,,,,,,,,,,,,,,,,,,,,,,,,,,,,,,,,,,,,,,,,
Checks Done,25,,,,,,,,,,,,,,,,,,,,,,,,,,,,,,,,,,,,,,,,,,,,,,,,,,,,,,,,,,
Average Rating,#DIV/0!,,,,,,,,,,,,,,,,,,,,,,,,,,,,,,,,,,,,,,,,,,,,,,,,,,,,,,,,,,
,,,,,,,,,,,,,,,,,,,,,,,,,,,,,,,,,,,,,,,,,,,,,,,,,,,,,,,,,,,
June,,,,,,,,,,,,,,,,,,,,,,,,,,,,,,,,,,,,,,,,,,,,,,,,,,,,,,,,,,,
,Description,1.0,,2.0,,3.0,,4.0,,5.0,,6.0,,7.0,,8.0,,9.0,,10.0,,11.0,,12.0,,13.0,,14.0,,15.0,,16.0,,17.0,,18.0,,19.0,,20.0,,21.0,,22.0,,23.0,,24.0,,25.0,,26.0,,27.0,,28.0,,29.0,
Visual Inspection,"Check for any signs of damage, leaks, or abnormal wear.",4.0,"There is no sign of damage,genarator perfom well",4.0,"There is no sign of damage,genarator perfom well",4.0,"There is no sign of damage,genarator perfom well",,,,,,,,,,,,,,,,,,,,,,,,,,,,,,,,,,,,,,,,,,,,,,,,,,,,
Fuel Level,Ensure an adequate fuel supply is available.,5.0,Fuel is available,5.0,Fuel is available,5.0,Fuel is available,,,,,,,,,,,,,,,,,,,,,,,,,,,,,,,,,,,,,,,,,,,,,,,,,,,,
Oil Level,Check oil level and top up if necessary.,4.0,Oil is available,4.0,Oil is available,4.0,Oil is available,,,,,,,,,,,,,,,,,,,,,,,,,,,,,,,,,,,,,,,,,,,,,,,,,,,,
Coolant Level,Verify coolant level and top up if needed.,4.0,Coolant level is good,4.0,Coolant level is good,4.0,Coolant level is good,,,,,,,,,,,,,,,,,,,,,,,,,,,,,,,,,,,,,,,,,,,,,,,,,,,,
Battery Charge,Check battery charge status.,3.0,Batteray is not full charged,3.0,Batteray is not full charged,3.0,Batteray is not full charged,,,,,,,,,,,,,,,,,,,,,,,,,,,,,,,,,,,,,,,,,,,,,,,,,,,,
Engine Start,Start the generator and ensure it runs smoothly.,4.0,Generator run smmoothy,4.0,Generator run smmoothy,4.0,Generator run smmoothy,,,,,,,,,,,,,,,,,,,,,,,,,,,,,,,,,,,,,,,,,,,,,,,,,,,,
Noise Level,Check for any unusual noises during operation.,4.0,There is no unusual noises,4.0,There is no unusual noises,4.0,There is no unusual noises,,,,,,,,,,,,,,,,,,,,,,,,,,,,,,,,,,,,,,,,,,,,,,,,,,,,
Fuel/Water Separation,Drain any accumulated water from the fuel system.,5.0,There is no accumulated water from fuel system,5.0,There is no accumulated water from fuel system,5.0,There is no accumulated water from fuel system,,,,,,,,,,,,,,,,,,,,,,,,,,,,,,,,,,,,,,,,,,,,,,,,,,,,
Exhaust System,Inspect exhaust system for leaks or damage.,4.0,Exhaust system works properly,4.0,Exhaust system works properly,4.0,Exhaust system works properly,,,,,,,,,,,,,,,,,,,,,,,,,,,,,,,,,,,,,,,,,,,,,,,,,,,,
Electrical Connections,Check all electrical connections for tightness.,4.0,Electrical connection is in good condition,4.0,Electrical connection is in good condition,4.0,Electrical connection is in good condition,,,,,,,,,,,,,,,,,,,,,,,,,,,,,,,,,,,,,,,,,,,,,,,,,,,,
Safety Shutdown,Ensure all safety shutdowns are operational.,5.0,Safety shutdown it works properly,5.0,Safety shutdown it works properly,5.0,Safety shutdown it works properly,,,,,,,,,,,,,,,,,,,,,,,,,,,,,,,,,,,,,,,,,,,,,,,,,,,,
Documentation,Review maintenance logs and record any actions taken.,5.0,Maintenance logs and record are taken,5.0,Maintenance logs and record are taken,5.0,Maintenance logs and record are taken,,,,,,,,,,,,,,,,,,,,,,,,,,,,,,,,,,,,,,,,,,,,,,,,,,,,
,,4.25,,4.25,,4.25,,#DIV/0!,,#DIV/0!,,,,,,,,,,,,,,,,,,,,,,,,,,,,,,,,,,,,,,,,,,,,,,,,,
Checks Done,3,,,,,,,,,,,,,,,,,,,,,,,,,,,,,,,,,,,,,,,,,,,,,,,,,,,,,,,,,,
Average Rating,#DIV/0!,,,,,,,,,,,,,,,,,,,,,,,,,,,,,,,,,,,,,,,,,,,,,,,,,,,,,,,,,,
,,,,,,,,,,,,,,,,,,,,,,,,,,,,,,,,,,,,,,,,,,,,,,,,,,,,,,,,,,,
July,,,,,,,,,,,,,,,,,,,,,,,,,,,,,,,,,,,,,,,,,,,,,,,,,,,,,,,,,,,
,Description,1.0,Comment,2.0,Comment,3.0,Comment,4.0,Comment,5.0,Comment,6.0,Comment,7.0,Comment,8.0,Comment,9.0,Comment,10.0,Comment,11.0,Comment,12.0,Comment,13.0,Comment,14.0,Comment ,15.0,Comment ,16.0,Comment ,17.0,Comment ,18.0,Comment ,19.0,Comment ,20.0,Comment ,21.0,Comment ,22.0,Comment ,23.0,Comment ,24.0,Comment ,25.0,,26.0,Comment ,27.0,Comment ,28.0,Comment ,29.0,Comment 
Visual Inspection,"Check for any signs of damage, leaks, or abnormal wear.",4.0,"There is no sign of damage,genarator perfom well",4.0,"There is no sign of damage,genarator perfom well",4.0,"There is no sign of damage,genarator perfom well",4.0,"There is no sign of damage,genarator perfom well",4.0,"There is no sign of damage,genarator perfom well",4.0,"There is no sign of damage,genarator perfom well",4.0,"There is no sign of damage,genarator perfom well",4.0,"There is no sign of damage,genarator perfom well",4.0,"There is no sign of damage,genarator perfom well",4.0,"There is no sign of damage,genarator perfom well",4.0,"There is no sign of damage,genarator perfom well",4.0,"There is no sign of damage,genarator perfom well",4.0,"There is no sign of damage,genarator perfom well",4.0,"There is no sign of damage,genarator perfom well",4.0,"There is no sign of damage,genarator perfom well",4.0,"There is no sign of damage,genarator perfom well",4.0,"There is no sign of damage,genarator perfom well",4.0,"There is no sign of damage,genarator perfom well",4.0,"There is no sign of damage,genarator perfom well",4.0,"There is no sign of damage,genarator perfom well",4.0,"There is no sign of damage,genarator perfom well",4.0,"There is no sign of damage,genarator perfom well",4.0,"There is no sign of damage,genarator perfom well",4.0,"There is no sign of damage,genarator perfom well",4.0,"There is no sign of damage,genarator perfom well",4.0,"There is no sign of damage,genarator perfom well",4.0,"There is no sign of damage,genarator perfom well",4.0,"There is no sign of damage,genarator perfom well",,
Fuel Level,Ensure an adequate fuel supply is available.,5.0,Fuel is available,5.0,Fuel is available,5.0,Fuel is available,5.0,Fuel is available,5.0,Fuel is available,5.0,Fuel is available,5.0,Fuel is available,5.0,Fuel is available,5.0,Fuel is available,5.0,Fuel is available,5.0,Fuel is available,5.0,Fuel is available,5.0,Fuel is available,5.0,Fuel is available,5.0,Fuel is available,5.0,Fuel is available,5.0,Fuel is available,5.0,Fuel is available,5.0,Fuel is available,5.0,Fuel is available,5.0,Fuel is available,5.0,Fuel is available,5.0,Fuel is available,5.0,Fuel is available,5.0,Fuel is available,5.0,Fuel is available,5.0,Fuel is available,5.0,Fuel is available,,
Oil Level,Check oil level and top up if necessary.,4.0,Oil is available,4.0,Oil is available,4.0,Oil is available,4.0,Oil is available,4.0,Oil is available,4.0,Oil is available,4.0,Oil is available,4.0,Oil is available,4.0,Oil is available,4.0,Oil is available,4.0,Oil is available,4.0,Oil is available,4.0,Oil is available,4.0,Oil is available,4.0,Oil is available,4.0,Oil is available,4.0,Oil is available,4.0,Oil is available,4.0,Oil is available,4.0,Oil is available,4.0,Oil is available,4.0,Oil is available,4.0,Oil is available,4.0,Oil is available,4.0,Oil is available,4.0,Oil is available,4.0,Oil is available,4.0,Oil is available,,
Coolant Level,Verify coolant level and top up if needed.,4.0,Coolant level is good,4.0,Coolant level is good,4.0,Coolant level is good,4.0,Coolant level is good,4.0,Coolant level is good,4.0,Coolant level is good,4.0,Coolant level is good,4.0,Coolant level is good,4.0,Coolant level is good,4.0,Coolant level is good,4.0,Coolant level is good,4.0,Coolant level is good,4.0,Coolant level is good,4.0,Coolant level is good,4.0,Coolant level is good,4.0,Coolant level is good,4.0,Coolant level is good,4.0,Coolant level is good,4.0,Coolant level is good,4.0,Coolant level is good,4.0,Coolant level is good,4.0,Coolant level is good,4.0,Coolant level is good,4.0,Coolant level is good,4.0,Coolant level is good,4.0,Coolant level is good,4.0,Coolant level is good,4.0,Coolant level is good,,
Battery Charge,Check battery charge status.,3.0,Batteray is not full charged,3.0,Batteray is not full charged,3.0,Batteray is not full charged,3.0,Batteray is not full charged,3.0,Batteray is not full charged,3.0,Batteray is not full charged,3.0,Batteray is not full charged,3.0,Batteray is not full charged,3.0,Batteray is not full charged,3.0,Batteray is not full charged,3.0,Batteray is not full charged,3.0,Batteray is not full charged,3.0,Batteray is not full charged,3.0,Batteray is not full charged,3.0,Batteray is not full charged,3.0,Batteray is not full charged,3.0,Batteray is not full charged,3.0,Batteray is not full charged,3.0,Batteray is not full charged,3.0,Batteray is not full charged,3.0,Batteray is not full charged,3.0,Batteray is not full charged,3.0,Batteray is not full charged,3.0,Batteray is not full charged,3.0,Batteray is not full charged,3.0,Batteray is not full charged,3.0,Batteray is not full charged,3.0,Batteray is not full charged,,
Engine Start,Start the generator and ensure it runs smoothly.,4.0,Generator run smmoothy,4.0,Generator run smmoothy,4.0,Generator run smmoothy,4.0,Generator run smmoothy,4.0,Generator run smmoothy,4.0,Generator run smmoothy,4.0,Generator run smmoothy,4.0,Generator run smmoothy,4.0,Generator run smmoothy,4.0,Generator run smmoothy,4.0,Generator run smmoothy,4.0,Generator run smmoothy,4.0,Generator run smmoothy,4.0,Generator run smmoothy,4.0,Generator run smmoothy,4.0,Generator run smmoothy,4.0,Generator run smmoothy,4.0,Generator run smmoothy,4.0,Generator run smmoothy,4.0,Generator run smmoothy,4.0,Generator run smmoothy,4.0,Generator run smmoothy,4.0,Generator run smmoothy,4.0,Generator run smmoothy,4.0,Generator run smmoothy,4.0,Generator run smmoothy,4.0,Generator run smmoothy,4.0,Generator run smmoothy,,
Noise Level,Check for any unusual noises during operation.,4.0,There is no unusual noises,4.0,There is no unusual noises,4.0,There is no unusual noises,4.0,There is no unusual noises,4.0,There is no unusual noises,4.0,There is no unusual noises,4.0,There is no unusual noises,4.0,There is no unusual noises,4.0,There is no unusual noises,4.0,There is no unusual noises,4.0,There is no unusual noises,4.0,There is no unusual noises,4.0,There is no unusual noises,4.0,There is no unusual noises,4.0,There is no unusual noises,4.0,There is no unusual noises,4.0,There is no unusual noises,4.0,There is no unusual noises,4.0,There is no unusual noises,4.0,There is no unusual noises,4.0,There is no unusual noises,4.0,There is no unusual noises,4.0,There is no unusual noises,4.0,There is no unusual noises,4.0,There is no unusual noises,4.0,There is no unusual noises,4.0,There is no unusual noises,4.0,There is no unusual noises,,
Fuel/Water Separation,Drain any accumulated water from the fuel system.,5.0,There is no accumulated water from fuel system,5.0,There is no accumulated water from fuel system,5.0,There is no accumulated water from fuel system,5.0,There is no accumulated water from fuel system,5.0,There is no accumulated water from fuel system,5.0,There is no accumulated water from fuel system,5.0,There is no accumulated water from fuel system,5.0,There is no accumulated water from fuel system,5.0,There is no accumulated water from fuel system,5.0,There is no accumulated water from fuel system,5.0,There is no accumulated water from fuel system,5.0,There is no accumulated water from fuel system,5.0,There is no accumulated water from fuel system,5.0,There is no accumulated water from fuel system,5.0,There is no accumulated water from fuel system,5.0,There is no accumulated water from fuel system,5.0,There is no accumulated water from fuel system,5.0,There is no accumulated water from fuel system,5.0,There is no accumulated water from fuel system,5.0,There is no accumulated water from fuel system,5.0,There is no accumulated water from fuel system,5.0,There is no accumulated water from fuel system,5.0,There is no accumulated water from fuel system,5.0,There is no accumulated water from fuel system,5.0,There is no accumulated water from fuel system,5.0,There is no accumulated water from fuel system,5.0,There is no accumulated water from fuel system,5.0,There is no accumulated water from fuel system,,
Exhaust System,Inspect exhaust system for leaks or damage.,4.0,Exhaust system works properly,4.0,Exhaust system works properly,4.0,Exhaust system works properly,4.0,Exhaust system works properly,4.0,Exhaust system works properly,4.0,Exhaust system works properly,4.0,Exhaust system works properly,4.0,Exhaust system works properly,4.0,Exhaust system works properly,4.0,Exhaust system works properly,4.0,Exhaust system works properly,4.0,Exhaust system works properly,4.0,Exhaust system works properly,4.0,Exhaust system works properly,4.0,Exhaust system works properly,4.0,Exhaust system works properly,4.0,Exhaust system works properly,4.0,Exhaust system works properly,4.0,Exhaust system works properly,4.0,Exhaust system works properly,4.0,Exhaust system works properly,4.0,Exhaust system works properly,4.0,Exhaust system works properly,4.0,Exhaust system works properly,4.0,Exhaust system works properly,4.0,Exhaust system works properly,4.0,Exhaust system works properly,4.0,Exhaust system works properly,,
Electrical Connections,Check all electrical connections for tightness.,4.0,Electrical connection is in good condition,4.0,Electrical connection is in good condition,4.0,Electrical connection is in good condition,4.0,Electrical connection is in good condition,4.0,Electrical connection is in good condition,4.0,Electrical connection is in good condition,4.0,Electrical connection is in good condition,4.0,Electrical connection is in good condition,4.0,Electrical connection is in good condition,4.0,Electrical connection is in good condition,4.0,Electrical connection is in good condition,4.0,Electrical connection is in good condition,4.0,Electrical connection is in good condition,4.0,Electrical connection is in good condition,4.0,Electrical connection is in good condition,4.0,Electrical connection is in good condition,4.0,Electrical connection is in good condition,4.0,Electrical connection is in good condition,4.0,Electrical connection is in good condition,4.0,Electrical connection is in good condition,4.0,Electrical connection is in good condition,4.0,Electrical connection is in good condition,4.0,Electrical connection is in good condition,4.0,Electrical connection is in good condition,4.0,Electrical connection is in good condition,4.0,Electrical connection is in good condition,4.0,Electrical connection is in good condition,4.0,Electrical connection is in good condition,,
Safety Shutdown,Ensure all safety shutdowns are operational.,5.0,Safety shutdown it works properly,5.0,Safety shutdown it works properly,5.0,Safety shutdown it works properly,5.0,Safety shutdown it works properly,5.0,Safety shutdown it works properly,5.0,Safety shutdown it works properly,5.0,Safety shutdown it works properly,5.0,Safety shutdown it works properly,5.0,Safety shutdown it works properly,5.0,Safety shutdown it works properly,5.0,Safety shutdown it works properly,5.0,Safety shutdown it works properly,5.0,Safety shutdown it works properly,5.0,Safety shutdown it works properly,5.0,Safety shutdown it works properly,5.0,Safety shutdown it works properly,5.0,Safety shutdown it works properly,5.0,Safety shutdown it works properly,5.0,Safety shutdown it works properly,5.0,Safety shutdown it works properly,5.0,Safety shutdown it works properly,5.0,Safety shutdown it works properly,5.0,Safety shutdown it works properly,5.0,Safety shutdown it works properly,5.0,Safety shutdown it works properly,5.0,Safety shutdown it works properly,5.0,Safety shutdown it works properly,5.0,Safety shutdown it works properly,,
Documentation,Review maintenance logs and record any actions taken.,5.0,Maintenance logs and record are taken,5.0,Maintenance logs and record are taken,5.0,Maintenance logs and record are taken,5.0,Maintenance logs and record are taken,5.0,Maintenance logs and record are taken,5.0,Maintenance logs and record are taken,5.0,Maintenance logs and record are taken,5.0,Maintenance logs and record are taken,5.0,Maintenance logs and record are taken,5.0,Maintenance logs and record are taken,5.0,Maintenance logs and record are taken,5.0,Maintenance logs and record are taken,5.0,Maintenance logs and record are taken,5.0,Maintenance logs and record are taken,5.0,Maintenance logs and record are taken,5.0,Maintenance logs and record are taken,5.0,Maintenance logs and record are taken,5.0,Maintenance logs and record are taken,5.0,Maintenance logs and record are taken,5.0,Maintenance logs and record are taken,5.0,Maintenance logs and record are taken,5.0,Maintenance logs and record are taken,5.0,Maintenance logs and record are taken,5.0,Maintenance logs and record are taken,5.0,Maintenance logs and record are taken,5.0,Maintenance logs and record are taken,5.0,Maintenance logs and record are taken,5.0,Maintenance logs and record are taken,,
,,,,,,,,,,,,,,,,,,,,,,,,,,,,,,,,,,,,,,,,,,,,,,,,,,,,,,,,,,,
Checks Done,28,,,,,,,,,,,,,,,,,,,,,,,,,,,,,,,,,,,,,,,,,,,,,,,,,,,,,,,,,,
Average Rating,#DIV/0!,,,,,,,,,,,,,,,,,,,,,,,,,,,,,,,,,,,,,,,,,,,,,,,,,,,,,,,,,,
AUGUST ,,AUGUST GENERATOR CHECKLIST ,,,,,,,,,,,,,,,,,,,,,,,,,,,,,,,,,,,,,,,,,,,,,,,,,,,,,,,,,
,,,,,,,,,,,,,,,,,,,,,,,,,,,,,,,,,,,,,,,,,,,,,,,,,,,,,,,,,,,
Task,Description ,1.0,Comment ,1.0,Comment ,2.0,Comment ,3.0,Comment ,4.0,Comment ,5.0,Comment ,7.0,Comment ,8.0,Comment ,9.0,Comment ,10.0,Comment ,11.0,Comment ,12.0,Comment ,13.0,Comment ,14.0,Comment ,15.0,Comment ,16.0,Comment ,17.0,Comment ,18.0,Comment ,19.0,Comment ,20.0,Comment ,21.0,Comment ,22.0,Comment ,23.0,Comment ,24.0,Comment ,25.0,Comment ,26.0,Comment ,27.0,Comment ,28.0,Comment ,29.0,Comment 
Visual Inspection,"Check for any signs of damage, leaks, or abnormal wear.",,,,,,,,,,,,,,,,,,,,,,,,,,,,,,,,,,,,,,,,,,,,,,,,,,,,,,,,,,
Fuel Level,Ensure an adequate fuel supply is available.,,,,,,,,,,,,,,,,,,,,,,,,,,,,,,,,,,,,,,,,,,,,,,,,,,,,,,,,,,
Oil Level,Check oil level and top up if necessary.,,,,,,,,,,,,,,,,,,,,,,,,,,,,,,,,,,,,,,,,,,,,,,,,,,,,,,,,,,
Coolant Level,Verify coolant level and top up if needed.,,,,,,,,,,,,,,,,,,,,,,,,,,,,,,,,,,,,,,,,,,,,,,,,,,,,,,,,,,
Battery Charge,Check battery charge status.,,,,,,,,,,,,,,,,,,,,,,,,,,,,,,,,,,,,,,,,,,,,,,,,,,,,,,,,,,
Engine Start,Start the generator and ensure it runs smoothly.,,,,,,,,,,,,,,,,,,,,,,,,,,,,,,,,,,,,,,,,,,,,,,,,,,,,,,,,,,
Noise Level,Check for any unusual noises during operation.,,,,,,,,,,,,,,,,,,,,,,,,,,,,,,,,,,,,,,,,,,,,,,,,,,,,,,,,,,
Fuel/Water Separation,Drain any accumulated water from the fuel system.,,,,,,,,,,,,,,,,,,,,,,,,,,,,,,,,,,,,,,,,,,,,,,,,,,,,,,,,,,
Exhaust System,Inspect exhaust system for leaks or damage.,,,,,,,,,,,,,,,,,,,,,,,,,,,,,,,,,,,,,,,,,,,,,,,,,,,,,,,,,,
Electrical Connections,Check all electrical connections for tightness.,,,,,,,,,,,,,,,,,,,,,,,,,,,,,,,,,,,,,,,,,,,,,,,,,,,,,,,,,,
Safety Shutdown,Ensure all safety shutdowns are operational.,,,,,,,,,,,,,,,,,,,,,,,,,,,,,,,,,,,,,,,,,,,,,,,,,,,,,,,,,,
Documentation,Review maintenance logs and record any actions taken.,,,,,,,,,,,,,,,,,,,,,,,,,,,,,,,,,,,,,,,,,,,,,,,,,,,,,,,,,,
,,1,,1,,2,,3,,4,,5,,7,,8,,9,,5.071428571,,5.214285714,,5.357142857,,#DIV/0!,,#DIV/0!,,#DIV/0!,,#DIV/0!,,#DIV/0!,,#DIV/0!,,#DIV/0!,,#DIV/0!,,#DIV/0!,,#DIV/0!,,#DIV/0!,,#DIV/0!,,#DIV/0!,,#DIV/0!,,#DIV/0!,,#DIV/0!,,#DIV/0!,
Checks Done,,,,,,,,,,,,,,,,,,,,,,,,,,,,,,,,,,,,,,,,,,,,,,,,,,,,,,,,,,,
Average Rating,#DIV/0!,,,,,,,,,,,,,,,,,,,,,,,,,,,,,,,,,,,,,,,,,,,,,,,,,,,,,,,,,,
,,,,,,,,,,,,,,,,,,,,,,,,,,,,,,,,,,,,,,,,,,,,,,,,,,,,,,,,,,,
September,,SEPTEMBER GENERATOR CHECKLIST ,,,,,,,,,,,,,,,,,,,,,,,,,,,,,,,,,,,,,,,,,,,,,,,,,,,,,,,,,
,,,,,,,,,,,,,,,,,,,,,,,,,,,,,,,,,,,,,,,,,,,,,,,,,,,,,,,,,,,
Task,Description ,1.0,Comment ,2.0,Comment ,3.0,Comment ,4.0,Comment ,5.0,Comment ,6.0,Comment ,7.0,,8.0,,9.0,,10.0,,11.0,,12.0,,13.0,,14.0,,15.0,,16.0,,17.0,,18.0,,19.0,,20.0,,21.0,,22.0,,23.0,,24.0,,25.0,,26.0,,27.0,,28.0,,29.0,
Visual Inspection,"Check for any signs of damage, leaks, or abnormal wear.",,,,,,,,,,,,,,,,,,,,,,,,,,,,,,,,,,,,,,,,,,,,,,,,,,,,,,,,,,
Fuel Level,Ensure an adequate fuel supply is available.,,,,,,,,,,,,,,,,,,,,,,,,,,,,,,,,,,,,,,,,,,,,,,,,,,,,,,,,,,
Oil Level,Check oil level and top up if necessary.,,,,,,,,,,,,,,,,,,,,,,,,,,,,,,,,,,,,,,,,,,,,,,,,,,,,,,,,,,
Coolant Level,Verify coolant level and top up if needed.,,,,,,,,,,,,,,,,,,,,,,,,,,,,,,,,,,,,,,,,,,,,,,,,,,,,,,,,,,
Battery Charge,Check battery charge status.,,,,,,,,,,,,,,,,,,,,,,,,,,,,,,,,,,,,,,,,,,,,,,,,,,,,,,,,,,
Engine Start,Start the generator and ensure it runs smoothly.,,,,,,,,,,,,,,,,,,,,,,,,,,,,,,,,,,,,,,,,,,,,,,,,,,,,,,,,,,
Noise Level,Check for any unusual noises during operation.,,,,,,,,,,,,,,,,,,,,,,,,,,,,,,,,,,,,,,,,,,,,,,,,,,,,,,,,,,
Fuel/Water Separation,Drain any accumulated water from the fuel system.,,,,,,,,,,,,,,,,,,,,,,,,,,,,,,,,,,,,,,,,,,,,,,,,,,,,,,,,,,
Exhaust System,Inspect exhaust system for leaks or damage.,,,,,,,,,,,,,,,,,,,,,,,,,,,,,,,,,,,,,,,,,,,,,,,,,,,,,,,,,,
Electrical Connections,Check all electrical connections for tightness.,,,,,,,,,,,,,,,,,,,,,,,,,,,,,,,,,,,,,,,,,,,,,,,,,,,,,,,,,,
Safety Shutdown,Ensure all safety shutdowns are operational.,,,,,,,,,,,,,,,,,,,,,,,,,,,,,,,,,,,,,,,,,,,,,,,,,,,,,,,,,,
Documentation,Review maintenance logs and record any actions taken.,,,,,,,,,,,,,,,,,,,,,,,,,,,,,,,,,,,,,,,,,,,,,,,,,,,,,,,,,,
,,#DIV/0!,,#DIV/0!,,3,,4,,5,,,,#DIV/0!,,#DIV/0!,,#DIV/0!,,#DIV/0!,,#DIV/0!,,#DIV/0!,,#DIV/0!,,#DIV/0!,,#DIV/0!,,#DIV/0!,,#DIV/0!,,4.666666667,,#DIV/0!,,#DIV/0!,,#DIV/0!,,#DIV/0!,,#DIV/0!,,#DIV/0!,,#DIV/0!,,#DIV/0!,,#DIV/0!,,#DIV/0!,,#DIV/0!,
Checks Done,,,,,,,,,,,,,,,,,,,,,,,,,,,,,,,,,,,,,,,,,,,,,,,,,,,,,,,,,,,
Average Rating,#DIV/0!,,,,,,,,,,,,,,,,,,,,,,,,,,,,,,,,,,,,,,,,,,,,,,,,,,,,,,,,,,
,,,,,,,,,,,,,,,,,,,,,,,,,,,,,,,,,,,,,,,,,,,,,,,,,,,,,,,,,,,
October,,OCTOBER GENERATOR CHECKLIST ,,,,,,,,,,,,,,,,,,,,,,,,,,,,,,,,,,,,,,,,,,,,,,,,,,,,,,,,,
,,,,,,,,,,,,,,,,,,,,,,,,,,,,,,,,,,,,,,,,,,,,,,,,,,,,,,,,,,,
Task,Description ,,,,,,,,,,,,,,,,,,,,,,,,,,,,,,,,,,,,,,,,,,,,,,,,,,,,,,,,,,
Visual Inspection,"Check for any signs of damage, leaks, or abnormal wear.",,,,,,,,,,,,,,,,,,,,,,,,,,,,,,,,,,,,,,,,,,,,,,,,,,,,,,,,,,
Fuel Level,Ensure an adequate fuel supply is available.,,,,,,,,,,,,,,,,,,,,,,,,,,,,,,,,,,,,,,,,,,,,,,,,,,,,,,,,,,
Oil Level,Check oil level and top up if necessary.,,,,,,,,,,,,,,,,,,,,,,,,,,,,,,,,,,,,,,,,,,,,,,,,,,,,,,,,,,
Coolant Level,Verify coolant level and top up if needed.,,,,,,,,,,,,,,,,,,,,,,,,,,,,,,,,,,,,,,,,,,,,,,,,,,,,,,,,,,
Battery Charge,Check battery charge status.,,,,,,,,,,,,,,,,,,,,,,,,,,,,,,,,,,,,,,,,,,,,,,,,,,,,,,,,,,
Engine Start,Start the generator and ensure it runs smoothly.,,,,,,,,,,,,,,,,,,,,,,,,,,,,,,,,,,,,,,,,,,,,,,,,,,,,,,,,,,
Noise Level,Check for any unusual noises during operation.,,,,,,,,,,,,,,,,,,,,,,,,,,,,,,,,,,,,,,,,,,,,,,,,,,,,,,,,,,
Fuel/Water Separation,Drain any accumulated water from the fuel system.,,,,,,,,,,,,,,,,,,,,,,,,,,,,,,,,,,,,,,,,,,,,,,,,,,,,,,,,,,
Exhaust System,Inspect exhaust system for leaks or damage.,,,,,,,,,,,,,,,,,,,,,,,,,,,,,,,,,,,,,,,,,,,,,,,,,,,,,,,,,,
Electrical Connections,Check all electrical connections for tightness.,,,,,,,,,,,,,,,,,,,,,,,,,,,,,,,,,,,,,,,,,,,,,,,,,,,,,,,,,,
Safety Shutdown,Ensure all safety shutdowns are operational.,,,,,,,,,,,,,,,,,,,,,,,,,,,,,,,,,,,,,,,,,,,,,,,,,,,,,,,,,,
Documentation,Review maintenance logs and record any actions taken.,,,,,,,,,,,,,,,,,,,,,,,,,,,,,,,,,,,,,,,,,,,,,,,,,,,,,,,,,,
,,,,,,,,,,,,,,,,,,,,,,,,,,,,,,,,,,,,,,,,,,,,,,,,,,,,,,,,,,,
Checks Done,,,,,,,,,,,,,,,,,,,,,,,,,,,,,,,,,,,,,,,,,,,,,,,,,,,,,,,,,,,
Average Rating,#DIV/0!,,,,,,,,,,,,,,,,,,,,,,,,,,,,,,,,,,,,,,,,,,,,,,,,,,,,,,,,,,
,,,,,,,,,,,,,,,,,,,,,,,,,,,,,,,,,,,,,,,,,,,,,,,,,,,,,,,,,,,
November,,,,,,,,,,,,,,,,,,,,,,,,,,,,,,,,,,,,,,,,,,,,,,,,,,,,,,,,,,,
,,,,,,,,,,,,,,,,,,,,,,,,,,,,,,,,,,,,,,,,,,,,,,,,,,,,,,,,,,,
Task,Description ,,,,,,,,,,,,,,,,,,,,,,,,,,,,,,,,,,,,,,,,,,,22.0,Comment ,23.0,Comment ,24.0,Comment ,25.0,Comment ,26.0,Comment ,27.0,Comment ,28.0,Comment ,29.0,Comment 
Visual Inspection,"Check for any signs of damage, leaks, or abnormal wear.",,,,,,,,,,,,,,,,,,,,,,,,,,,,,,,,,,,,,,,,,,,,,,,,,,,,,,,,,,
Fuel Level,Ensure an adequate fuel supply is available.,,,,,,,,,,,,,,,,,,,,,,,,,,,,,,,,,,,,,,,,,,,,,,,,,,,,,,,,,,
Oil Level,Check oil level and top up if necessary.,,,,,,,,,,,,,,,,,,,,,,,,,,,,,,,,,,,,,,,,,,,,,,,,,,,,,,,,,,
Coolant Level,Verify coolant level and top up if needed.,,,,,,,,,,,,,,,,,,,,,,,,,,,,,,,,,,,,,,,,,,,,,,,,,,,,,,,,,,
Battery Charge,Check battery charge status.,,,,,,,,,,,,,,,,,,,,,,,,,,,,,,,,,,,,,,,,,,,,,,,,,,,,,,,,,,
Engine Start,Start the generator and ensure it runs smoothly.,,,,,,,,,,,,,,,,,,,,,,,,,,,,,,,,,,,,,,,,,,,,,,,,,,,,,,,,,,
Noise Level,Check for any unusual noises during operation.,,,,,,,,,,,,,,,,,,,,,,,,,,,,,,,,,,,,,,,,,,,,,,,,,,,,,,,,,,
Fuel/Water Separation,Drain any accumulated water from the fuel system.,,,,,,,,,,,,,,,,,,,,,,,,,,,,,,,,,,,,,,,,,,,,,,,,,,,,,,,,,,
Exhaust System,Inspect exhaust system for leaks or damage.,,,,,,,,,,,,,,,,,,,,,,,,,,,,,,,,,,,,,,,,,,,,,,,,,,,,,,,,,,
Electrical Connections,Check all electrical connections for tightness.,,,,,,,,,,,,,,,,,,,,,,,,,,,,,,,,,,,,,,,,,,,,,,,,,,,,,,,,,,
Safety Shutdown,Ensure all safety shutdowns are operational.,,,,,,,,,,,,,,,,,,,,,,,,,,,,,,,,,,,,,,,,,,,,,,,,,,,,,,,,,,
Documentation,Review maintenance logs and record any actions taken.,,,,,,,,,,,,,,,,,,,,,,,,,,,,,,,,,,,,,,,,,,,,,,,,,,,,,,,,,,
,,,,,,,,,,,,,,,,,,,,,,,,,,,,,,,,,,,,,,,,,,,,,,,,,,,,,,,,,,,
Checks Done,,,,,,,,,,,,,,,,,,,,,,,,,,,,,,,,,,,,,,,,,,,,,,,,,,,,,,,,,,,
Average Rating,#DIV/0!,,,,,,,,,,,,,,,,,,,,,,,,,,,,,,,,,,,,,,,,,,,,,,,,,,,,,,,,,,
,,,,,,,,,,,,,,,,,,,,,,,,,,,,,,,,,,,,,,,,,,,,,,,,,,,,,,,,,,,
December,,DECEMBER GENERATOR CHECKLIST ,,,,,,,,,,,,,,,,,,,,,,,,,,,,,,,,,,,,,,,,,,,,,,,,,,,,,,,,,
,,,,,,,,,,,,,,,,,,,,,,,,,,,,,,,,,,,,,,,,,,,,,,,,,,,,,,,,,,,
Task,Description ,1.0,Comment ,2.0,Comment ,3.0,Comment ,4.0,Comment ,5.0,Comment ,6.0,Comment ,7.0,Comment ,8.0,Comment ,9.0,Comment ,10.0,Comment ,11.0,Comment ,12.0,Comment ,13.0,Comment ,14.0,Comment ,15.0,Comment ,16.0,Comment ,17.0,Comment ,18.0,Comment ,19.0,Comment ,20.0,Comment ,21.0,Comment ,22.0,Comment ,23.0,Comment ,24.0,Comment ,25.0,Comment ,26.0,Comment ,27.0,Comment ,28.0,Comment ,29.0,Comment 
Visual Inspection,"Check for any signs of damage, leaks, or abnormal wear.",,,,,,,,,,,,,,,,,,,,,,,,,,,,,,,,,,,,,,,,,,,,,,,,,,,,,,,,,,
Fuel Level,Ensure an adequate fuel supply is available.,,,,,,,,,,,,,,,,,,,,,,,,,,,,,,,,,,,,,,,,,,,,,,,,,,,,,,,,,,
Oil Level,Check oil level and top up if necessary.,,,,,,,,,,,,,,,,,,,,,,,,,,,,,,,,,,,,,,,,,,,,,,,,,,,,,,,,,,
Coolant Level,Verify coolant level and top up if needed.,,,,,,,,,,,,,,,,,,,,,,,,,,,,,,,,,,,,,,,,,,,,,,,,,,,,,,,,,,
Battery Charge,Check battery charge status.,,,,,,,,,,,,,,,,,,,,,,,,,,,,,,,,,,,,,,,,,,,,,,,,,,,,,,,,,,
Engine Start,Start the generator and ensure it runs smoothly.,,,,,,,,,,,,,,,,,,,,,,,,,,,,,,,,,,,,,,,,,,,,,,,,,,,,,,,,,,
Noise Level,Check for any unusual noises during operation.,,,,,,,,,,,,,,,,,,,,,,,,,,,,,,,,,,,,,,,,,,,,,,,,,,,,,,,,,,
Fuel/Water Separation,Drain any accumulated water from the fuel system.,,,,,,,,,,,,,,,,,,,,,,,,,,,,,,,,,,,,,,,,,,,,,,,,,,,,,,,,,,
Exhaust System,Inspect exhaust system for leaks or damage.,,,,,,,,,,,,,,,,,,,,,,,,,,,,,,,,,,,,,,,,,,,,,,,,,,,,,,,,,,
Electrical Connections,Check all electrical connections for tightness.,,,,,,,,,,,,,,,,,,,,,,,,,,,,,,,,,,,,,,,,,,,,,,,,,,,,,,,,,,
Safety Shutdown,Ensure all safety shutdowns are operational.,,,,,,,,,,,,,,,,,,,,,,,,,,,,,,,,,,,,,,,,,,,,,,,,,,,,,,,,,,
Documentation,Review maintenance logs and record any actions taken.,,,,,,,,,,,,,,,,,,,,,,,,,,,,,,,,,,,,,,,,,,,,,,,,,,,,,,,,,,
,,,,,,,,,,,,,,,,,,,,,,,,,,,,,,,,,,,,,,,,,,,,,,,,,,,,,,,,,,,
Checks Done,,,,,,,,,,,,,,,,,,,,,,,,,,,,,,,,,,,,,,,,,,,,,,,,,,,,,,,,,,,
Average Rating,#DIV/0!,,,,,,,,,,,,,,,,,,,,,,,,,,,,,,,,,,,,,,,,,,,,,,,,,,,,,,,,,,
,,,,,,,,,,,,,,,,,,,,,,,,,,,,,,,,,,,,,,,,,,,,,,,,,,,,,,,,,,,
,,,,,,,,,,,,,,,,,,,,,,,,,,,,,,,,,,,,,,,,,,,,,,,,,,,,,,,,,,,
,,,,,,,,,,,,,,,,,,,,,,,,,,,,,,,,,,,,,,,,,,,,,,,,,,,,,,,,,,,
,,,,,,,,,,,,,,,,,,,,,,,,,,,,,,,,,,,,,,,,,,,,,,,,,,,,,,,,,,,
,,,,,,,,,,,,,,,,,,,,,,,,,,,,,,,,,,,,,,,,,,,,,,,,,,,,,,,,,,,
,,,,,,,,,,,,,,,,,,,,,,,,,,,,,,,,,,,,,,,,,,,,,,,,,,,,,,,,,,,
,,,,,,,,,,,,,,,,,,,,,,,,,,,,,,,,,,,,,,,,,,,,,,,,,,,,,,,,,,,
,,,,,,,,,,,,,,,,,,,,,,,,,,,,,,,,,,,,,,,,,,,,,,,,,,,,,,,,,,,
,,,,,,,,,,,,,,,,,,,,,,,,,,,,,,,,,,,,,,,,,,,,,,,,,,,,,,,,,,,
,,,,,,,,,,,,,,,,,,,,,,,,,,,,,,,,,,,,,,,,,,,,,,,,,,,,,,,,,,,
,,,,,,,,,,,,,,,,,,,,,,,,,,,,,,,,,,,,,,,,,,,,,,,,,,,,,,,,,,,
,,,,,,,,,,,,,,,,,,,,,,,,,,,,,,,,,,,,,,,,,,,,,,,,,,,,,,,,,,,
,,,,,,,,,,,,,,,,,,,,,,,,,,,,,,,,,,,,,,,,,,,,,,,,,,,,,,,,,,,
,,,,,,,,,,,,,,,,,,,,,,,,,,,,,,,,,,,,,,,,,,,,,,,,,,,,,,,,,,,
,,,,,,,,,,,,,,,,,,,,,,,,,,,,,,,,,,,,,,,,,,,,,,,,,,,,,,,,,,,
,,,,,,,,,,,,,,,,,,,,,,,,,,,,,,,,,,,,,,,,,,,,,,,,,,,,,,,,,,,
,,,,,,,,,,,,,,,,,,,,,,,,,,,,,,,,,,,,,,,,,,,,,,,,,,,,,,,,,,,
,,,,,,,,,,,,,,,,,,,,,,,,,,,,,,,,,,,,,,,,,,,,,,,,,,,,,,,,,,,
,,,,,,,,,,,,,,,,,,,,,,,,,,,,,,,,,,,,,,,,,,,,,,,,,,,,,,,,,,,
,,,,,,,,,,,,,,,,,,,,,,,,,,,,,,,,,,,,,,,,,,,,,,,,,,,,,,,,,,,
,,,,,,,,,,,,,,,,,,,,,,,,,,,,,,,,,,,,,,,,,,,,,,,,,,,,,,,,,,,
,,,,,,,,,,,,,,,,,,,,,,,,,,,,,,,,,,,,,,,,,,,,,,,,,,,,,,,,,,,
,,,,,,,,,,,,,,,,,,,,,,,,,,,,,,,,,,,,,,,,,,,,,,,,,,,,,,,,,,,
,,,,,,,,,,,,,,,,,,,,,,,,,,,,,,,,,,,,,,,,,,,,,,,,,,,,,,,,,,,
,,,,,,,,,,,,,,,,,,,,,,,,,,,,,,,,,,,,,,,,,,,,,,,,,,,,,,,,,,,
,,,,,,,,,,,,,,,,,,,,,,,,,,,,,,,,,,,,,,,,,,,,,,,,,,,,,,,,,,,
,,,,,,,,,,,,,,,,,,,,,,,,,,,,,,,,,,,,,,,,,,,,,,,,,,,,,,,,,,,
,,,,,,,,,,,,,,,,,,,,,,,,,,,,,,,,,,,,,,,,,,,,,,,,,,,,,,,,,,,
,,,,,,,,,,,,,,,,,,,,,,,,,,,,,,,,,,,,,,,,,,,,,,,,,,,,,,,,,,,
,,,,,,,,,,,,,,,,,,,,,,,,,,,,,,,,,,,,,,,,,,,,,,,,,,,,,,,,,,,
,,,,,,,,,,,,,,,,,,,,,,,,,,,,,,,,,,,,,,,,,,,,,,,,,,,,,,,,,,,
,,,,,,,,,,,,,,,,,,,,,,,,,,,,,,,,,,,,,,,,,,,,,,,,,,,,,,,,,,,
,,,,,,,,,,,,,,,,,,,,,,,,,,,,,,,,,,,,,,,,,,,,,,,,,,,,,,,,,,,
,,,,,,,,,,,,,,,,,,,,,,,,,,,,,,,,,,,,,,,,,,,,,,,,,,,,,,,,,,,
,,,,,,,,,,,,,,,,,,,,,,,,,,,,,,,,,,,,,,,,,,,,,,,,,,,,,,,,,,,
,,,,,,,,,,,,,,,,,,,,,,,,,,,,,,,,,,,,,,,,,,,,,,,,,,,,,,,,,,,
,,,,,,,,,,,,,,,,,,,,,,,,,,,,,,,,,,,,,,,,,,,,,,,,,,,,,,,,,,,
,,,,,,,,,,,,,,,,,,,,,,,,,,,,,,,,,,,,,,,,,,,,,,,,,,,,,,,,,,,
,,,,,,,,,,,,,,,,,,,,,,,,,,,,,,,,,,,,,,,,,,,,,,,,,,,,,,,,,,,
,,,,,,,,,,,,,,,,,,,,,,,,,,,,,,,,,,,,,,,,,,,,,,,,,,,,,,,,,,,
,,,,,,,,,,,,,,,,,,,,,,,,,,,,,,,,,,,,,,,,,,,,,,,,,,,,,,,,,,,
,,,,,,,,,,,,,,,,,,,,,,,,,,,,,,,,,,,,,,,,,,,,,,,,,,,,,,,,,,,
,,,,,,,,,,,,,,,,,,,,,,,,,,,,,,,,,,,,,,,,,,,,,,,,,,,,,,,,,,,
,,,,,,,,,,,,,,,,,,,,,,,,,,,,,,,,,,,,,,,,,,,,,,,,,,,,,,,,,,,
,,,,,,,,,,,,,,,,,,,,,,,,,,,,,,,,,,,,,,,,,,,,,,,,,,,,,,,,,,,
,,,,,,,,,,,,,,,,,,,,,,,,,,,,,,,,,,,,,,,,,,,,,,,,,,,,,,,,,,,
,,,,,,,,,,,,,,,,,,,,,,,,,,,,,,,,,,,,,,,,,,,,,,,,,,,,,,,,,,,
,,,,,,,,,,,,,,,,,,,,,,,,,,,,,,,,,,,,,,,,,,,,,,,,,,,,,,,,,,,
,,,,,,,,,,,,,,,,,,,,,,,,,,,,,,,,,,,,,,,,,,,,,,,,,,,,,,,,,,,
,,,,,,,,,,,,,,,,,,,,,,,,,,,,,,,,,,,,,,,,,,,,,,,,,,,,,,,,,,,
,,,,,,,,,,,,,,,,,,,,,,,,,,,,,,,,,,,,,,,,,,,,,,,,,,,,,,,,,,,
,,,,,,,,,,,,,,,,,,,,,,,,,,,,,,,,,,,,,,,,,,,,,,,,,,,,,,,,,,,
,,,,,,,,,,,,,,,,,,,,,,,,,,,,,,,,,,,,,,,,,,,,,,,,,,,,,,,,,,,
,,,,,,,,,,,,,,,,,,,,,,,,,,,,,,,,,,,,,,,,,,,,,,,,,,,,,,,,,,,
,,,,,,,,,,,,,,,,,,,,,,,,,,,,,,,,,,,,,,,,,,,,,,,,,,,,,,,,,,,
,,,,,,,,,,,,,,,,,,,,,,,,,,,,,,,,,,,,,,,,,,,,,,,,,,,,,,,,,,,
,,,,,,,,,,,,,,,,,,,,,,,,,,,,,,,,,,,,,,,,,,,,,,,,,,,,,,,,,,,
,,,,,,,,,,,,,,,,,,,,,,,,,,,,,,,,,,,,,,,,,,,,,,,,,,,,,,,,,,,
,,,,,,,,,,,,,,,,,,,,,,,,,,,,,,,,,,,,,,,,,,,,,,,,,,,,,,,,,,,
,,,,,,,,,,,,,,,,,,,,,,,,,,,,,,,,,,,,,,,,,,,,,,,,,,,,,,,,,,,
,,,,,,,,,,,,,,,,,,,,,,,,,,,,,,,,,,,,,,,,,,,,,,,,,,,,,,,,,,,
,,,,,,,,,,,,,,,,,,,,,,,,,,,,,,,,,,,,,,,,,,,,,,,,,,,,,,,,,,,
,,,,,,,,,,,,,,,,,,,,,,,,,,,,,,,,,,,,,,,,,,,,,,,,,,,,,,,,,,,
,,,,,,,,,,,,,,,,,,,,,,,,,,,,,,,,,,,,,,,,,,,,,,,,,,,,,,,,,,,
,,,,,,,,,,,,,,,,,,,,,,,,,,,,,,,,,,,,,,,,,,,,,,,,,,,,,,,,,,,
,,,,,,,,,,,,,,,,,,,,,,,,,,,,,,,,,,,,,,,,,,,,,,,,,,,,,,,,,,,
,,,,,,,,,,,,,,,,,,,,,,,,,,,,,,,,,,,,,,,,,,,,,,,,,,,,,,,,,,,
,,,,,,,,,,,,,,,,,,,,,,,,,,,,,,,,,,,,,,,,,,,,,,,,,,,,,,,,,,,
,,,,,,,,,,,,,,,,,,,,,,,,,,,,,,,,,,,,,,,,,,,,,,,,,,,,,,,,,,,
,,,,,,,,,,,,,,,,,,,,,,,,,,,,,,,,,,,,,,,,,,,,,,,,,,,,,,,,,,,
,,,,,,,,,,,,,,,,,,,,,,,,,,,,,,,,,,,,,,,,,,,,,,,,,,,,,,,,,,,
,,,,,,,,,,,,,,,,,,,,,,,,,,,,,,,,,,,,,,,,,,,,,,,,,,,,,,,,,,,
,,,,,,,,,,,,,,,,,,,,,,,,,,,,,,,,,,,,,,,,,,,,,,,,,,,,,,,,,,,
,,,,,,,,,,,,,,,,,,,,,,,,,,,,,,,,,,,,,,,,,,,,,,,,,,,,,,,,,,,
,,,,,,,,,,,,,,,,,,,,,,,,,,,,,,,,,,,,,,,,,,,,,,,,,,,,,,,,,,,
,,,,,,,,,,,,,,,,,,,,,,,,,,,,,,,,,,,,,,,,,,,,,,,,,,,,,,,,,,,
,,,,,,,,,,,,,,,,,,,,,,,,,,,,,,,,,,,,,,,,,,,,,,,,,,,,,,,,,,,
,,,,,,,,,,,,,,,,,,,,,,,,,,,,,,,,,,,,,,,,,,,,,,,,,,,,,,,,,,,
,,,,,,,,,,,,,,,,,,,,,,,,,,,,,,,,,,,,,,,,,,,,,,,,,,,,,,,,,,,
,,,,,,,,,,,,,,,,,,,,,,,,,,,,,,,,,,,,,,,,,,,,,,,,,,,,,,,,,,,
,,,,,,,,,,,,,,,,,,,,,,,,,,,,,,,,,,,,,,,,,,,,,,,,,,,,,,,,,,,
,,,,,,,,,,,,,,,,,,,,,,,,,,,,,,,,,,,,,,,,,,,,,,,,,,,,,,,,,,,
,,,,,,,,,,,,,,,,,,,,,,,,,,,,,,,,,,,,,,,,,,,,,,,,,,,,,,,,,,,
,,,,,,,,,,,,,,,,,,,,,,,,,,,,,,,,,,,,,,,,,,,,,,,,,,,,,,,,,,,
,,,,,,,,,,,,,,,,,,,,,,,,,,,,,,,,,,,,,,,,,,,,,,,,,,,,,,,,,,,
,,,,,,,,,,,,,,,,,,,,,,,,,,,,,,,,,,,,,,,,,,,,,,,,,,,,,,,,,,,
,,,,,,,,,,,,,,,,,,,,,,,,,,,,,,,,,,,,,,,,,,,,,,,,,,,,,,,,,,,
,,,,,,,,,,,,,,,,,,,,,,,,,,,,,,,,,,,,,,,,,,,,,,,,,,,,,,,,,,,
,,,,,,,,,,,,,,,,,,,,,,,,,,,,,,,,,,,,,,,,,,,,,,,,,,,,,,,,,,,
,,,,,,,,,,,,,,,,,,,,,,,,,,,,,,,,,,,,,,,,,,,,,,,,,,,,,,,,,,,
,,,,,,,,,,,,,,,,,,,,,,,,,,,,,,,,,,,,,,,,,,,,,,,,,,,,,,,,,,,
,,,,,,,,,,,,,,,,,,,,,,,,,,,,,,,,,,,,,,,,,,,,,,,,,,,,,,,,,,,
,,,,,,,,,,,,,,,,,,,,,,,,,,,,,,,,,,,,,,,,,,,,,,,,,,,,,,,,,,,
,,,,,,,,,,,,,,,,,,,,,,,,,,,,,,,,,,,,,,,,,,,,,,,,,,,,,,,,,,,
,,,,,,,,,,,,,,,,,,,,,,,,,,,,,,,,,,,,,,,,,,,,,,,,,,,,,,,,,,,
,,,,,,,,,,,,,,,,,,,,,,,,,,,,,,,,,,,,,,,,,,,,,,,,,,,,,,,,,,,
,,,,,,,,,,,,,,,,,,,,,,,,,,,,,,,,,,,,,,,,,,,,,,,,,,,,,,,,,,,
,,,,,,,,,,,,,,,,,,,,,,,,,,,,,,,,,,,,,,,,,,,,,,,,,,,,,,,,,,,
,,,,,,,,,,,,,,,,,,,,,,,,,,,,,,,,,,,,,,,,,,,,,,,,,,,,,,,,,,,
,,,,,,,,,,,,,,,,,,,,,,,,,,,,,,,,,,,,,,,,,,,,,,,,,,,,,,,,,,,
,,,,,,,,,,,,,,,,,,,,,,,,,,,,,,,,,,,,,,,,,,,,,,,,,,,,,,,,,,,
,,,,,,,,,,,,,,,,,,,,,,,,,,,,,,,,,,,,,,,,,,,,,,,,,,,,,,,,,,,
,,,,,,,,,,,,,,,,,,,,,,,,,,,,,,,,,,,,,,,,,,,,,,,,,,,,,,,,,,,
,,,,,,,,,,,,,,,,,,,,,,,,,,,,,,,,,,,,,,,,,,,,,,,,,,,,,,,,,,,
,,,,,,,,,,,,,,,,,,,,,,,,,,,,,,,,,,,,,,,,,,,,,,,,,,,,,,,,,,,
,,,,,,,,,,,,,,,,,,,,,,,,,,,,,,,,,,,,,,,,,,,,,,,,,,,,,,,,,,,
,,,,,,,,,,,,,,,,,,,,,,,,,,,,,,,,,,,,,,,,,,,,,,,,,,,,,,,,,,,
,,,,,,,,,,,,,,,,,,,,,,,,,,,,,,,,,,,,,,,,,,,,,,,,,,,,,,,,,,,
,,,,,,,,,,,,,,,,,,,,,,,,,,,,,,,,,,,,,,,,,,,,,,,,,,,,,,,,,,,
,,,,,,,,,,,,,,,,,,,,,,,,,,,,,,,,,,,,,,,,,,,,,,,,,,,,,,,,,,,
,,,,,,,,,,,,,,,,,,,,,,,,,,,,,,,,,,,,,,,,,,,,,,,,,,,,,,,,,,,
,,,,,,,,,,,,,,,,,,,,,,,,,,,,,,,,,,,,,,,,,,,,,,,,,,,,,,,,,,,
,,,,,,,,,,,,,,,,,,,,,,,,,,,,,,,,,,,,,,,,,,,,,,,,,,,,,,,,,,,
,,,,,,,,,,,,,,,,,,,,,,,,,,,,,,,,,,,,,,,,,,,,,,,,,,,,,,,,,,,
,,,,,,,,,,,,,,,,,,,,,,,,,,,,,,,,,,,,,,,,,,,,,,,,,,,,,,,,,,,
,,,,,,,,,,,,,,,,,,,,,,,,,,,,,,,,,,,,,,,,,,,,,,,,,,,,,,,,,,,
,,,,,,,,,,,,,,,,,,,,,,,,,,,,,,,,,,,,,,,,,,,,,,,,,,,,,,,,,,,
,,,,,,,,,,,,,,,,,,,,,,,,,,,,,,,,,,,,,,,,,,,,,,,,,,,,,,,,,,,
,,,,,,,,,,,,,,,,,,,,,,,,,,,,,,,,,,,,,,,,,,,,,,,,,,,,,,,,,,,
,,,,,,,,,,,,,,,,,,,,,,,,,,,,,,,,,,,,,,,,,,,,,,,,,,,,,,,,,,,
,,,,,,,,,,,,,,,,,,,,,,,,,,,,,,,,,,,,,,,,,,,,,,,,,,,,,,,,,,,
,,,,,,,,,,,,,,,,,,,,,,,,,,,,,,,,,,,,,,,,,,,,,,,,,,,,,,,,,,,
,,,,,,,,,,,,,,,,,,,,,,,,,,,,,,,,,,,,,,,,,,,,,,,,,,,,,,,,,,,
,,,,,,,,,,,,,,,,,,,,,,,,,,,,,,,,,,,,,,,,,,,,,,,,,,,,,,,,,,,
,,,,,,,,,,,,,,,,,,,,,,,,,,,,,,,,,,,,,,,,,,,,,,,,,,,,,,,,,,,
,,,,,,,,,,,,,,,,,,,,,,,,,,,,,,,,,,,,,,,,,,,,,,,,,,,,,,,,,,,
,,,,,,,,,,,,,,,,,,,,,,,,,,,,,,,,,,,,,,,,,,,,,,,,,,,,,,,,,,,
,,,,,,,,,,,,,,,,,,,,,,,,,,,,,,,,,,,,,,,,,,,,,,,,,,,,,,,,,,,
,,,,,,,,,,,,,,,,,,,,,,,,,,,,,,,,,,,,,,,,,,,,,,,,,,,,,,,,,,,
,,,,,,,,,,,,,,,,,,,,,,,,,,,,,,,,,,,,,,,,,,,,,,,,,,,,,,,,,,,
,,,,,,,,,,,,,,,,,,,,,,,,,,,,,,,,,,,,,,,,,,,,,,,,,,,,,,,,,,,
,,,,,,,,,,,,,,,,,,,,,,,,,,,,,,,,,,,,,,,,,,,,,,,,,,,,,,,,,,,
,,,,,,,,,,,,,,,,,,,,,,,,,,,,,,,,,,,,,,,,,,,,,,,,,,,,,,,,,,,
,,,,,,,,,,,,,,,,,,,,,,,,,,,,,,,,,,,,,,,,,,,,,,,,,,,,,,,,,,,
,,,,,,,,,,,,,,,,,,,,,,,,,,,,,,,,,,,,,,,,,,,,,,,,,,,,,,,,,,,
,,,,,,,,,,,,,,,,,,,,,,,,,,,,,,,,,,,,,,,,,,,,,,,,,,,,,,,,,,,
,,,,,,,,,,,,,,,,,,,,,,,,,,,,,,,,,,,,,,,,,,,,,,,,,,,,,,,,,,,
,,,,,,,,,,,,,,,,,,,,,,,,,,,,,,,,,,,,,,,,,,,,,,,,,,,,,,,,,,,
,,,,,,,,,,,,,,,,,,,,,,,,,,,,,,,,,,,,,,,,,,,,,,,,,,,,,,,,,,,
,,,,,,,,,,,,,,,,,,,,,,,,,,,,,,,,,,,,,,,,,,,,,,,,,,,,,,,,,,,
,,,,,,,,,,,,,,,,,,,,,,,,,,,,,,,,,,,,,,,,,,,,,,,,,,,,,,,,,,,
,,,,,,,,,,,,,,,,,,,,,,,,,,,,,,,,,,,,,,,,,,,,,,,,,,,,,,,,,,,
,,,,,,,,,,,,,,,,,,,,,,,,,,,,,,,,,,,,,,,,,,,,,,,,,,,,,,,,,,,
,,,,,,,,,,,,,,,,,,,,,,,,,,,,,,,,,,,,,,,,,,,,,,,,,,,,,,,,,,,
,,,,,,,,,,,,,,,,,,,,,,,,,,,,,,,,,,,,,,,,,,,,,,,,,,,,,,,,,,,
,,,,,,,,,,,,,,,,,,,,,,,,,,,,,,,,,,,,,,,,,,,,,,,,,,,,,,,,,,,
,,,,,,,,,,,,,,,,,,,,,,,,,,,,,,,,,,,,,,,,,,,,,,,,,,,,,,,,,,,
,,,,,,,,,,,,,,,,,,,,,,,,,,,,,,,,,,,,,,,,,,,,,,,,,,,,,,,,,,,
,,,,,,,,,,,,,,,,,,,,,,,,,,,,,,,,,,,,,,,,,,,,,,,,,,,,,,,,,,,
,,,,,,,,,,,,,,,,,,,,,,,,,,,,,,,,,,,,,,,,,,,,,,,,,,,,,,,,,,,
,,,,,,,,,,,,,,,,,,,,,,,,,,,,,,,,,,,,,,,,,,,,,,,,,,,,,,,,,,,
,,,,,,,,,,,,,,,,,,,,,,,,,,,,,,,,,,,,,,,,,,,,,,,,,,,,,,,,,,,
,,,,,,,,,,,,,,,,,,,,,,,,,,,,,,,,,,,,,,,,,,,,,,,,,,,,,,,,,,,
,,,,,,,,,,,,,,,,,,,,,,,,,,,,,,,,,,,,,,,,,,,,,,,,,,,,,,,,,,,
,,,,,,,,,,,,,,,,,,,,,,,,,,,,,,,,,,,,,,,,,,,,,,,,,,,,,,,,,,,
,,,,,,,,,,,,,,,,,,,,,,,,,,,,,,,,,,,,,,,,,,,,,,,,,,,,,,,,,,,
,,,,,,,,,,,,,,,,,,,,,,,,,,,,,,,,,,,,,,,,,,,,,,,,,,,,,,,,,,,
,,,,,,,,,,,,,,,,,,,,,,,,,,,,,,,,,,,,,,,,,,,,,,,,,,,,,,,,,,,
,,,,,,,,,,,,,,,,,,,,,,,,,,,,,,,,,,,,,,,,,,,,,,,,,,,,,,,,,,,
,,,,,,,,,,,,,,,,,,,,,,,,,,,,,,,,,,,,,,,,,,,,,,,,,,,,,,,,,,,
,,,,,,,,,,,,,,,,,,,,,,,,,,,,,,,,,,,,,,,,,,,,,,,,,,,,,,,,,,,
,,,,,,,,,,,,,,,,,,,,,,,,,,,,,,,,,,,,,,,,,,,,,,,,,,,,,,,,,,,
,,,,,,,,,,,,,,,,,,,,,,,,,,,,,,,,,,,,,,,,,,,,,,,,,,,,,,,,,,,
,,,,,,,,,,,,,,,,,,,,,,,,,,,,,,,,,,,,,,,,,,,,,,,,,,,,,,,,,,,
,,,,,,,,,,,,,,,,,,,,,,,,,,,,,,,,,,,,,,,,,,,,,,,,,,,,,,,,,,,
,,,,,,,,,,,,,,,,,,,,,,,,,,,,,,,,,,,,,,,,,,,,,,,,,,,,,,,,,,,
,,,,,,,,,,,,,,,,,,,,,,,,,,,,,,,,,,,,,,,,,,,,,,,,,,,,,,,,,,,
,,,,,,,,,,,,,,,,,,,,,,,,,,,,,,,,,,,,,,,,,,,,,,,,,,,,,,,,,,,
,,,,,,,,,,,,,,,,,,,,,,,,,,,,,,,,,,,,,,,,,,,,,,,,,,,,,,,,,,,
,,,,,,,,,,,,,,,,,,,,,,,,,,,,,,,,,,,,,,,,,,,,,,,,,,,,,,,,,,,
,,,,,,,,,,,,,,,,,,,,,,,,,,,,,,,,,,,,,,,,,,,,,,,,,,,,,,,,,,,
,,,,,,,,,,,,,,,,,,,,,,,,,,,,,,,,,,,,,,,,,,,,,,,,,,,,,,,,,,,
,,,,,,,,,,,,,,,,,,,,,,,,,,,,,,,,,,,,,,,,,,,,,,,,,,,,,,,,,,,
,,,,,,,,,,,,,,,,,,,,,,,,,,,,,,,,,,,,,,,,,,,,,,,,,,,,,,,,,,,
,,,,,,,,,,,,,,,,,,,,,,,,,,,,,,,,,,,,,,,,,,,,,,,,,,,,,,,,,,,
,,,,,,,,,,,,,,,,,,,,,,,,,,,,,,,,,,,,,,,,,,,,,,,,,,,,,,,,,,,
,,,,,,,,,,,,,,,,,,,,,,,,,,,,,,,,,,,,,,,,,,,,,,,,,,,,,,,,,,,
,,,,,,,,,,,,,,,,,,,,,,,,,,,,,,,,,,,,,,,,,,,,,,,,,,,,,,,,,,,
,,,,,,,,,,,,,,,,,,,,,,,,,,,,,,,,,,,,,,,,,,,,,,,,,,,,,,,,,,,
,,,,,,,,,,,,,,,,,,,,,,,,,,,,,,,,,,,,,,,,,,,,,,,,,,,,,,,,,,,
,,,,,,,,,,,,,,,,,,,,,,,,,,,,,,,,,,,,,,,,,,,,,,,,,,,,,,,,,,,
,,,,,,,,,,,,,,,,,,,,,,,,,,,,,,,,,,,,,,,,,,,,,,,,,,,,,,,,,,,
,,,,,,,,,,,,,,,,,,,,,,,,,,,,,,,,,,,,,,,,,,,,,,,,,,,,,,,,,,,
,,,,,,,,,,,,,,,,,,,,,,,,,,,,,,,,,,,,,,,,,,,,,,,,,,,,,,,,,,,
,,,,,,,,,,,,,,,,,,,,,,,,,,,,,,,,,,,,,,,,,,,,,,,,,,,,,,,,,,,
,,,,,,,,,,,,,,,,,,,,,,,,,,,,,,,,,,,,,,,,,,,,,,,,,,,,,,,,,,,
,,,,,,,,,,,,,,,,,,,,,,,,,,,,,,,,,,,,,,,,,,,,,,,,,,,,,,,,,,,
,,,,,,,,,,,,,,,,,,,,,,,,,,,,,,,,,,,,,,,,,,,,,,,,,,,,,,,,,,,
,,,,,,,,,,,,,,,,,,,,,,,,,,,,,,,,,,,,,,,,,,,,,,,,,,,,,,,,,,,
,,,,,,,,,,,,,,,,,,,,,,,,,,,,,,,,,,,,,,,,,,,,,,,,,,,,,,,,,,,
,,,,,,,,,,,,,,,,,,,,,,,,,,,,,,,,,,,,,,,,,,,,,,,,,,,,,,,,,,,
,,,,,,,,,,,,,,,,,,,,,,,,,,,,,,,,,,,,,,,,,,,,,,,,,,,,,,,,,,,
,,,,,,,,,,,,,,,,,,,,,,,,,,,,,,,,,,,,,,,,,,,,,,,,,,,,,,,,,,,
,,,,,,,,,,,,,,,,,,,,,,,,,,,,,,,,,,,,,,,,,,,,,,,,,,,,,,,,,,,
,,,,,,,,,,,,,,,,,,,,,,,,,,,,,,,,,,,,,,,,,,,,,,,,,,,,,,,,,,,
,,,,,,,,,,,,,,,,,,,,,,,,,,,,,,,,,,,,,,,,,,,,,,,,,,,,,,,,,,,
,,,,,,,,,,,,,,,,,,,,,,,,,,,,,,,,,,,,,,,,,,,,,,,,,,,,,,,,,,,
,,,,,,,,,,,,,,,,,,,,,,,,,,,,,,,,,,,,,,,,,,,,,,,,,,,,,,,,,,,
,,,,,,,,,,,,,,,,,,,,,,,,,,,,,,,,,,,,,,,,,,,,,,,,,,,,,,,,,,,
,,,,,,,,,,,,,,,,,,,,,,,,,,,,,,,,,,,,,,,,,,,,,,,,,,,,,,,,,,,
,,,,,,,,,,,,,,,,,,,,,,,,,,,,,,,,,,,,,,,,,,,,,,,,,,,,,,,,,,,
,,,,,,,,,,,,,,,,,,,,,,,,,,,,,,,,,,,,,,,,,,,,,,,,,,,,,,,,,,,
,,,,,,,,,,,,,,,,,,,,,,,,,,,,,,,,,,,,,,,,,,,,,,,,,,,,,,,,,,,
,,,,,,,,,,,,,,,,,,,,,,,,,,,,,,,,,,,,,,,,,,,,,,,,,,,,,,,,,,,
,,,,,,,,,,,,,,,,,,,,,,,,,,,,,,,,,,,,,,,,,,,,,,,,,,,,,,,,,,,
,,,,,,,,,,,,,,,,,,,,,,,,,,,,,,,,,,,,,,,,,,,,,,,,,,,,,,,,,,,
,,,,,,,,,,,,,,,,,,,,,,,,,,,,,,,,,,,,,,,,,,,,,,,,,,,,,,,,,,,
,,,,,,,,,,,,,,,,,,,,,,,,,,,,,,,,,,,,,,,,,,,,,,,,,,,,,,,,,,,
,,,,,,,,,,,,,,,,,,,,,,,,,,,,,,,,,,,,,,,,,,,,,,,,,,,,,,,,,,,
,,,,,,,,,,,,,,,,,,,,,,,,,,,,,,,,,,,,,,,,,,,,,,,,,,,,,,,,,,,
,,,,,,,,,,,,,,,,,,,,,,,,,,,,,,,,,,,,,,,,,,,,,,,,,,,,,,,,,,,
,,,,,,,,,,,,,,,,,,,,,,,,,,,,,,,,,,,,,,,,,,,,,,,,,,,,,,,,,,,
,,,,,,,,,,,,,,,,,,,,,,,,,,,,,,,,,,,,,,,,,,,,,,,,,,,,,,,,,,,
,,,,,,,,,,,,,,,,,,,,,,,,,,,,,,,,,,,,,,,,,,,,,,,,,,,,,,,,,,,
,,,,,,,,,,,,,,,,,,,,,,,,,,,,,,,,,,,,,,,,,,,,,,,,,,,,,,,,,,,
,,,,,,,,,,,,,,,,,,,,,,,,,,,,,,,,,,,,,,,,,,,,,,,,,,,,,,,,,,,
,,,,,,,,,,,,,,,,,,,,,,,,,,,,,,,,,,,,,,,,,,,,,,,,,,,,,,,,,,,
,,,,,,,,,,,,,,,,,,,,,,,,,,,,,,,,,,,,,,,,,,,,,,,,,,,,,,,,,,,
,,,,,,,,,,,,,,,,,,,,,,,,,,,,,,,,,,,,,,,,,,,,,,,,,,,,,,,,,,,
,,,,,,,,,,,,,,,,,,,,,,,,,,,,,,,,,,,,,,,,,,,,,,,,,,,,,,,,,,,
,,,,,,,,,,,,,,,,,,,,,,,,,,,,,,,,,,,,,,,,,,,,,,,,,,,,,,,,,,,
,,,,,,,,,,,,,,,,,,,,,,,,,,,,,,,,,,,,,,,,,,,,,,,,,,,,,,,,,,,
,,,,,,,,,,,,,,,,,,,,,,,,,,,,,,,,,,,,,,,,,,,,,,,,,,,,,,,,,,,
,,,,,,,,,,,,,,,,,,,,,,,,,,,,,,,,,,,,,,,,,,,,,,,,,,,,,,,,,,,
,,,,,,,,,,,,,,,,,,,,,,,,,,,,,,,,,,,,,,,,,,,,,,,,,,,,,,,,,,,
,,,,,,,,,,,,,,,,,,,,,,,,,,,,,,,,,,,,,,,,,,,,,,,,,,,,,,,,,,,
,,,,,,,,,,,,,,,,,,,,,,,,,,,,,,,,,,,,,,,,,,,,,,,,,,,,,,,,,,,
,,,,,,,,,,,,,,,,,,,,,,,,,,,,,,,,,,,,,,,,,,,,,,,,,,,,,,,,,,,
,,,,,,,,,,,,,,,,,,,,,,,,,,,,,,,,,,,,,,,,,,,,,,,,,,,,,,,,,,,
,,,,,,,,,,,,,,,,,,,,,,,,,,,,,,,,,,,,,,,,,,,,,,,,,,,,,,,,,,,
,,,,,,,,,,,,,,,,,,,,,,,,,,,,,,,,,,,,,,,,,,,,,,,,,,,,,,,,,,,
,,,,,,,,,,,,,,,,,,,,,,,,,,,,,,,,,,,,,,,,,,,,,,,,,,,,,,,,,,,
,,,,,,,,,,,,,,,,,,,,,,,,,,,,,,,,,,,,,,,,,,,,,,,,,,,,,,,,,,,
,,,,,,,,,,,,,,,,,,,,,,,,,,,,,,,,,,,,,,,,,,,,,,,,,,,,,,,,,,,
,,,,,,,,,,,,,,,,,,,,,,,,,,,,,,,,,,,,,,,,,,,,,,,,,,,,,,,,,,,
,,,,,,,,,,,,,,,,,,,,,,,,,,,,,,,,,,,,,,,,,,,,,,,,,,,,,,,,,,,
,,,,,,,,,,,,,,,,,,,,,,,,,,,,,,,,,,,,,,,,,,,,,,,,,,,,,,,,,,,
,,,,,,,,,,,,,,,,,,,,,,,,,,,,,,,,,,,,,,,,,,,,,,,,,,,,,,,,,,,
,,,,,,,,,,,,,,,,,,,,,,,,,,,,,,,,,,,,,,,,,,,,,,,,,,,,,,,,,,,
,,,,,,,,,,,,,,,,,,,,,,,,,,,,,,,,,,,,,,,,,,,,,,,,,,,,,,,,,,,
,,,,,,,,,,,,,,,,,,,,,,,,,,,,,,,,,,,,,,,,,,,,,,,,,,,,,,,,,,,
,,,,,,,,,,,,,,,,,,,,,,,,,,,,,,,,,,,,,,,,,,,,,,,,,,,,,,,,,,,
,,,,,,,,,,,,,,,,,,,,,,,,,,,,,,,,,,,,,,,,,,,,,,,,,,,,,,,,,,,
,,,,,,,,,,,,,,,,,,,,,,,,,,,,,,,,,,,,,,,,,,,,,,,,,,,,,,,,,,,
,,,,,,,,,,,,,,,,,,,,,,,,,,,,,,,,,,,,,,,,,,,,,,,,,,,,,,,,,,,
,,,,,,,,,,,,,,,,,,,,,,,,,,,,,,,,,,,,,,,,,,,,,,,,,,,,,,,,,,,
,,,,,,,,,,,,,,,,,,,,,,,,,,,,,,,,,,,,,,,,,,,,,,,,,,,,,,,,,,,
,,,,,,,,,,,,,,,,,,,,,,,,,,,,,,,,,,,,,,,,,,,,,,,,,,,,,,,,,,,
,,,,,,,,,,,,,,,,,,,,,,,,,,,,,,,,,,,,,,,,,,,,,,,,,,,,,,,,,,,
,,,,,,,,,,,,,,,,,,,,,,,,,,,,,,,,,,,,,,,,,,,,,,,,,,,,,,,,,,,
,,,,,,,,,,,,,,,,,,,,,,,,,,,,,,,,,,,,,,,,,,,,,,,,,,,,,,,,,,,
,,,,,,,,,,,,,,,,,,,,,,,,,,,,,,,,,,,,,,,,,,,,,,,,,,,,,,,,,,,
,,,,,,,,,,,,,,,,,,,,,,,,,,,,,,,,,,,,,,,,,,,,,,,,,,,,,,,,,,,
,,,,,,,,,,,,,,,,,,,,,,,,,,,,,,,,,,,,,,,,,,,,,,,,,,,,,,,,,,,
,,,,,,,,,,,,,,,,,,,,,,,,,,,,,,,,,,,,,,,,,,,,,,,,,,,,,,,,,,,
,,,,,,,,,,,,,,,,,,,,,,,,,,,,,,,,,,,,,,,,,,,,,,,,,,,,,,,,,,,
,,,,,,,,,,,,,,,,,,,,,,,,,,,,,,,,,,,,,,,,,,,,,,,,,,,,,,,,,,,
,,,,,,,,,,,,,,,,,,,,,,,,,,,,,,,,,,,,,,,,,,,,,,,,,,,,,,,,,,,
,,,,,,,,,,,,,,,,,,,,,,,,,,,,,,,,,,,,,,,,,,,,,,,,,,,,,,,,,,,
,,,,,,,,,,,,,,,,,,,,,,,,,,,,,,,,,,,,,,,,,,,,,,,,,,,,,,,,,,,
,,,,,,,,,,,,,,,,,,,,,,,,,,,,,,,,,,,,,,,,,,,,,,,,,,,,,,,,,,,
,,,,,,,,,,,,,,,,,,,,,,,,,,,,,,,,,,,,,,,,,,,,,,,,,,,,,,,,,,,
,,,,,,,,,,,,,,,,,,,,,,,,,,,,,,,,,,,,,,,,,,,,,,,,,,,,,,,,,,,
,,,,,,,,,,,,,,,,,,,,,,,,,,,,,,,,,,,,,,,,,,,,,,,,,,,,,,,,,,,
,,,,,,,,,,,,,,,,,,,,,,,,,,,,,,,,,,,,,,,,,,,,,,,,,,,,,,,,,,,
,,,,,,,,,,,,,,,,,,,,,,,,,,,,,,,,,,,,,,,,,,,,,,,,,,,,,,,,,,,
,,,,,,,,,,,,,,,,,,,,,,,,,,,,,,,,,,,,,,,,,,,,,,,,,,,,,,,,,,,
,,,,,,,,,,,,,,,,,,,,,,,,,,,,,,,,,,,,,,,,,,,,,,,,,,,,,,,,,,,
,,,,,,,,,,,,,,,,,,,,,,,,,,,,,,,,,,,,,,,,,,,,,,,,,,,,,,,,,,,
,,,,,,,,,,,,,,,,,,,,,,,,,,,,,,,,,,,,,,,,,,,,,,,,,,,,,,,,,,,
,,,,,,,,,,,,,,,,,,,,,,,,,,,,,,,,,,,,,,,,,,,,,,,,,,,,,,,,,,,
,,,,,,,,,,,,,,,,,,,,,,,,,,,,,,,,,,,,,,,,,,,,,,,,,,,,,,,,,,,
,,,,,,,,,,,,,,,,,,,,,,,,,,,,,,,,,,,,,,,,,,,,,,,,,,,,,,,,,,,
,,,,,,,,,,,,,,,,,,,,,,,,,,,,,,,,,,,,,,,,,,,,,,,,,,,,,,,,,,,
,,,,,,,,,,,,,,,,,,,,,,,,,,,,,,,,,,,,,,,,,,,,,,,,,,,,,,,,,,,
,,,,,,,,,,,,,,,,,,,,,,,,,,,,,,,,,,,,,,,,,,,,,,,,,,,,,,,,,,,
,,,,,,,,,,,,,,,,,,,,,,,,,,,,,,,,,,,,,,,,,,,,,,,,,,,,,,,,,,,
,,,,,,,,,,,,,,,,,,,,,,,,,,,,,,,,,,,,,,,,,,,,,,,,,,,,,,,,,,,
,,,,,,,,,,,,,,,,,,,,,,,,,,,,,,,,,,,,,,,,,,,,,,,,,,,,,,,,,,,
,,,,,,,,,,,,,,,,,,,,,,,,,,,,,,,,,,,,,,,,,,,,,,,,,,,,,,,,,,,
,,,,,,,,,,,,,,,,,,,,,,,,,,,,,,,,,,,,,,,,,,,,,,,,,,,,,,,,,,,
,,,,,,,,,,,,,,,,,,,,,,,,,,,,,,,,,,,,,,,,,,,,,,,,,,,,,,,,,,,
,,,,,,,,,,,,,,,,,,,,,,,,,,,,,,,,,,,,,,,,,,,,,,,,,,,,,,,,,,,
,,,,,,,,,,,,,,,,,,,,,,,,,,,,,,,,,,,,,,,,,,,,,,,,,,,,,,,,,,,
,,,,,,,,,,,,,,,,,,,,,,,,,,,,,,,,,,,,,,,,,,,,,,,,,,,,,,,,,,,
,,,,,,,,,,,,,,,,,,,,,,,,,,,,,,,,,,,,,,,,,,,,,,,,,,,,,,,,,,,
,,,,,,,,,,,,,,,,,,,,,,,,,,,,,,,,,,,,,,,,,,,,,,,,,,,,,,,,,,,
,,,,,,,,,,,,,,,,,,,,,,,,,,,,,,,,,,,,,,,,,,,,,,,,,,,,,,,,,,,
,,,,,,,,,,,,,,,,,,,,,,,,,,,,,,,,,,,,,,,,,,,,,,,,,,,,,,,,,,,
,,,,,,,,,,,,,,,,,,,,,,,,,,,,,,,,,,,,,,,,,,,,,,,,,,,,,,,,,,,
,,,,,,,,,,,,,,,,,,,,,,,,,,,,,,,,,,,,,,,,,,,,,,,,,,,,,,,,,,,
,,,,,,,,,,,,,,,,,,,,,,,,,,,,,,,,,,,,,,,,,,,,,,,,,,,,,,,,,,,
,,,,,,,,,,,,,,,,,,,,,,,,,,,,,,,,,,,,,,,,,,,,,,,,,,,,,,,,,,,
,,,,,,,,,,,,,,,,,,,,,,,,,,,,,,,,,,,,,,,,,,,,,,,,,,,,,,,,,,,
,,,,,,,,,,,,,,,,,,,,,,,,,,,,,,,,,,,,,,,,,,,,,,,,,,,,,,,,,,,
,,,,,,,,,,,,,,,,,,,,,,,,,,,,,,,,,,,,,,,,,,,,,,,,,,,,,,,,,,,
,,,,,,,,,,,,,,,,,,,,,,,,,,,,,,,,,,,,,,,,,,,,,,,,,,,,,,,,,,,
,,,,,,,,,,,,,,,,,,,,,,,,,,,,,,,,,,,,,,,,,,,,,,,,,,,,,,,,,,,
,,,,,,,,,,,,,,,,,,,,,,,,,,,,,,,,,,,,,,,,,,,,,,,,,,,,,,,,,,,
,,,,,,,,,,,,,,,,,,,,,,,,,,,,,,,,,,,,,,,,,,,,,,,,,,,,,,,,,,,
,,,,,,,,,,,,,,,,,,,,,,,,,,,,,,,,,,,,,,,,,,,,,,,,,,,,,,,,,,,
,,,,,,,,,,,,,,,,,,,,,,,,,,,,,,,,,,,,,,,,,,,,,,,,,,,,,,,,,,,
,,,,,,,,,,,,,,,,,,,,,,,,,,,,,,,,,,,,,,,,,,,,,,,,,,,,,,,,,,,
,,,,,,,,,,,,,,,,,,,,,,,,,,,,,,,,,,,,,,,,,,,,,,,,,,,,,,,,,,,
,,,,,,,,,,,,,,,,,,,,,,,,,,,,,,,,,,,,,,,,,,,,,,,,,,,,,,,,,,,
,,,,,,,,,,,,,,,,,,,,,,,,,,,,,,,,,,,,,,,,,,,,,,,,,,,,,,,,,,,
,,,,,,,,,,,,,,,,,,,,,,,,,,,,,,,,,,,,,,,,,,,,,,,,,,,,,,,,,,,
,,,,,,,,,,,,,,,,,,,,,,,,,,,,,,,,,,,,,,,,,,,,,,,,,,,,,,,,,,,
,,,,,,,,,,,,,,,,,,,,,,,,,,,,,,,,,,,,,,,,,,,,,,,,,,,,,,,,,,,
,,,,,,,,,,,,,,,,,,,,,,,,,,,,,,,,,,,,,,,,,,,,,,,,,,,,,,,,,,,
,,,,,,,,,,,,,,,,,,,,,,,,,,,,,,,,,,,,,,,,,,,,,,,,,,,,,,,,,,,
,,,,,,,,,,,,,,,,,,,,,,,,,,,,,,,,,,,,,,,,,,,,,,,,,,,,,,,,,,,
,,,,,,,,,,,,,,,,,,,,,,,,,,,,,,,,,,,,,,,,,,,,,,,,,,,,,,,,,,,
,,,,,,,,,,,,,,,,,,,,,,,,,,,,,,,,,,,,,,,,,,,,,,,,,,,,,,,,,,,
,,,,,,,,,,,,,,,,,,,,,,,,,,,,,,,,,,,,,,,,,,,,,,,,,,,,,,,,,,,
,,,,,,,,,,,,,,,,,,,,,,,,,,,,,,,,,,,,,,,,,,,,,,,,,,,,,,,,,,,
,,,,,,,,,,,,,,,,,,,,,,,,,,,,,,,,,,,,,,,,,,,,,,,,,,,,,,,,,,,
,,,,,,,,,,,,,,,,,,,,,,,,,,,,,,,,,,,,,,,,,,,,,,,,,,,,,,,,,,,
,,,,,,,,,,,,,,,,,,,,,,,,,,,,,,,,,,,,,,,,,,,,,,,,,,,,,,,,,,,
,,,,,,,,,,,,,,,,,,,,,,,,,,,,,,,,,,,,,,,,,,,,,,,,,,,,,,,,,,,
,,,,,,,,,,,,,,,,,,,,,,,,,,,,,,,,,,,,,,,,,,,,,,,,,,,,,,,,,,,
,,,,,,,,,,,,,,,,,,,,,,,,,,,,,,,,,,,,,,,,,,,,,,,,,,,,,,,,,,,
,,,,,,,,,,,,,,,,,,,,,,,,,,,,,,,,,,,,,,,,,,,,,,,,,,,,,,,,,,,
,,,,,,,,,,,,,,,,,,,,,,,,,,,,,,,,,,,,,,,,,,,,,,,,,,,,,,,,,,,
,,,,,,,,,,,,,,,,,,,,,,,,,,,,,,,,,,,,,,,,,,,,,,,,,,,,,,,,,,,
,,,,,,,,,,,,,,,,,,,,,,,,,,,,,,,,,,,,,,,,,,,,,,,,,,,,,,,,,,,
,,,,,,,,,,,,,,,,,,,,,,,,,,,,,,,,,,,,,,,,,,,,,,,,,,,,,,,,,,,
,,,,,,,,,,,,,,,,,,,,,,,,,,,,,,,,,,,,,,,,,,,,,,,,,,,,,,,,,,,
,,,,,,,,,,,,,,,,,,,,,,,,,,,,,,,,,,,,,,,,,,,,,,,,,,,,,,,,,,,
,,,,,,,,,,,,,,,,,,,,,,,,,,,,,,,,,,,,,,,,,,,,,,,,,,,,,,,,,,,
,,,,,,,,,,,,,,,,,,,,,,,,,,,,,,,,,,,,,,,,,,,,,,,,,,,,,,,,,,,
,,,,,,,,,,,,,,,,,,,,,,,,,,,,,,,,,,,,,,,,,,,,,,,,,,,,,,,,,,,
,,,,,,,,,,,,,,,,,,,,,,,,,,,,,,,,,,,,,,,,,,,,,,,,,,,,,,,,,,,
,,,,,,,,,,,,,,,,,,,,,,,,,,,,,,,,,,,,,,,,,,,,,,,,,,,,,,,,,,,
,,,,,,,,,,,,,,,,,,,,,,,,,,,,,,,,,,,,,,,,,,,,,,,,,,,,,,,,,,,
,,,,,,,,,,,,,,,,,,,,,,,,,,,,,,,,,,,,,,,,,,,,,,,,,,,,,,,,,,,
,,,,,,,,,,,,,,,,,,,,,,,,,,,,,,,,,,,,,,,,,,,,,,,,,,,,,,,,,,,
,,,,,,,,,,,,,,,,,,,,,,,,,,,,,,,,,,,,,,,,,,,,,,,,,,,,,,,,,,,
,,,,,,,,,,,,,,,,,,,,,,,,,,,,,,,,,,,,,,,,,,,,,,,,,,,,,,,,,,,
,,,,,,,,,,,,,,,,,,,,,,,,,,,,,,,,,,,,,,,,,,,,,,,,,,,,,,,,,,,
,,,,,,,,,,,,,,,,,,,,,,,,,,,,,,,,,,,,,,,,,,,,,,,,,,,,,,,,,,,
,,,,,,,,,,,,,,,,,,,,,,,,,,,,,,,,,,,,,,,,,,,,,,,,,,,,,,,,,,,
,,,,,,,,,,,,,,,,,,,,,,,,,,,,,,,,,,,,,,,,,,,,,,,,,,,,,,,,,,,
,,,,,,,,,,,,,,,,,,,,,,,,,,,,,,,,,,,,,,,,,,,,,,,,,,,,,,,,,,,
,,,,,,,,,,,,,,,,,,,,,,,,,,,,,,,,,,,,,,,,,,,,,,,,,,,,,,,,,,,
,,,,,,,,,,,,,,,,,,,,,,,,,,,,,,,,,,,,,,,,,,,,,,,,,,,,,,,,,,,
,,,,,,,,,,,,,,,,,,,,,,,,,,,,,,,,,,,,,,,,,,,,,,,,,,,,,,,,,,,
,,,,,,,,,,,,,,,,,,,,,,,,,,,,,,,,,,,,,,,,,,,,,,,,,,,,,,,,,,,
,,,,,,,,,,,,,,,,,,,,,,,,,,,,,,,,,,,,,,,,,,,,,,,,,,,,,,,,,,,
,,,,,,,,,,,,,,,,,,,,,,,,,,,,,,,,,,,,,,,,,,,,,,,,,,,,,,,,,,,
,,,,,,,,,,,,,,,,,,,,,,,,,,,,,,,,,,,,,,,,,,,,,,,,,,,,,,,,,,,
,,,,,,,,,,,,,,,,,,,,,,,,,,,,,,,,,,,,,,,,,,,,,,,,,,,,,,,,,,,
,,,,,,,,,,,,,,,,,,,,,,,,,,,,,,,,,,,,,,,,,,,,,,,,,,,,,,,,,,,
,,,,,,,,,,,,,,,,,,,,,,,,,,,,,,,,,,,,,,,,,,,,,,,,,,,,,,,,,,,
,,,,,,,,,,,,,,,,,,,,,,,,,,,,,,,,,,,,,,,,,,,,,,,,,,,,,,,,,,,
,,,,,,,,,,,,,,,,,,,,,,,,,,,,,,,,,,,,,,,,,,,,,,,,,,,,,,,,,,,
,,,,,,,,,,,,,,,,,,,,,,,,,,,,,,,,,,,,,,,,,,,,,,,,,,,,,,,,,,,
,,,,,,,,,,,,,,,,,,,,,,,,,,,,,,,,,,,,,,,,,,,,,,,,,,,,,,,,,,,
,,,,,,,,,,,,,,,,,,,,,,,,,,,,,,,,,,,,,,,,,,,,,,,,,,,,,,,,,,,
,,,,,,,,,,,,,,,,,,,,,,,,,,,,,,,,,,,,,,,,,,,,,,,,,,,,,,,,,,,
,,,,,,,,,,,,,,,,,,,,,,,,,,,,,,,,,,,,,,,,,,,,,,,,,,,,,,,,,,,
,,,,,,,,,,,,,,,,,,,,,,,,,,,,,,,,,,,,,,,,,,,,,,,,,,,,,,,,,,,
,,,,,,,,,,,,,,,,,,,,,,,,,,,,,,,,,,,,,,,,,,,,,,,,,,,,,,,,,,,
,,,,,,,,,,,,,,,,,,,,,,,,,,,,,,,,,,,,,,,,,,,,,,,,,,,,,,,,,,,
,,,,,,,,,,,,,,,,,,,,,,,,,,,,,,,,,,,,,,,,,,,,,,,,,,,,,,,,,,,
,,,,,,,,,,,,,,,,,,,,,,,,,,,,,,,,,,,,,,,,,,,,,,,,,,,,,,,,,,,
,,,,,,,,,,,,,,,,,,,,,,,,,,,,,,,,,,,,,,,,,,,,,,,,,,,,,,,,,,,
,,,,,,,,,,,,,,,,,,,,,,,,,,,,,,,,,,,,,,,,,,,,,,,,,,,,,,,,,,,
,,,,,,,,,,,,,,,,,,,,,,,,,,,,,,,,,,,,,,,,,,,,,,,,,,,,,,,,,,,
,,,,,,,,,,,,,,,,,,,,,,,,,,,,,,,,,,,,,,,,,,,,,,,,,,,,,,,,,,,
,,,,,,,,,,,,,,,,,,,,,,,,,,,,,,,,,,,,,,,,,,,,,,,,,,,,,,,,,,,
,,,,,,,,,,,,,,,,,,,,,,,,,,,,,,,,,,,,,,,,,,,,,,,,,,,,,,,,,,,
,,,,,,,,,,,,,,,,,,,,,,,,,,,,,,,,,,,,,,,,,,,,,,,,,,,,,,,,,,,
,,,,,,,,,,,,,,,,,,,,,,,,,,,,,,,,,,,,,,,,,,,,,,,,,,,,,,,,,,,
,,,,,,,,,,,,,,,,,,,,,,,,,,,,,,,,,,,,,,,,,,,,,,,,,,,,,,,,,,,
,,,,,,,,,,,,,,,,,,,,,,,,,,,,,,,,,,,,,,,,,,,,,,,,,,,,,,,,,,,
,,,,,,,,,,,,,,,,,,,,,,,,,,,,,,,,,,,,,,,,,,,,,,,,,,,,,,,,,,,
,,,,,,,,,,,,,,,,,,,,,,,,,,,,,,,,,,,,,,,,,,,,,,,,,,,,,,,,,,,
,,,,,,,,,,,,,,,,,,,,,,,,,,,,,,,,,,,,,,,,,,,,,,,,,,,,,,,,,,,
,,,,,,,,,,,,,,,,,,,,,,,,,,,,,,,,,,,,,,,,,,,,,,,,,,,,,,,,,,,
,,,,,,,,,,,,,,,,,,,,,,,,,,,,,,,,,,,,,,,,,,,,,,,,,,,,,,,,,,,
,,,,,,,,,,,,,,,,,,,,,,,,,,,,,,,,,,,,,,,,,,,,,,,,,,,,,,,,,,,
,,,,,,,,,,,,,,,,,,,,,,,,,,,,,,,,,,,,,,,,,,,,,,,,,,,,,,,,,,,
,,,,,,,,,,,,,,,,,,,,,,,,,,,,,,,,,,,,,,,,,,,,,,,,,,,,,,,,,,,
,,,,,,,,,,,,,,,,,,,,,,,,,,,,,,,,,,,,,,,,,,,,,,,,,,,,,,,,,,,
,,,,,,,,,,,,,,,,,,,,,,,,,,,,,,,,,,,,,,,,,,,,,,,,,,,,,,,,,,,
,,,,,,,,,,,,,,,,,,,,,,,,,,,,,,,,,,,,,,,,,,,,,,,,,,,,,,,,,,,
,,,,,,,,,,,,,,,,,,,,,,,,,,,,,,,,,,,,,,,,,,,,,,,,,,,,,,,,,,,
,,,,,,,,,,,,,,,,,,,,,,,,,,,,,,,,,,,,,,,,,,,,,,,,,,,,,,,,,,,
,,,,,,,,,,,,,,,,,,,,,,,,,,,,,,,,,,,,,,,,,,,,,,,,,,,,,,,,,,,
,,,,,,,,,,,,,,,,,,,,,,,,,,,,,,,,,,,,,,,,,,,,,,,,,,,,,,,,,,,
,,,,,,,,,,,,,,,,,,,,,,,,,,,,,,,,,,,,,,,,,,,,,,,,,,,,,,,,,,,
,,,,,,,,,,,,,,,,,,,,,,,,,,,,,,,,,,,,,,,,,,,,,,,,,,,,,,,,,,,
,,,,,,,,,,,,,,,,,,,,,,,,,,,,,,,,,,,,,,,,,,,,,,,,,,,,,,,,,,,
,,,,,,,,,,,,,,,,,,,,,,,,,,,,,,,,,,,,,,,,,,,,,,,,,,,,,,,,,,,
,,,,,,,,,,,,,,,,,,,,,,,,,,,,,,,,,,,,,,,,,,,,,,,,,,,,,,,,,,,
,,,,,,,,,,,,,,,,,,,,,,,,,,,,,,,,,,,,,,,,,,,,,,,,,,,,,,,,,,,
,,,,,,,,,,,,,,,,,,,,,,,,,,,,,,,,,,,,,,,,,,,,,,,,,,,,,,,,,,,
,,,,,,,,,,,,,,,,,,,,,,,,,,,,,,,,,,,,,,,,,,,,,,,,,,,,,,,,,,,
,,,,,,,,,,,,,,,,,,,,,,,,,,,,,,,,,,,,,,,,,,,,,,,,,,,,,,,,,,,
,,,,,,,,,,,,,,,,,,,,,,,,,,,,,,,,,,,,,,,,,,,,,,,,,,,,,,,,,,,
,,,,,,,,,,,,,,,,,,,,,,,,,,,,,,,,,,,,,,,,,,,,,,,,,,,,,,,,,,,
,,,,,,,,,,,,,,,,,,,,,,,,,,,,,,,,,,,,,,,,,,,,,,,,,,,,,,,,,,,
,,,,,,,,,,,,,,,,,,,,,,,,,,,,,,,,,,,,,,,,,,,,,,,,,,,,,,,,,,,
,,,,,,,,,,,,,,,,,,,,,,,,,,,,,,,,,,,,,,,,,,,,,,,,,,,,,,,,,,,
,,,,,,,,,,,,,,,,,,,,,,,,,,,,,,,,,,,,,,,,,,,,,,,,,,,,,,,,,,,
,,,,,,,,,,,,,,,,,,,,,,,,,,,,,,,,,,,,,,,,,,,,,,,,,,,,,,,,,,,
,,,,,,,,,,,,,,,,,,,,,,,,,,,,,,,,,,,,,,,,,,,,,,,,,,,,,,,,,,,
,,,,,,,,,,,,,,,,,,,,,,,,,,,,,,,,,,,,,,,,,,,,,,,,,,,,,,,,,,,
,,,,,,,,,,,,,,,,,,,,,,,,,,,,,,,,,,,,,,,,,,,,,,,,,,,,,,,,,,,
,,,,,,,,,,,,,,,,,,,,,,,,,,,,,,,,,,,,,,,,,,,,,,,,,,,,,,,,,,,
,,,,,,,,,,,,,,,,,,,,,,,,,,,,,,,,,,,,,,,,,,,,,,,,,,,,,,,,,,,
,,,,,,,,,,,,,,,,,,,,,,,,,,,,,,,,,,,,,,,,,,,,,,,,,,,,,,,,,,,
,,,,,,,,,,,,,,,,,,,,,,,,,,,,,,,,,,,,,,,,,,,,,,,,,,,,,,,,,,,
,,,,,,,,,,,,,,,,,,,,,,,,,,,,,,,,,,,,,,,,,,,,,,,,,,,,,,,,,,,
,,,,,,,,,,,,,,,,,,,,,,,,,,,,,,,,,,,,,,,,,,,,,,,,,,,,,,,,,,,
,,,,,,,,,,,,,,,,,,,,,,,,,,,,,,,,,,,,,,,,,,,,,,,,,,,,,,,,,,,
,,,,,,,,,,,,,,,,,,,,,,,,,,,,,,,,,,,,,,,,,,,,,,,,,,,,,,,,,,,
,,,,,,,,,,,,,,,,,,,,,,,,,,,,,,,,,,,,,,,,,,,,,,,,,,,,,,,,,,,
,,,,,,,,,,,,,,,,,,,,,,,,,,,,,,,,,,,,,,,,,,,,,,,,,,,,,,,,,,,
,,,,,,,,,,,,,,,,,,,,,,,,,,,,,,,,,,,,,,,,,,,,,,,,,,,,,,,,,,,
,,,,,,,,,,,,,,,,,,,,,,,,,,,,,,,,,,,,,,,,,,,,,,,,,,,,,,,,,,,
,,,,,,,,,,,,,,,,,,,,,,,,,,,,,,,,,,,,,,,,,,,,,,,,,,,,,,,,,,,
,,,,,,,,,,,,,,,,,,,,,,,,,,,,,,,,,,,,,,,,,,,,,,,,,,,,,,,,,,,
,,,,,,,,,,,,,,,,,,,,,,,,,,,,,,,,,,,,,,,,,,,,,,,,,,,,,,,,,,,
,,,,,,,,,,,,,,,,,,,,,,,,,,,,,,,,,,,,,,,,,,,,,,,,,,,,,,,,,,,
,,,,,,,,,,,,,,,,,,,,,,,,,,,,,,,,,,,,,,,,,,,,,,,,,,,,,,,,,,,
,,,,,,,,,,,,,,,,,,,,,,,,,,,,,,,,,,,,,,,,,,,,,,,,,,,,,,,,,,,
,,,,,,,,,,,,,,,,,,,,,,,,,,,,,,,,,,,,,,,,,,,,,,,,,,,,,,,,,,,
,,,,,,,,,,,,,,,,,,,,,,,,,,,,,,,,,,,,,,,,,,,,,,,,,,,,,,,,,,,
,,,,,,,,,,,,,,,,,,,,,,,,,,,,,,,,,,,,,,,,,,,,,,,,,,,,,,,,,,,
,,,,,,,,,,,,,,,,,,,,,,,,,,,,,,,,,,,,,,,,,,,,,,,,,,,,,,,,,,,
,,,,,,,,,,,,,,,,,,,,,,,,,,,,,,,,,,,,,,,,,,,,,,,,,,,,,,,,,,,
,,,,,,,,,,,,,,,,,,,,,,,,,,,,,,,,,,,,,,,,,,,,,,,,,,,,,,,,,,,
,,,,,,,,,,,,,,,,,,,,,,,,,,,,,,,,,,,,,,,,,,,,,,,,,,,,,,,,,,,
,,,,,,,,,,,,,,,,,,,,,,,,,,,,,,,,,,,,,,,,,,,,,,,,,,,,,,,,,,,
,,,,,,,,,,,,,,,,,,,,,,,,,,,,,,,,,,,,,,,,,,,,,,,,,,,,,,,,,,,
,,,,,,,,,,,,,,,,,,,,,,,,,,,,,,,,,,,,,,,,,,,,,,,,,,,,,,,,,,,
,,,,,,,,,,,,,,,,,,,,,,,,,,,,,,,,,,,,,,,,,,,,,,,,,,,,,,,,,,,
,,,,,,,,,,,,,,,,,,,,,,,,,,,,,,,,,,,,,,,,,,,,,,,,,,,,,,,,,,,
,,,,,,,,,,,,,,,,,,,,,,,,,,,,,,,,,,,,,,,,,,,,,,,,,,,,,,,,,,,
,,,,,,,,,,,,,,,,,,,,,,,,,,,,,,,,,,,,,,,,,,,,,,,,,,,,,,,,,,,
,,,,,,,,,,,,,,,,,,,,,,,,,,,,,,,,,,,,,,,,,,,,,,,,,,,,,,,,,,,
,,,,,,,,,,,,,,,,,,,,,,,,,,,,,,,,,,,,,,,,,,,,,,,,,,,,,,,,,,,
,,,,,,,,,,,,,,,,,,,,,,,,,,,,,,,,,,,,,,,,,,,,,,,,,,,,,,,,,,,
,,,,,,,,,,,,,,,,,,,,,,,,,,,,,,,,,,,,,,,,,,,,,,,,,,,,,,,,,,,
,,,,,,,,,,,,,,,,,,,,,,,,,,,,,,,,,,,,,,,,,,,,,,,,,,,,,,,,,,,
,,,,,,,,,,,,,,,,,,,,,,,,,,,,,,,,,,,,,,,,,,,,,,,,,,,,,,,,,,,
,,,,,,,,,,,,,,,,,,,,,,,,,,,,,,,,,,,,,,,,,,,,,,,,,,,,,,,,,,,
,,,,,,,,,,,,,,,,,,,,,,,,,,,,,,,,,,,,,,,,,,,,,,,,,,,,,,,,,,,
,,,,,,,,,,,,,,,,,,,,,,,,,,,,,,,,,,,,,,,,,,,,,,,,,,,,,,,,,,,
,,,,,,,,,,,,,,,,,,,,,,,,,,,,,,,,,,,,,,,,,,,,,,,,,,,,,,,,,,,
,,,,,,,,,,,,,,,,,,,,,,,,,,,,,,,,,,,,,,,,,,,,,,,,,,,,,,,,,,,
,,,,,,,,,,,,,,,,,,,,,,,,,,,,,,,,,,,,,,,,,,,,,,,,,,,,,,,,,,,
,,,,,,,,,,,,,,,,,,,,,,,,,,,,,,,,,,,,,,,,,,,,,,,,,,,,,,,,,,,
,,,,,,,,,,,,,,,,,,,,,,,,,,,,,,,,,,,,,,,,,,,,,,,,,,,,,,,,,,,
,,,,,,,,,,,,,,,,,,,,,,,,,,,,,,,,,,,,,,,,,,,,,,,,,,,,,,,,,,,
,,,,,,,,,,,,,,,,,,,,,,,,,,,,,,,,,,,,,,,,,,,,,,,,,,,,,,,,,,,
,,,,,,,,,,,,,,,,,,,,,,,,,,,,,,,,,,,,,,,,,,,,,,,,,,,,,,,,,,,
,,,,,,,,,,,,,,,,,,,,,,,,,,,,,,,,,,,,,,,,,,,,,,,,,,,,,,,,,,,
,,,,,,,,,,,,,,,,,,,,,,,,,,,,,,,,,,,,,,,,,,,,,,,,,,,,,,,,,,,
,,,,,,,,,,,,,,,,,,,,,,,,,,,,,,,,,,,,,,,,,,,,,,,,,,,,,,,,,,,
,,,,,,,,,,,,,,,,,,,,,,,,,,,,,,,,,,,,,,,,,,,,,,,,,,,,,,,,,,,
,,,,,,,,,,,,,,,,,,,,,,,,,,,,,,,,,,,,,,,,,,,,,,,,,,,,,,,,,,,
,,,,,,,,,,,,,,,,,,,,,,,,,,,,,,,,,,,,,,,,,,,,,,,,,,,,,,,,,,,
,,,,,,,,,,,,,,,,,,,,,,,,,,,,,,,,,,,,,,,,,,,,,,,,,,,,,,,,,,,
,,,,,,,,,,,,,,,,,,,,,,,,,,,,,,,,,,,,,,,,,,,,,,,,,,,,,,,,,,,
,,,,,,,,,,,,,,,,,,,,,,,,,,,,,,,,,,,,,,,,,,,,,,,,,,,,,,,,,,,
,,,,,,,,,,,,,,,,,,,,,,,,,,,,,,,,,,,,,,,,,,,,,,,,,,,,,,,,,,,
,,,,,,,,,,,,,,,,,,,,,,,,,,,,,,,,,,,,,,,,,,,,,,,,,,,,,,,,,,,
,,,,,,,,,,,,,,,,,,,,,,,,,,,,,,,,,,,,,,,,,,,,,,,,,,,,,,,,,,,
,,,,,,,,,,,,,,,,,,,,,,,,,,,,,,,,,,,,,,,,,,,,,,,,,,,,,,,,,,,
,,,,,,,,,,,,,,,,,,,,,,,,,,,,,,,,,,,,,,,,,,,,,,,,,,,,,,,,,,,
,,,,,,,,,,,,,,,,,,,,,,,,,,,,,,,,,,,,,,,,,,,,,,,,,,,,,,,,,,,
,,,,,,,,,,,,,,,,,,,,,,,,,,,,,,,,,,,,,,,,,,,,,,,,,,,,,,,,,,,
,,,,,,,,,,,,,,,,,,,,,,,,,,,,,,,,,,,,,,,,,,,,,,,,,,,,,,,,,,,
,,,,,,,,,,,,,,,,,,,,,,,,,,,,,,,,,,,,,,,,,,,,,,,,,,,,,,,,,,,
,,,,,,,,,,,,,,,,,,,,,,,,,,,,,,,,,,,,,,,,,,,,,,,,,,,,,,,,,,,
,,,,,,,,,,,,,,,,,,,,,,,,,,,,,,,,,,,,,,,,,,,,,,,,,,,,,,,,,,,
,,,,,,,,,,,,,,,,,,,,,,,,,,,,,,,,,,,,,,,,,,,,,,,,,,,,,,,,,,,
,,,,,,,,,,,,,,,,,,,,,,,,,,,,,,,,,,,,,,,,,,,,,,,,,,,,,,,,,,,
,,,,,,,,,,,,,,,,,,,,,,,,,,,,,,,,,,,,,,,,,,,,,,,,,,,,,,,,,,,
,,,,,,,,,,,,,,,,,,,,,,,,,,,,,,,,,,,,,,,,,,,,,,,,,,,,,,,,,,,
,,,,,,,,,,,,,,,,,,,,,,,,,,,,,,,,,,,,,,,,,,,,,,,,,,,,,,,,,,,
,,,,,,,,,,,,,,,,,,,,,,,,,,,,,,,,,,,,,,,,,,,,,,,,,,,,,,,,,,,
,,,,,,,,,,,,,,,,,,,,,,,,,,,,,,,,,,,,,,,,,,,,,,,,,,,,,,,,,,,
,,,,,,,,,,,,,,,,,,,,,,,,,,,,,,,,,,,,,,,,,,,,,,,,,,,,,,,,,,,
,,,,,,,,,,,,,,,,,,,,,,,,,,,,,,,,,,,,,,,,,,,,,,,,,,,,,,,,,,,
,,,,,,,,,,,,,,,,,,,,,,,,,,,,,,,,,,,,,,,,,,,,,,,,,,,,,,,,,,,
,,,,,,,,,,,,,,,,,,,,,,,,,,,,,,,,,,,,,,,,,,,,,,,,,,,,,,,,,,,
,,,,,,,,,,,,,,,,,,,,,,,,,,,,,,,,,,,,,,,,,,,,,,,,,,,,,,,,,,,
,,,,,,,,,,,,,,,,,,,,,,,,,,,,,,,,,,,,,,,,,,,,,,,,,,,,,,,,,,,
,,,,,,,,,,,,,,,,,,,,,,,,,,,,,,,,,,,,,,,,,,,,,,,,,,,,,,,,,,,
,,,,,,,,,,,,,,,,,,,,,,,,,,,,,,,,,,,,,,,,,,,,,,,,,,,,,,,,,,,
,,,,,,,,,,,,,,,,,,,,,,,,,,,,,,,,,,,,,,,,,,,,,,,,,,,,,,,,,,,
,,,,,,,,,,,,,,,,,,,,,,,,,,,,,,,,,,,,,,,,,,,,,,,,,,,,,,,,,,,
,,,,,,,,,,,,,,,,,,,,,,,,,,,,,,,,,,,,,,,,,,,,,,,,,,,,,,,,,,,
,,,,,,,,,,,,,,,,,,,,,,,,,,,,,,,,,,,,,,,,,,,,,,,,,,,,,,,,,,,
,,,,,,,,,,,,,,,,,,,,,,,,,,,,,,,,,,,,,,,,,,,,,,,,,,,,,,,,,,,
,,,,,,,,,,,,,,,,,,,,,,,,,,,,,,,,,,,,,,,,,,,,,,,,,,,,,,,,,,,
,,,,,,,,,,,,,,,,,,,,,,,,,,,,,,,,,,,,,,,,,,,,,,,,,,,,,,,,,,,
,,,,,,,,,,,,,,,,,,,,,,,,,,,,,,,,,,,,,,,,,,,,,,,,,,,,,,,,,,,
,,,,,,,,,,,,,,,,,,,,,,,,,,,,,,,,,,,,,,,,,,,,,,,,,,,,,,,,,,,
,,,,,,,,,,,,,,,,,,,,,,,,,,,,,,,,,,,,,,,,,,,,,,,,,,,,,,,,,,,
,,,,,,,,,,,,,,,,,,,,,,,,,,,,,,,,,,,,,,,,,,,,,,,,,,,,,,,,,,,
,,,,,,,,,,,,,,,,,,,,,,,,,,,,,,,,,,,,,,,,,,,,,,,,,,,,,,,,,,,
,,,,,,,,,,,,,,,,,,,,,,,,,,,,,,,,,,,,,,,,,,,,,,,,,,,,,,,,,,,
,,,,,,,,,,,,,,,,,,,,,,,,,,,,,,,,,,,,,,,,,,,,,,,,,,,,,,,,,,,
,,,,,,,,,,,,,,,,,,,,,,,,,,,,,,,,,,,,,,,,,,,,,,,,,,,,,,,,,,,
,,,,,,,,,,,,,,,,,,,,,,,,,,,,,,,,,,,,,,,,,,,,,,,,,,,,,,,,,,,
,,,,,,,,,,,,,,,,,,,,,,,,,,,,,,,,,,,,,,,,,,,,,,,,,,,,,,,,,,,
,,,,,,,,,,,,,,,,,,,,,,,,,,,,,,,,,,,,,,,,,,,,,,,,,,,,,,,,,,,
,,,,,,,,,,,,,,,,,,,,,,,,,,,,,,,,,,,,,,,,,,,,,,,,,,,,,,,,,,,
,,,,,,,,,,,,,,,,,,,,,,,,,,,,,,,,,,,,,,,,,,,,,,,,,,,,,,,,,,,
,,,,,,,,,,,,,,,,,,,,,,,,,,,,,,,,,,,,,,,,,,,,,,,,,,,,,,,,,,,
,,,,,,,,,,,,,,,,,,,,,,,,,,,,,,,,,,,,,,,,,,,,,,,,,,,,,,,,,,,
,,,,,,,,,,,,,,,,,,,,,,,,,,,,,,,,,,,,,,,,,,,,,,,,,,,,,,,,,,,
,,,,,,,,,,,,,,,,,,,,,,,,,,,,,,,,,,,,,,,,,,,,,,,,,,,,,,,,,,,
,,,,,,,,,,,,,,,,,,,,,,,,,,,,,,,,,,,,,,,,,,,,,,,,,,,,,,,,,,,
,,,,,,,,,,,,,,,,,,,,,,,,,,,,,,,,,,,,,,,,,,,,,,,,,,,,,,,,,,,
,,,,,,,,,,,,,,,,,,,,,,,,,,,,,,,,,,,,,,,,,,,,,,,,,,,,,,,,,,,
,,,,,,,,,,,,,,,,,,,,,,,,,,,,,,,,,,,,,,,,,,,,,,,,,,,,,,,,,,,
,,,,,,,,,,,,,,,,,,,,,,,,,,,,,,,,,,,,,,,,,,,,,,,,,,,,,,,,,,,
,,,,,,,,,,,,,,,,,,,,,,,,,,,,,,,,,,,,,,,,,,,,,,,,,,,,,,,,,,,
,,,,,,,,,,,,,,,,,,,,,,,,,,,,,,,,,,,,,,,,,,,,,,,,,,,,,,,,,,,
,,,,,,,,,,,,,,,,,,,,,,,,,,,,,,,,,,,,,,,,,,,,,,,,,,,,,,,,,,,
,,,,,,,,,,,,,,,,,,,,,,,,,,,,,,,,,,,,,,,,,,,,,,,,,,,,,,,,,,,
,,,,,,,,,,,,,,,,,,,,,,,,,,,,,,,,,,,,,,,,,,,,,,,,,,,,,,,,,,,
,,,,,,,,,,,,,,,,,,,,,,,,,,,,,,,,,,,,,,,,,,,,,,,,,,,,,,,,,,,
,,,,,,,,,,,,,,,,,,,,,,,,,,,,,,,,,,,,,,,,,,,,,,,,,,,,,,,,,,,
,,,,,,,,,,,,,,,,,,,,,,,,,,,,,,,,,,,,,,,,,,,,,,,,,,,,,,,,,,,
,,,,,,,,,,,,,,,,,,,,,,,,,,,,,,,,,,,,,,,,,,,,,,,,,,,,,,,,,,,
,,,,,,,,,,,,,,,,,,,,,,,,,,,,,,,,,,,,,,,,,,,,,,,,,,,,,,,,,,,
,,,,,,,,,,,,,,,,,,,,,,,,,,,,,,,,,,,,,,,,,,,,,,,,,,,,,,,,,,,
,,,,,,,,,,,,,,,,,,,,,,,,,,,,,,,,,,,,,,,,,,,,,,,,,,,,,,,,,,,
,,,,,,,,,,,,,,,,,,,,,,,,,,,,,,,,,,,,,,,,,,,,,,,,,,,,,,,,,,,
,,,,,,,,,,,,,,,,,,,,,,,,,,,,,,,,,,,,,,,,,,,,,,,,,,,,,,,,,,,
,,,,,,,,,,,,,,,,,,,,,,,,,,,,,,,,,,,,,,,,,,,,,,,,,,,,,,,,,,,
,,,,,,,,,,,,,,,,,,,,,,,,,,,,,,,,,,,,,,,,,,,,,,,,,,,,,,,,,,,
,,,,,,,,,,,,,,,,,,,,,,,,,,,,,,,,,,,,,,,,,,,,,,,,,,,,,,,,,,,
,,,,,,,,,,,,,,,,,,,,,,,,,,,,,,,,,,,,,,,,,,,,,,,,,,,,,,,,,,,
,,,,,,,,,,,,,,,,,,,,,,,,,,,,,,,,,,,,,,,,,,,,,,,,,,,,,,,,,,,
,,,,,,,,,,,,,,,,,,,,,,,,,,,,,,,,,,,,,,,,,,,,,,,,,,,,,,,,,,,
,,,,,,,,,,,,,,,,,,,,,,,,,,,,,,,,,,,,,,,,,,,,,,,,,,,,,,,,,,,
,,,,,,,,,,,,,,,,,,,,,,,,,,,,,,,,,,,,,,,,,,,,,,,,,,,,,,,,,,,
,,,,,,,,,,,,,,,,,,,,,,,,,,,,,,,,,,,,,,,,,,,,,,,,,,,,,,,,,,,
,,,,,,,,,,,,,,,,,,,,,,,,,,,,,,,,,,,,,,,,,,,,,,,,,,,,,,,,,,,
,,,,,,,,,,,,,,,,,,,,,,,,,,,,,,,,,,,,,,,,,,,,,,,,,,,,,,,,,,,
,,,,,,,,,,,,,,,,,,,,,,,,,,,,,,,,,,,,,,,,,,,,,,,,,,,,,,,,,,,
,,,,,,,,,,,,,,,,,,,,,,,,,,,,,,,,,,,,,,,,,,,,,,,,,,,,,,,,,,,
,,,,,,,,,,,,,,,,,,,,,,,,,,,,,,,,,,,,,,,,,,,,,,,,,,,,,,,,,,,
,,,,,,,,,,,,,,,,,,,,,,,,,,,,,,,,,,,,,,,,,,,,,,,,,,,,,,,,,,,
,,,,,,,,,,,,,,,,,,,,,,,,,,,,,,,,,,,,,,,,,,,,,,,,,,,,,,,,,,,
,,,,,,,,,,,,,,,,,,,,,,,,,,,,,,,,,,,,,,,,,,,,,,,,,,,,,,,,,,,
,,,,,,,,,,,,,,,,,,,,,,,,,,,,,,,,,,,,,,,,,,,,,,,,,,,,,,,,,,,
,,,,,,,,,,,,,,,,,,,,,,,,,,,,,,,,,,,,,,,,,,,,,,,,,,,,,,,,,,,
,,,,,,,,,,,,,,,,,,,,,,,,,,,,,,,,,,,,,,,,,,,,,,,,,,,,,,,,,,,
,,,,,,,,,,,,,,,,,,,,,,,,,,,,,,,,,,,,,,,,,,,,,,,,,,,,,,,,,,,
,,,,,,,,,,,,,,,,,,,,,,,,,,,,,,,,,,,,,,,,,,,,,,,,,,,,,,,,,,,
,,,,,,,,,,,,,,,,,,,,,,,,,,,,,,,,,,,,,,,,,,,,,,,,,,,,,,,,,,,
,,,,,,,,,,,,,,,,,,,,,,,,,,,,,,,,,,,,,,,,,,,,,,,,,,,,,,,,,,,
,,,,,,,,,,,,,,,,,,,,,,,,,,,,,,,,,,,,,,,,,,,,,,,,,,,,,,,,,,,
,,,,,,,,,,,,,,,,,,,,,,,,,,,,,,,,,,,,,,,,,,,,,,,,,,,,,,,,,,,
,,,,,,,,,,,,,,,,,,,,,,,,,,,,,,,,,,,,,,,,,,,,,,,,,,,,,,,,,,,
,,,,,,,,,,,,,,,,,,,,,,,,,,,,,,,,,,,,,,,,,,,,,,,,,,,,,,,,,,,
,,,,,,,,,,,,,,,,,,,,,,,,,,,,,,,,,,,,,,,,,,,,,,,,,,,,,,,,,,,
,,,,,,,,,,,,,,,,,,,,,,,,,,,,,,,,,,,,,,,,,,,,,,,,,,,,,,,,,,,
,,,,,,,,,,,,,,,,,,,,,,,,,,,,,,,,,,,,,,,,,,,,,,,,,,,,,,,,,,,
,,,,,,,,,,,,,,,,,,,,,,,,,,,,,,,,,,,,,,,,,,,,,,,,,,,,,,,,,,,
,,,,,,,,,,,,,,,,,,,,,,,,,,,,,,,,,,,,,,,,,,,,,,,,,,,,,,,,,,,
,,,,,,,,,,,,,,,,,,,,,,,,,,,,,,,,,,,,,,,,,,,,,,,,,,,,,,,,,,,
,,,,,,,,,,,,,,,,,,,,,,,,,,,,,,,,,,,,,,,,,,,,,,,,,,,,,,,,,,,
,,,,,,,,,,,,,,,,,,,,,,,,,,,,,,,,,,,,,,,,,,,,,,,,,,,,,,,,,,,
,,,,,,,,,,,,,,,,,,,,,,,,,,,,,,,,,,,,,,,,,,,,,,,,,,,,,,,,,,,
,,,,,,,,,,,,,,,,,,,,,,,,,,,,,,,,,,,,,,,,,,,,,,,,,,,,,,,,,,,
,,,,,,,,,,,,,,,,,,,,,,,,,,,,,,,,,,,,,,,,,,,,,,,,,,,,,,,,,,,
,,,,,,,,,,,,,,,,,,,,,,,,,,,,,,,,,,,,,,,,,,,,,,,,,,,,,,,,,,,
,,,,,,,,,,,,,,,,,,,,,,,,,,,,,,,,,,,,,,,,,,,,,,,,,,,,,,,,,,,
,,,,,,,,,,,,,,,,,,,,,,,,,,,,,,,,,,,,,,,,,,,,,,,,,,,,,,,,,,,
,,,,,,,,,,,,,,,,,,,,,,,,,,,,,,,,,,,,,,,,,,,,,,,,,,,,,,,,,,,
,,,,,,,,,,,,,,,,,,,,,,,,,,,,,,,,,,,,,,,,,,,,,,,,,,,,,,,,,,,
,,,,,,,,,,,,,,,,,,,,,,,,,,,,,,,,,,,,,,,,,,,,,,,,,,,,,,,,,,,
,,,,,,,,,,,,,,,,,,,,,,,,,,,,,,,,,,,,,,,,,,,,,,,,,,,,,,,,,,,
,,,,,,,,,,,,,,,,,,,,,,,,,,,,,,,,,,,,,,,,,,,,,,,,,,,,,,,,,,,
,,,,,,,,,,,,,,,,,,,,,,,,,,,,,,,,,,,,,,,,,,,,,,,,,,,,,,,,,,,
,,,,,,,,,,,,,,,,,,,,,,,,,,,,,,,,,,,,,,,,,,,,,,,,,,,,,,,,,,,
,,,,,,,,,,,,,,,,,,,,,,,,,,,,,,,,,,,,,,,,,,,,,,,,,,,,,,,,,,,
,,,,,,,,,,,,,,,,,,,,,,,,,,,,,,,,,,,,,,,,,,,,,,,,,,,,,,,,,,,
,,,,,,,,,,,,,,,,,,,,,,,,,,,,,,,,,,,,,,,,,,,,,,,,,,,,,,,,,,,
,,,,,,,,,,,,,,,,,,,,,,,,,,,,,,,,,,,,,,,,,,,,,,,,,,,,,,,,,,,
,,,,,,,,,,,,,,,,,,,,,,,,,,,,,,,,,,,,,,,,,,,,,,,,,,,,,,,,,,,
,,,,,,,,,,,,,,,,,,,,,,,,,,,,,,,,,,,,,,,,,,,,,,,,,,,,,,,,,,,
,,,,,,,,,,,,,,,,,,,,,,,,,,,,,,,,,,,,,,,,,,,,,,,,,,,,,,,,,,,
,,,,,,,,,,,,,,,,,,,,,,,,,,,,,,,,,,,,,,,,,,,,,,,,,,,,,,,,,,,
,,,,,,,,,,,,,,,,,,,,,,,,,,,,,,,,,,,,,,,,,,,,,,,,,,,,,,,,,,,
,,,,,,,,,,,,,,,,,,,,,,,,,,,,,,,,,,,,,,,,,,,,,,,,,,,,,,,,,,,
,,,,,,,,,,,,,,,,,,,,,,,,,,,,,,,,,,,,,,,,,,,,,,,,,,,,,,,,,,,
,,,,,,,,,,,,,,,,,,,,,,,,,,,,,,,,,,,,,,,,,,,,,,,,,,,,,,,,,,,
,,,,,,,,,,,,,,,,,,,,,,,,,,,,,,,,,,,,,,,,,,,,,,,,,,,,,,,,,,,
,,,,,,,,,,,,,,,,,,,,,,,,,,,,,,,,,,,,,,,,,,,,,,,,,,,,,,,,,,,
,,,,,,,,,,,,,,,,,,,,,,,,,,,,,,,,,,,,,,,,,,,,,,,,,,,,,,,,,,,
,,,,,,,,,,,,,,,,,,,,,,,,,,,,,,,,,,,,,,,,,,,,,,,,,,,,,,,,,,,
,,,,,,,,,,,,,,,,,,,,,,,,,,,,,,,,,,,,,,,,,,,,,,,,,,,,,,,,,,,
,,,,,,,,,,,,,,,,,,,,,,,,,,,,,,,,,,,,,,,,,,,,,,,,,,,,,,,,,,,
,,,,,,,,,,,,,,,,,,,,,,,,,,,,,,,,,,,,,,,,,,,,,,,,,,,,,,,,,,,
,,,,,,,,,,,,,,,,,,,,,,,,,,,,,,,,,,,,,,,,,,,,,,,,,,,,,,,,,,,
,,,,,,,,,,,,,,,,,,,,,,,,,,,,,,,,,,,,,,,,,,,,,,,,,,,,,,,,,,,
,,,,,,,,,,,,,,,,,,,,,,,,,,,,,,,,,,,,,,,,,,,,,,,,,,,,,,,,,,,
,,,,,,,,,,,,,,,,,,,,,,,,,,,,,,,,,,,,,,,,,,,,,,,,,,,,,,,,,,,
,,,,,,,,,,,,,,,,,,,,,,,,,,,,,,,,,,,,,,,,,,,,,,,,,,,,,,,,,,,
,,,,,,,,,,,,,,,,,,,,,,,,,,,,,,,,,,,,,,,,,,,,,,,,,,,,,,,,,,,
,,,,,,,,,,,,,,,,,,,,,,,,,,,,,,,,,,,,,,,,,,,,,,,,,,,,,,,,,,,
,,,,,,,,,,,,,,,,,,,,,,,,,,,,,,,,,,,,,,,,,,,,,,,,,,,,,,,,,,,
,,,,,,,,,,,,,,,,,,,,,,,,,,,,,,,,,,,,,,,,,,,,,,,,,,,,,,,,,,,
,,,,,,,,,,,,,,,,,,,,,,,,,,,,,,,,,,,,,,,,,,,,,,,,,,,,,,,,,,,
,,,,,,,,,,,,,,,,,,,,,,,,,,,,,,,,,,,,,,,,,,,,,,,,,,,,,,,,,,,
,,,,,,,,,,,,,,,,,,,,,,,,,,,,,,,,,,,,,,,,,,,,,,,,,,,,,,,,,,,
,,,,,,,,,,,,,,,,,,,,,,,,,,,,,,,,,,,,,,,,,,,,,,,,,,,,,,,,,,,
,,,,,,,,,,,,,,,,,,,,,,,,,,,,,,,,,,,,,,,,,,,,,,,,,,,,,,,,,,,
,,,,,,,,,,,,,,,,,,,,,,,,,,,,,,,,,,,,,,,,,,,,,,,,,,,,,,,,,,,
,,,,,,,,,,,,,,,,,,,,,,,,,,,,,,,,,,,,,,,,,,,,,,,,,,,,,,,,,,,
,,,,,,,,,,,,,,,,,,,,,,,,,,,,,,,,,,,,,,,,,,,,,,,,,,,,,,,,,,,
,,,,,,,,,,,,,,,,,,,,,,,,,,,,,,,,,,,,,,,,,,,,,,,,,,,,,,,,,,,
,,,,,,,,,,,,,,,,,,,,,,,,,,,,,,,,,,,,,,,,,,,,,,,,,,,,,,,,,,,
,,,,,,,,,,,,,,,,,,,,,,,,,,,,,,,,,,,,,,,,,,,,,,,,,,,,,,,,,,,
,,,,,,,,,,,,,,,,,,,,,,,,,,,,,,,,,,,,,,,,,,,,,,,,,,,,,,,,,,,
,,,,,,,,,,,,,,,,,,,,,,,,,,,,,,,,,,,,,,,,,,,,,,,,,,,,,,,,,,,
,,,,,,,,,,,,,,,,,,,,,,,,,,,,,,,,,,,,,,,,,,,,,,,,,,,,,,,,,,,
,,,,,,,,,,,,,,,,,,,,,,,,,,,,,,,,,,,,,,,,,,,,,,,,,,,,,,,,,,,
,,,,,,,,,,,,,,,,,,,,,,,,,,,,,,,,,,,,,,,,,,,,,,,,,,,,,,,,,,,
,,,,,,,,,,,,,,,,,,,,,,,,,,,,,,,,,,,,,,,,,,,,,,,,,,,,,,,,,,,
,,,,,,,,,,,,,,,,,,,,,,,,,,,,,,,,,,,,,,,,,,,,,,,,,,,,,,,,,,,
,,,,,,,,,,,,,,,,,,,,,,,,,,,,,,,,,,,,,,,,,,,,,,,,,,,,,,,,,,,
,,,,,,,,,,,,,,,,,,,,,,,,,,,,,,,,,,,,,,,,,,,,,,,,,,,,,,,,,,,
,,,,,,,,,,,,,,,,,,,,,,,,,,,,,,,,,,,,,,,,,,,,,,,,,,,,,,,,,,,
,,,,,,,,,,,,,,,,,,,,,,,,,,,,,,,,,,,,,,,,,,,,,,,,,,,,,,,,,,,
,,,,,,,,,,,,,,,,,,,,,,,,,,,,,,,,,,,,,,,,,,,,,,,,,,,,,,,,,,,
,,,,,,,,,,,,,,,,,,,,,,,,,,,,,,,,,,,,,,,,,,,,,,,,,,,,,,,,,,,
,,,,,,,,,,,,,,,,,,,,,,,,,,,,,,,,,,,,,,,,,,,,,,,,,,,,,,,,,,,
,,,,,,,,,,,,,,,,,,,,,,,,,,,,,,,,,,,,,,,,,,,,,,,,,,,,,,,,,,,
,,,,,,,,,,,,,,,,,,,,,,,,,,,,,,,,,,,,,,,,,,,,,,,,,,,,,,,,,,,
,,,,,,,,,,,,,,,,,,,,,,,,,,,,,,,,,,,,,,,,,,,,,,,,,,,,,,,,,,,
,,,,,,,,,,,,,,,,,,,,,,,,,,,,,,,,,,,,,,,,,,,,,,,,,,,,,,,,,,,
,,,,,,,,,,,,,,,,,,,,,,,,,,,,,,,,,,,,,,,,,,,,,,,,,,,,,,,,,,,
,,,,,,,,,,,,,,,,,,,,,,,,,,,,,,,,,,,,,,,,,,,,,,,,,,,,,,,,,,,
,,,,,,,,,,,,,,,,,,,,,,,,,,,,,,,,,,,,,,,,,,,,,,,,,,,,,,,,,,,
,,,,,,,,,,,,,,,,,,,,,,,,,,,,,,,,,,,,,,,,,,,,,,,,,,,,,,,,,,,
,,,,,,,,,,,,,,,,,,,,,,,,,,,,,,,,,,,,,,,,,,,,,,,,,,,,,,,,,,,
,,,,,,,,,,,,,,,,,,,,,,,,,,,,,,,,,,,,,,,,,,,,,,,,,,,,,,,,,,,
,,,,,,,,,,,,,,,,,,,,,,,,,,,,,,,,,,,,,,,,,,,,,,,,,,,,,,,,,,,
,,,,,,,,,,,,,,,,,,,,,,,,,,,,,,,,,,,,,,,,,,,,,,,,,,,,,,,,,,,
,,,,,,,,,,,,,,,,,,,,,,,,,,,,,,,,,,,,,,,,,,,,,,,,,,,,,,,,,,,
,,,,,,,,,,,,,,,,,,,,,,,,,,,,,,,,,,,,,,,,,,,,,,,,,,,,,,,,,,,
,,,,,,,,,,,,,,,,,,,,,,,,,,,,,,,,,,,,,,,,,,,,,,,,,,,,,,,,,,,
,,,,,,,,,,,,,,,,,,,,,,,,,,,,,,,,,,,,,,,,,,,,,,,,,,,,,,,,,,,
,,,,,,,,,,,,,,,,,,,,,,,,,,,,,,,,,,,,,,,,,,,,,,,,,,,,,,,,,,,
,,,,,,,,,,,,,,,,,,,,,,,,,,,,,,,,,,,,,,,,,,,,,,,,,,,,,,,,,,,
,,,,,,,,,,,,,,,,,,,,,,,,,,,,,,,,,,,,,,,,,,,,,,,,,,,,,,,,,,,
,,,,,,,,,,,,,,,,,,,,,,,,,,,,,,,,,,,,,,,,,,,,,,,,,,,,,,,,,,,
,,,,,,,,,,,,,,,,,,,,,,,,,,,,,,,,,,,,,,,,,,,,,,,,,,,,,,,,,,,
,,,,,,,,,,,,,,,,,,,,,,,,,,,,,,,,,,,,,,,,,,,,,,,,,,,,,,,,,,,
,,,,,,,,,,,,,,,,,,,,,,,,,,,,,,,,,,,,,,,,,,,,,,,,,,,,,,,,,,,
,,,,,,,,,,,,,,,,,,,,,,,,,,,,,,,,,,,,,,,,,,,,,,,,,,,,,,,,,,,
,,,,,,,,,,,,,,,,,,,,,,,,,,,,,,,,,,,,,,,,,,,,,,,,,,,,,,,,,,,
,,,,,,,,,,,,,,,,,,,,,,,,,,,,,,,,,,,,,,,,,,,,,,,,,,,,,,,,,,,
,,,,,,,,,,,,,,,,,,,,,,,,,,,,,,,,,,,,,,,,,,,,,,,,,,,,,,,,,,,
,,,,,,,,,,,,,,,,,,,,,,,,,,,,,,,,,,,,,,,,,,,,,,,,,,,,,,,,,,,
,,,,,,,,,,,,,,,,,,,,,,,,,,,,,,,,,,,,,,,,,,,,,,,,,,,,,,,,,,,
,,,,,,,,,,,,,,,,,,,,,,,,,,,,,,,,,,,,,,,,,,,,,,,,,,,,,,,,,,,
,,,,,,,,,,,,,,,,,,,,,,,,,,,,,,,,,,,,,,,,,,,,,,,,,,,,,,,,,,,
,,,,,,,,,,,,,,,,,,,,,,,,,,,,,,,,,,,,,,,,,,,,,,,,,,,,,,,,,,,
,,,,,,,,,,,,,,,,,,,,,,,,,,,,,,,,,,,,,,,,,,,,,,,,,,,,,,,,,,,
,,,,,,,,,,,,,,,,,,,,,,,,,,,,,,,,,,,,,,,,,,,,,,,,,,,,,,,,,,,
,,,,,,,,,,,,,,,,,,,,,,,,,,,,,,,,,,,,,,,,,,,,,,,,,,,,,,,,,,,
,,,,,,,,,,,,,,,,,,,,,,,,,,,,,,,,,,,,,,,,,,,,,,,,,,,,,,,,,,,
,,,,,,,,,,,,,,,,,,,,,,,,,,,,,,,,,,,,,,,,,,,,,,,,,,,,,,,,,,,
,,,,,,,,,,,,,,,,,,,,,,,,,,,,,,,,,,,,,,,,,,,,,,,,,,,,,,,,,,,
,,,,,,,,,,,,,,,,,,,,,,,,,,,,,,,,,,,,,,,,,,,,,,,,,,,,,,,,,,,
,,,,,,,,,,,,,,,,,,,,,,,,,,,,,,,,,,,,,,,,,,,,,,,,,,,,,,,,,,,
,,,,,,,,,,,,,,,,,,,,,,,,,,,,,,,,,,,,,,,,,,,,,,,,,,,,,,,,,,,
,,,,,,,,,,,,,,,,,,,,,,,,,,,,,,,,,,,,,,,,,,,,,,,,,,,,,,,,,,,
,,,,,,,,,,,,,,,,,,,,,,,,,,,,,,,,,,,,,,,,,,,,,,,,,,,,,,,,,,,
,,,,,,,,,,,,,,,,,,,,,,,,,,,,,,,,,,,,,,,,,,,,,,,,,,,,,,,,,,,
,,,,,,,,,,,,,,,,,,,,,,,,,,,,,,,,,,,,,,,,,,,,,,,,,,,,,,,,,,,
,,,,,,,,,,,,,,,,,,,,,,,,,,,,,,,,,,,,,,,,,,,,,,,,,,,,,,,,,,,
,,,,,,,,,,,,,,,,,,,,,,,,,,,,,,,,,,,,,,,,,,,,,,,,,,,,,,,,,,,
,,,,,,,,,,,,,,,,,,,,,,,,,,,,,,,,,,,,,,,,,,,,,,,,,,,,,,,,,,,
,,,,,,,,,,,,,,,,,,,,,,,,,,,,,,,,,,,,,,,,,,,,,,,,,,,,,,,,,,,
,,,,,,,,,,,,,,,,,,,,,,,,,,,,,,,,,,,,,,,,,,,,,,,,,,,,,,,,,,,
,,,,,,,,,,,,,,,,,,,,,,,,,,,,,,,,,,,,,,,,,,,,,,,,,,,,,,,,,,,
,,,,,,,,,,,,,,,,,,,,,,,,,,,,,,,,,,,,,,,,,,,,,,,,,,,,,,,,,,,
,,,,,,,,,,,,,,,,,,,,,,,,,,,,,,,,,,,,,,,,,,,,,,,,,,,,,,,,,,,
,,,,,,,,,,,,,,,,,,,,,,,,,,,,,,,,,,,,,,,,,,,,,,,,,,,,,,,,,,,
,,,,,,,,,,,,,,,,,,,,,,,,,,,,,,,,,,,,,,,,,,,,,,,,,,,,,,,,,,,
,,,,,,,,,,,,,,,,,,,,,,,,,,,,,,,,,,,,,,,,,,,,,,,,,,,,,,,,,,,
,,,,,,,,,,,,,,,,,,,,,,,,,,,,,,,,,,,,,,,,,,,,,,,,,,,,,,,,,,,
,,,,,,,,,,,,,,,,,,,,,,,,,,,,,,,,,,,,,,,,,,,,,,,,,,,,,,,,,,,
,,,,,,,,,,,,,,,,,,,,,,,,,,,,,,,,,,,,,,,,,,,,,,,,,,,,,,,,,,,
,,,,,,,,,,,,,,,,,,,,,,,,,,,,,,,,,,,,,,,,,,,,,,,,,,,,,,,,,,,
,,,,,,,,,,,,,,,,,,,,,,,,,,,,,,,,,,,,,,,,,,,,,,,,,,,,,,,,,,,
,,,,,,,,,,,,,,,,,,,,,,,,,,,,,,,,,,,,,,,,,,,,,,,,,,,,,,,,,,,
,,,,,,,,,,,,,,,,,,,,,,,,,,,,,,,,,,,,,,,,,,,,,,,,,,,,,,,,,,,
,,,,,,,,,,,,,,,,,,,,,,,,,,,,,,,,,,,,,,,,,,,,,,,,,,,,,,,,,,,
,,,,,,,,,,,,,,,,,,,,,,,,,,,,,,,,,,,,,,,,,,,,,,,,,,,,,,,,,,,
,,,,,,,,,,,,,,,,,,,,,,,,,,,,,,,,,,,,,,,,,,,,,,,,,,,,,,,,,,,
,,,,,,,,,,,,,,,,,,,,,,,,,,,,,,,,,,,,,,,,,,,,,,,,,,,,,,,,,,,
,,,,,,,,,,,,,,,,,,,,,,,,,,,,,,,,,,,,,,,,,,,,,,,,,,,,,,,,,,,
,,,,,,,,,,,,,,,,,,,,,,,,,,,,,,,,,,,,,,,,,,,,,,,,,,,,,,,,,,,
,,,,,,,,,,,,,,,,,,,,,,,,,,,,,,,,,,,,,,,,,,,,,,,,,,,,,,,,,,,
,,,,,,,,,,,,,,,,,,,,,,,,,,,,,,,,,,,,,,,,,,,,,,,,,,,,,,,,,,,
,,,,,,,,,,,,,,,,,,,,,,,,,,,,,,,,,,,,,,,,,,,,,,,,,,,,,,,,,,,
,,,,,,,,,,,,,,,,,,,,,,,,,,,,,,,,,,,,,,,,,,,,,,,,,,,,,,,,,,,
,,,,,,,,,,,,,,,,,,,,,,,,,,,,,,,,,,,,,,,,,,,,,,,,,,,,,,,,,,,
,,,,,,,,,,,,,,,,,,,,,,,,,,,,,,,,,,,,,,,,,,,,,,,,,,,,,,,,,,,
,,,,,,,,,,,,,,,,,,,,,,,,,,,,,,,,,,,,,,,,,,,,,,,,,,,,,,,,,,,
,,,,,,,,,,,,,,,,,,,,,,,,,,,,,,,,,,,,,,,,,,,,,,,,,,,,,,,,,,,
,,,,,,,,,,,,,,,,,,,,,,,,,,,,,,,,,,,,,,,,,,,,,,,,,,,,,,,,,,,
,,,,,,,,,,,,,,,,,,,,,,,,,,,,,,,,,,,,,,,,,,,,,,,,,,,,,,,,,,,
,,,,,,,,,,,,,,,,,,,,,,,,,,,,,,,,,,,,,,,,,,,,,,,,,,,,,,,,,,,
,,,,,,,,,,,,,,,,,,,,,,,,,,,,,,,,,,,,,,,,,,,,,,,,,,,,,,,,,,,
,,,,,,,,,,,,,,,,,,,,,,,,,,,,,,,,,,,,,,,,,,,,,,,,,,,,,,,,,,,
,,,,,,,,,,,,,,,,,,,,,,,,,,,,,,,,,,,,,,,,,,,,,,,,,,,,,,,,,,,
,,,,,,,,,,,,,,,,,,,,,,,,,,,,,,,,,,,,,,,,,,,,,,,,,,,,,,,,,,,
,,,,,,,,,,,,,,,,,,,,,,,,,,,,,,,,,,,,,,,,,,,,,,,,,,,,,,,,,,,
,,,,,,,,,,,,,,,,,,,,,,,,,,,,,,,,,,,,,,,,,,,,,,,,,,,,,,,,,,,
,,,,,,,,,,,,,,,,,,,,,,,,,,,,,,,,,,,,,,,,,,,,,,,,,,,,,,,,,,,
,,,,,,,,,,,,,,,,,,,,,,,,,,,,,,,,,,,,,,,,,,,,,,,,,,,,,,,,,,,
,,,,,,,,,,,,,,,,,,,,,,,,,,,,,,,,,,,,,,,,,,,,,,,,,,,,,,,,,,,
,,,,,,,,,,,,,,,,,,,,,,,,,,,,,,,,,,,,,,,,,,,,,,,,,,,,,,,,,,,
,,,,,,,,,,,,,,,,,,,,,,,,,,,,,,,,,,,,,,,,,,,,,,,,,,,,,,,,,,,
,,,,,,,,,,,,,,,,,,,,,,,,,,,,,,,,,,,,,,,,,,,,,,,,,,,,,,,,,,,
,,,,,,,,,,,,,,,,,,,,,,,,,,,,,,,,,,,,,,,,,,,,,,,,,,,,,,,,,,,
,,,,,,,,,,,,,,,,,,,,,,,,,,,,,,,,,,,,,,,,,,,,,,,,,,,,,,,,,,,
,,,,,,,,,,,,,,,,,,,,,,,,,,,,,,,,,,,,,,,,,,,,,,,,,,,,,,,,,,,
,,,,,,,,,,,,,,,,,,,,,,,,,,,,,,,,,,,,,,,,,,,,,,,,,,,,,,,,,,,
,,,,,,,,,,,,,,,,,,,,,,,,,,,,,,,,,,,,,,,,,,,,,,,,,,,,,,,,,,,
,,,,,,,,,,,,,,,,,,,,,,,,,,,,,,,,,,,,,,,,,,,,,,,,,,,,,,,,,,,
,,,,,,,,,,,,,,,,,,,,,,,,,,,,,,,,,,,,,,,,,,,,,,,,,,,,,,,,,,,
,,,,,,,,,,,,,,,,,,,,,,,,,,,,,,,,,,,,,,,,,,,,,,,,,,,,,,,,,,,
,,,,,,,,,,,,,,,,,,,,,,,,,,,,,,,,,,,,,,,,,,,,,,,,,,,,,,,,,,,
,,,,,,,,,,,,,,,,,,,,,,,,,,,,,,,,,,,,,,,,,,,,,,,,,,,,,,,,,,,
,,,,,,,,,,,,,,,,,,,,,,,,,,,,,,,,,,,,,,,,,,,,,,,,,,,,,,,,,,,
,,,,,,,,,,,,,,,,,,,,,,,,,,,,,,,,,,,,,,,,,,,,,,,,,,,,,,,,,,,
,,,,,,,,,,,,,,,,,,,,,,,,,,,,,,,,,,,,,,,,,,,,,,,,,,,,,,,,,,,
,,,,,,,,,,,,,,,,,,,,,,,,,,,,,,,,,,,,,,,,,,,,,,,,,,,,,,,,,,,
,,,,,,,,,,,,,,,,,,,,,,,,,,,,,,,,,,,,,,,,,,,,,,,,,,,,,,,,,,,
,,,,,,,,,,,,,,,,,,,,,,,,,,,,,,,,,,,,,,,,,,,,,,,,,,,,,,,,,,,
,,,,,,,,,,,,,,,,,,,,,,,,,,,,,,,,,,,,,,,,,,,,,,,,,,,,,,,,,,,
,,,,,,,,,,,,,,,,,,,,,,,,,,,,,,,,,,,,,,,,,,,,,,,,,,,,,,,,,,,
,,,,,,,,,,,,,,,,,,,,,,,,,,,,,,,,,,,,,,,,,,,,,,,,,,,,,,,,,,,
,,,,,,,,,,,,,,,,,,,,,,,,,,,,,,,,,,,,,,,,,,,,,,,,,,,,,,,,,,,
,,,,,,,,,,,,,,,,,,,,,,,,,,,,,,,,,,,,,,,,,,,,,,,,,,,,,,,,,,,
,,,,,,,,,,,,,,,,,,,,,,,,,,,,,,,,,,,,,,,,,,,,,,,,,,,,,,,,,,,
,,,,,,,,,,,,,,,,,,,,,,,,,,,,,,,,,,,,,,,,,,,,,,,,,,,,,,,,,,,
,,,,,,,,,,,,,,,,,,,,,,,,,,,,,,,,,,,,,,,,,,,,,,,,,,,,,,,,,,,
,,,,,,,,,,,,,,,,,,,,,,,,,,,,,,,,,,,,,,,,,,,,,,,,,,,,,,,,,,,
,,,,,,,,,,,,,,,,,,,,,,,,,,,,,,,,,,,,,,,,,,,,,,,,,,,,,,,,,,,
,,,,,,,,,,,,,,,,,,,,,,,,,,,,,,,,,,,,,,,,,,,,,,,,,,,,,,,,,,,
,,,,,,,,,,,,,,,,,,,,,,,,,,,,,,,,,,,,,,,,,,,,,,,,,,,,,,,,,,,
,,,,,,,,,,,,,,,,,,,,,,,,,,,,,,,,,,,,,,,,,,,,,,,,,,,,,,,,,,,
,,,,,,,,,,,,,,,,,,,,,,,,,,,,,,,,,,,,,,,,,,,,,,,,,,,,,,,,,,,
,,,,,,,,,,,,,,,,,,,,,,,,,,,,,,,,,,,,,,,,,,,,,,,,,,,,,,,,,,,
,,,,,,,,,,,,,,,,,,,,,,,,,,,,,,,,,,,,,,,,,,,,,,,,,,,,,,,,,,,
,,,,,,,,,,,,,,,,,,,,,,,,,,,,,,,,,,,,,,,,,,,,,,,,,,,,,,,,,,,
,,,,,,,,,,,,,,,,,,,,,,,,,,,,,,,,,,,,,,,,,,,,,,,,,,,,,,,,,,,
,,,,,,,,,,,,,,,,,,,,,,,,,,,,,,,,,,,,,,,,,,,,,,,,,,,,,,,,,,,
,,,,,,,,,,,,,,,,,,,,,,,,,,,,,,,,,,,,,,,,,,,,,,,,,,,,,,,,,,,
,,,,,,,,,,,,,,,,,,,,,,,,,,,,,,,,,,,,,,,,,,,,,,,,,,,,,,,,,,,
,,,,,,,,,,,,,,,,,,,,,,,,,,,,,,,,,,,,,,,,,,,,,,,,,,,,,,,,,,,
,,,,,,,,,,,,,,,,,,,,,,,,,,,,,,,,,,,,,,,,,,,,,,,,,,,,,,,,,,,
,,,,,,,,,,,,,,,,,,,,,,,,,,,,,,,,,,,,,,,,,,,,,,,,,,,,,,,,,,,
,,,,,,,,,,,,,,,,,,,,,,,,,,,,,,,,,,,,,,,,,,,,,,,,,,,,,,,,,,,
,,,,,,,,,,,,,,,,,,,,,,,,,,,,,,,,,,,,,,,,,,,,,,,,,,,,,,,,,,,
,,,,,,,,,,,,,,,,,,,,,,,,,,,,,,,,,,,,,,,,,,,,,,,,,,,,,,,,,,,
,,,,,,,,,,,,,,,,,,,,,,,,,,,,,,,,,,,,,,,,,,,,,,,,,,,,,,,,,,,
,,,,,,,,,,,,,,,,,,,,,,,,,,,,,,,,,,,,,,,,,,,,,,,,,,,,,,,,,,,
,,,,,,,,,,,,,,,,,,,,,,,,,,,,,,,,,,,,,,,,,,,,,,,,,,,,,,,,,,,
,,,,,,,,,,,,,,,,,,,,,,,,,,,,,,,,,,,,,,,,,,,,,,,,,,,,,,,,,,,
,,,,,,,,,,,,,,,,,,,,,,,,,,,,,,,,,,,,,,,,,,,,,,,,,,,,,,,,,,,
,,,,,,,,,,,,,,,,,,,,,,,,,,,,,,,,,,,,,,,,,,,,,,,,,,,,,,,,,,,
,,,,,,,,,,,,,,,,,,,,,,,,,,,,,,,,,,,,,,,,,,,,,,,,,,,,,,,,,,,
,,,,,,,,,,,,,,,,,,,,,,,,,,,,,,,,,,,,,,,,,,,,,,,,,,,,,,,,,,,
,,,,,,,,,,,,,,,,,,,,,,,,,,,,,,,,,,,,,,,,,,,,,,,,,,,,,,,,,,,
,,,,,,,,,,,,,,,,,,,,,,,,,,,,,,,,,,,,,,,,,,,,,,,,,,,,,,,,,,,
,,,,,,,,,,,,,,,,,,,,,,,,,,,,,,,,,,,,,,,,,,,,,,,,,,,,,,,,,,,
,,,,,,,,,,,,,,,,,,,,,,,,,,,,,,,,,,,,,,,,,,,,,,,,,,,,,,,,,,,
,,,,,,,,,,,,,,,,,,,,,,,,,,,,,,,,,,,,,,,,,,,,,,,,,,,,,,,,,,,
,,,,,,,,,,,,,,,,,,,,,,,,,,,,,,,,,,,,,,,,,,,,,,,,,,,,,,,,,,,
,,,,,,,,,,,,,,,,,,,,,,,,,,,,,,,,,,,,,,,,,,,,,,,,,,,,,,,,,,,
,,,,,,,,,,,,,,,,,,,,,,,,,,,,,,,,,,,,,,,,,,,,,,,,,,,,,,,,,,,
,,,,,,,,,,,,,,,,,,,,,,,,,,,,,,,,,,,,,,,,,,,,,,,,,,,,,,,,,,,
,,,,,,,,,,,,,,,,,,,,,,,,,,,,,,,,,,,,,,,,,,,,,,,,,,,,,,,,,,,
,,,,,,,,,,,,,,,,,,,,,,,,,,,,,,,,,,,,,,,,,,,,,,,,,,,,,,,,,,,
,,,,,,,,,,,,,,,,,,,,,,,,,,,,,,,,,,,,,,,,,,,,,,,,,,,,,,,,,,,
,,,,,,,,,,,,,,,,,,,,,,,,,,,,,,,,,,,,,,,,,,,,,,,,,,,,,,,,,,,
,,,,,,,,,,,,,,,,,,,,,,,,,,,,,,,,,,,,,,,,,,,,,,,,,,,,,,,,,,,
,,,,,,,,,,,,,,,,,,,,,,,,,,,,,,,,,,,,,,,,,,,,,,,,,,,,,,,,,,,
,,,,,,,,,,,,,,,,,,,,,,,,,,,,,,,,,,,,,,,,,,,,,,,,,,,,,,,,,,,
,,,,,,,,,,,,,,,,,,,,,,,,,,,,,,,,,,,,,,,,,,,,,,,,,,,,,,,,,,,
,,,,,,,,,,,,,,,,,,,,,,,,,,,,,,,,,,,,,,,,,,,,,,,,,,,,,,,,,,,
,,,,,,,,,,,,,,,,,,,,,,,,,,,,,,,,,,,,,,,,,,,,,,,,,,,,,,,,,,,
,,,,,,,,,,,,,,,,,,,,,,,,,,,,,,,,,,,,,,,,,,,,,,,,,,,,,,,,,,,
,,,,,,,,,,,,,,,,,,,,,,,,,,,,,,,,,,,,,,,,,,,,,,,,,,,,,,,,,,,
,,,,,,,,,,,,,,,,,,,,,,,,,,,,,,,,,,,,,,,,,,,,,,,,,,,,,,,,,,,
,,,,,,,,,,,,,,,,,,,,,,,,,,,,,,,,,,,,,,,,,,,,,,,,,,,,,,,,,,,
,,,,,,,,,,,,,,,,,,,,,,,,,,,,,,,,,,,,,,,,,,,,,,,,,,,,,,,,,,,
,,,,,,,,,,,,,,,,,,,,,,,,,,,,,,,,,,,,,,,,,,,,,,,,,,,,,,,,,,,
,,,,,,,,,,,,,,,,,,,,,,,,,,,,,,,,,,,,,,,,,,,,,,,,,,,,,,,,,,,
,,,,,,,,,,,,,,,,,,,,,,,,,,,,,,,,,,,,,,,,,,,,,,,,,,,,,,,,,,,
,,,,,,,,,,,,,,,,,,,,,,,,,,,,,,,,,,,,,,,,,,,,,,,,,,,,,,,,,,,
,,,,,,,,,,,,,,,,,,,,,,,,,,,,,,,,,,,,,,,,,,,,,,,,,,,,,,,,,,,
,,,,,,,,,,,,,,,,,,,,,,,,,,,,,,,,,,,,,,,,,,,,,,,,,,,,,,,,,,,
,,,,,,,,,,,,,,,,,,,,,,,,,,,,,,,,,,,,,,,,,,,,,,,,,,,,,,,,,,,
,,,,,,,,,,,,,,,,,,,,,,,,,,,,,,,,,,,,,,,,,,,,,,,,,,,,,,,,,,,
,,,,,,,,,,,,,,,,,,,,,,,,,,,,,,,,,,,,,,,,,,,,,,,,,,,,,,,,,,,
,,,,,,,,,,,,,,,,,,,,,,,,,,,,,,,,,,,,,,,,,,,,,,,,,,,,,,,,,,,
,,,,,,,,,,,,,,,,,,,,,,,,,,,,,,,,,,,,,,,,,,,,,,,,,,,,,,,,,,,
,,,,,,,,,,,,,,,,,,,,,,,,,,,,,,,,,,,,,,,,,,,,,,,,,,,,,,,,,,,
,,,,,,,,,,,,,,,,,,,,,,,,,,,,,,,,,,,,,,,,,,,,,,,,,,,,,,,,,,,
,,,,,,,,,,,,,,,,,,,,,,,,,,,,,,,,,,,,,,,,,,,,,,,,,,,,,,,,,,,
,,,,,,,,,,,,,,,,,,,,,,,,,,,,,,,,,,,,,,,,,,,,,,,,,,,,,,,,,,,
,,,,,,,,,,,,,,,,,,,,,,,,,,,,,,,,,,,,,,,,,,,,,,,,,,,,,,,,,,,
,,,,,,,,,,,,,,,,,,,,,,,,,,,,,,,,,,,,,,,,,,,,,,,,,,,,,,,,,,,
,,,,,,,,,,,,,,,,,,,,,,,,,,,,,,,,,,,,,,,,,,,,,,,,,,,,,,,,,,,
,,,,,,,,,,,,,,,,,,,,,,,,,,,,,,,,,,,,,,,,,,,,,,,,,,,,,,,,,,,
,,,,,,,,,,,,,,,,,,,,,,,,,,,,,,,,,,,,,,,,,,,,,,,,,,,,,,,,,,,
,,,,,,,,,,,,,,,,,,,,,,,,,,,,,,,,,,,,,,,,,,,,,,,,,,,,,,,,,,,
,,,,,,,,,,,,,,,,,,,,,,,,,,,,,,,,,,,,,,,,,,,,,,,,,,,,,,,,,,,
,,,,,,,,,,,,,,,,,,,,,,,,,,,,,,,,,,,,,,,,,,,,,,,,,,,,,,,,,,,
,,,,,,,,,,,,,,,,,,,,,,,,,,,,,,,,,,,,,,,,,,,,,,,,,,,,,,,,,,,
,,,,,,,,,,,,,,,,,,,,,,,,,,,,,,,,,,,,,,,,,,,,,,,,,,,,,,,,,,,
,,,,,,,,,,,,,,,,,,,,,,,,,,,,,,,,,,,,,,,,,,,,,,,,,,,,,,,,,,,
,,,,,,,,,,,,,,,,,,,,,,,,,,,,,,,,,,,,,,,,,,,,,,,,,,,,,,,,,,,
,,,,,,,,,,,,,,,,,,,,,,,,,,,,,,,,,,,,,,,,,,,,,,,,,,,,,,,,,,,
,,,,,,,,,,,,,,,,,,,,,,,,,,,,,,,,,,,,,,,,,,,,,,,,,,,,,,,,,,,
,,,,,,,,,,,,,,,,,,,,,,,,,,,,,,,,,,,,,,,,,,,,,,,,,,,,,,,,,,,
,,,,,,,,,,,,,,,,,,,,,,,,,,,,,,,,,,,,,,,,,,,,,,,,,,,,,,,,,,,
,,,,,,,,,,,,,,,,,,,,,,,,,,,,,,,,,,,,,,,,,,,,,,,,,,,,,,,,,,,
,,,,,,,,,,,,,,,,,,,,,,,,,,,,,,,,,,,,,,,,,,,,,,,,,,,,,,,,,,,
,,,,,,,,,,,,,,,,,,,,,,,,,,,,,,,,,,,,,,,,,,,,,,,,,,,,,,,,,,,
,,,,,,,,,,,,,,,,,,,,,,,,,,,,,,,,,,,,,,,,,,,,,,,,,,,,,,,,,,,
,,,,,,,,,,,,,,,,,,,,,,,,,,,,,,,,,,,,,,,,,,,,,,,,,,,,,,,,,,,
,,,,,,,,,,,,,,,,,,,,,,,,,,,,,,,,,,,,,,,,,,,,,,,,,,,,,,,,,,,
,,,,,,,,,,,,,,,,,,,,,,,,,,,,,,,,,,,,,,,,,,,,,,,,,,,,,,,,,,,
,,,,,,,,,,,,,,,,,,,,,,,,,,,,,,,,,,,,,,,,,,,,,,,,,,,,,,,,,,,
,,,,,,,,,,,,,,,,,,,,,,,,,,,,,,,,,,,,,,,,,,,,,,,,,,,,,,,,,,,
,,,,,,,,,,,,,,,,,,,,,,,,,,,,,,,,,,,,,,,,,,,,,,,,,,,,,,,,,,,
,,,,,,,,,,,,,,,,,,,,,,,,,,,,,,,,,,,,,,,,,,,,,,,,,,,,,,,,,,,
,,,,,,,,,,,,,,,,,,,,,,,,,,,,,,,,,,,,,,,,,,,,,,,,,,,,,,,,,,,
,,,,,,,,,,,,,,,,,,,,,,,,,,,,,,,,,,,,,,,,,,,,,,,,,,,,,,,,,,,
,,,,,,,,,,,,,,,,,,,,,,,,,,,,,,,,,,,,,,,,,,,,,,,,,,,,,,,,,,,
,,,,,,,,,,,,,,,,,,,,,,,,,,,,,,,,,,,,,,,,,,,,,,,,,,,,,,,,,,,
,,,,,,,,,,,,,,,,,,,,,,,,,,,,,,,,,,,,,,,,,,,,,,,,,,,,,,,,,,,
,,,,,,,,,,,,,,,,,,,,,,,,,,,,,,,,,,,,,,,,,,,,,,,,,,,,,,,,,,,
,,,,,,,,,,,,,,,,,,,,,,,,,,,,,,,,,,,,,,,,,,,,,,,,,,,,,,,,,,,
,,,,,,,,,,,,,,,,,,,,,,,,,,,,,,,,,,,,,,,,,,,,,,,,,,,,,,,,,,,
,,,,,,,,,,,,,,,,,,,,,,,,,,,,,,,,,,,,,,,,,,,,,,,,,,,,,,,,,,,
,,,,,,,,,,,,,,,,,,,,,,,,,,,,,,,,,,,,,,,,,,,,,,,,,,,,,,,,,,,
,,,,,,,,,,,,,,,,,,,,,,,,,,,,,,,,,,,,,,,,,,,,,,,,,,,,,,,,,,,
,,,,,,,,,,,,,,,,,,,,,,,,,,,,,,,,,,,,,,,,,,,,,,,,,,,,,,,,,,,
,,,,,,,,,,,,,,,,,,,,,,,,,,,,,,,,,,,,,,,,,,,,,,,,,,,,,,,,,,,
,,,,,,,,,,,,,,,,,,,,,,,,,,,,,,,,,,,,,,,,,,,,,,,,,,,,,,,,,,,
,,,,,,,,,,,,,,,,,,,,,,,,,,,,,,,,,,,,,,,,,,,,,,,,,,,,,,,,,,,
,,,,,,,,,,,,,,,,,,,,,,,,,,,,,,,,,,,,,,,,,,,,,,,,,,,,,,,,,,,
,,,,,,,,,,,,,,,,,,,,,,,,,,,,,,,,,,,,,,,,,,,,,,,,,,,,,,,,,,,
,,,,,,,,,,,,,,,,,,,,,,,,,,,,,,,,,,,,,,,,,,,,,,,,,,,,,,,,,,,
,,,,,,,,,,,,,,,,,,,,,,,,,,,,,,,,,,,,,,,,,,,,,,,,,,,,,,,,,,,
,,,,,,,,,,,,,,,,,,,,,,,,,,,,,,,,,,,,,,,,,,,,,,,,,,,,,,,,,,,
,,,,,,,,,,,,,,,,,,,,,,,,,,,,,,,,,,,,,,,,,,,,,,,,,,,,,,,,,,,
,,,,,,,,,,,,,,,,,,,,,,,,,,,,,,,,,,,,,,,,,,,,,,,,,,,,,,,,,,,
,,,,,,,,,,,,,,,,,,,,,,,,,,,,,,,,,,,,,,,,,,,,,,,,,,,,,,,,,,,
,,,,,,,,,,,,,,,,,,,,,,,,,,,,,,,,,,,,,,,,,,,,,,,,,,,,,,,,,,,
,,,,,,,,,,,,,,,,,,,,,,,,,,,,,,,,,,,,,,,,,,,,,,,,,,,,,,,,,,,
,,,,,,,,,,,,,,,,,,,,,,,,,,,,,,,,,,,,,,,,,,,,,,,,,,,,,,,,,,,
,,,,,,,,,,,,,,,,,,,,,,,,,,,,,,,,,,,,,,,,,,,,,,,,,,,,,,,,,,,
,,,,,,,,,,,,,,,,,,,,,,,,,,,,,,,,,,,,,,,,,,,,,,,,,,,,,,,,,,,
,,,,,,,,,,,,,,,,,,,,,,,,,,,,,,,,,,,,,,,,,,,,,,,,,,,,,,,,,,,
,,,,,,,,,,,,,,,,,,,,,,,,,,,,,,,,,,,,,,,,,,,,,,,,,,,,,,,,,,,
,,,,,,,,,,,,,,,,,,,,,,,,,,,,,,,,,,,,,,,,,,,,,,,,,,,,,,,,,,,
,,,,,,,,,,,,,,,,,,,,,,,,,,,,,,,,,,,,,,,,,,,,,,,,,,,,,,,,,,,
,,,,,,,,,,,,,,,,,,,,,,,,,,,,,,,,,,,,,,,,,,,,,,,,,,,,,,,,,,,
,,,,,,,,,,,,,,,,,,,,,,,,,,,,,,,,,,,,,,,,,,,,,,,,,,,,,,,,,,,
,,,,,,,,,,,,,,,,,,,,,,,,,,,,,,,,,,,,,,,,,,,,,,,,,,,,,,,,,,,
,,,,,,,,,,,,,,,,,,,,,,,,,,,,,,,,,,,,,,,,,,,,,,,,,,,,,,,,,,,
,,,,,,,,,,,,,,,,,,,,,,,,,,,,,,,,,,,,,,,,,,,,,,,,,,,,,,,,,,,
,,,,,,,,,,,,,,,,,,,,,,,,,,,,,,,,,,,,,,,,,,,,,,,,,,,,,,,,,,,
,,,,,,,,,,,,,,,,,,,,,,,,,,,,,,,,,,,,,,,,,,,,,,,,,,,,,,,,,,,
,,,,,,,,,,,,,,,,,,,,,,,,,,,,,,,,,,,,,,,,,,,,,,,,,,,,,,,,,,,
,,,,,,,,,,,,,,,,,,,,,,,,,,,,,,,,,,,,,,,,,,,,,,,,,,,,,,,,,,,
,,,,,,,,,,,,,,,,,,,,,,,,,,,,,,,,,,,,,,,,,,,,,,,,,,,,,,,,,,,
