Top,"The purpose of this weekly walkthrough is to systematically inspect and assess the condition of school facilities, ensuring they are safe, clean, and well-maintained to provide a conducive environment for student learning and well-being.",,,,,,,,,,,,,,,,,,,,,,,,,,,,,,,,,,,,,,,,,,,,,,,,,,,,,,,,,,
Source Sheet Link:,Link,,,,,,,,,,,,,,,,,,,,,,,,,,,,,,,,,,,,,,,,,,,,,,,,,,,,,,,,,,
Score 1-5,Descriptors,,,,,,,,,,,,,,,,,,,,,,,,,,,,,,,,,,,,,,,,,,,,,,,,,,,,,,,,,,
1.0,Poor,,,,,,,This score indicates the lowest level of satisfaction or compliance. It signifies significant issues or deficiencies.,,,,,,,,,,,,,,,,,,,,,,,,,,,,,,,,,,,,,,,,,,,,,,,,,,,
2.0,Fair,,,,,,,This score indicates a below-average level of satisfaction or compliance. It suggests some areas needing improvement.,,,,,,,,,,,,,,,,,,,,,,,,,,,,,,,,,,,,,,,,,,,,,,,,,,,
3.0,Average,,,,,,,This score indicates a satisfactory but ordinary level of satisfaction or compliance. It suggests no significant issues but room for enhancement.,,,,,,,,,,,,,,,,,,,,,,,,,,,,,,,,,,,,,,,,,,,,,,,,,,,
4.0,Good,,,,,,,This score indicates an above-average level of satisfaction or compliance. It suggests well-performing areas with minor improvements possible.,,,,,,,,,,,,,,,,,,,,,,,,,,,,,,,,,,,,,,,,,,,,,,,,,,,
5.0,Excellent,,,,,,,This score indicates the highest level of satisfaction or compliance. It suggests outstanding performance with no notable areas needing improvement.,,,,,,,,,,,,,,,,,,,,,,,,,,,,,,,,,,,,,,,,,,,,,,,,,,,
USARIVER,,JANUARY,,,,,,FEBRUARY,,,,,,,,MARCH,,,,,,,,APRIL,,,,,,,,MAY,,,,,,,,,,JUNE,,,,,,,,JULY,,,,,,,,,
Area,Descriptors,13th - 16th, Comments,19th-23th, Comments,26th-30th, Comments,2rd-6th, Comments,9th-13th, Comments,16th-20th, Comments,23th-27th, Comments,2nd-6th, ,9th-13th, Comments,16th-20th, Comments,23th-27th, Comments,30th-3th, Comments,6th-10th, Comments,13th-17th, Comments,20th-24th, Comments,27th-1st, Comments,4th-8th, Comments,11th-15th, Comments,18th-22nd, Comments,25th-29th, Comments,1st-5th, Comments,8th-12th, Comments,15th-19th, Comments,22nd-26th, Comments,29th-3rd, Comments,6th-10th, Comments,13th-17th, Comments,20th-24th, Comments,27th-31st, Comments
Exterior Areas:,Check the condition of outdoor play equipment for any damage or safety hazards.,4.0,swings at day care need repairment for proper functioning,4.0,seesaw swings at old playground aneed to be repaired and painted,4.0,outdoor play equippment are in safety and  good condition  ,4.0,Swings at day care need repairment for proper functioning,4.0,Swing at daycare need maintenance,4.0,Swing at daycare need maintenance for good performance,4.0,Swing at daycare need maintenance for good performance,4.0,Swing at daycare need maintenance for good performance,4.0,seesaw swings at old playground aneed to be repaired and painted,4.0,outdoor play equippment are in safety and  good condition  ,4.0,Swing at daycare need maintenance for good performance,4.0,Swing at daycare need maintenance,4.0,Swing at daycare need maintenance for good performance,4.0,Swing at daycare need maintenance for good performance,4.0,We have to add more swing at day care,4.0,We have to add more swing at day care,4.0,We have to add more swing at day care,4.0,Swing at daycare need maintenance for good performance,4.0,Swing at daycare need maintenance for good performance,,,,,,,,,,,,,,,,,,,,
,Inspect the cleanliness of the playground surfaces.,4.0,Cleaners should pass through their areas all the time to ensure all time cleanlines.,4.0,An inspection is underway,4.0,Cleaners should pass through their areas all the time to ensure all time cleanlines.,4.0,Cleaners should pass through their areas all the time to ensure all time cleanlines.,5.0,Areas are inspected and cleaned by cleaners effectively,5.0,Areas are cleaned but more cleanlines tools is needed,5.0,Areas are cleaned but more cleanlines tools is needed,5.0,Areas are inspected and cleaned by cleaners effectively,5.0,Cleaners should pass through their areas all the time to ensure all time cleanlines.,4.0,An inspection is underway,5.0,Cleaners should pass through their areas all the time to ensure all time cleanlines.,5.0,Cleaners should pass through their areas all the time to ensure all time cleanlines.,4.0,Areas are cleaned but more cleanlines tools is needed,4.0,Cleaners should pass through their areas all the time to ensure all time cleanlines.,4.0,Areas are inspected and cleaned by cleaners effectively,4.0,Areas are inspected and cleaned by cleaners effectively,4.0,Areas are inspected and cleaned by cleaners effectively,4.0,Areas are inspected and cleaned by cleaners effectively,4.0,Areas are cleaned but more cleanlines tools is needed,,,,,,,,,,,,,,,,,,,,
,Ensure that pathways are clear of debris and obstacles.,4.0,Rubble is required to cover the hollow parts like areas around water tapes,4.0,Pathways are clear of debris and obstacles but we need more rubble to cover the hollow parts at lower primary class and upper primary classes,4.0,Rubble is required to cover the hollow parts like areas around water tapes,4.0,Rubble is required to cover the hollow parts like areas around water tapes,5.0,Rubble is needed to cover at car parking,5.0,Rubble is needed to cover at car parking,5.0,Outdoor seating/grounds are clean and is in good condition,5.0,Outdoor seating/grounds are clean and is in good condition,5.0,Rubble is required to cover the hollow parts like areas around water tapes,4.0,Pathways are clear of debris and obstacles but we need more rubble to cover the hollow parts at lower primary class and upper primary classes,4.0,Rubble is required to cover the hollow parts like areas around water tapes,4.0,Rubble is required to cover the hollow parts like areas around water tapes,4.0,Rubble is needed to cover at car parking,4.0,Rubble is required to cover the hollow parts like areas around water tapes,5.0,Rubble is required to cover the hollow parts like areas around water tapes,4.0,Rubble is required to cover the hollow parts like ares around water tapes,4.0,Rubble is required to cover the hollow parts like ares around water tapes,4.0,Outdoor seating/grounds are clean and is in good condition,3.0,Outdoor seating/grounds are clean and is in good condition,,,,,,,,,,,,,,,,,,,,
,Verify that outdoor seating areas/grounds  are clean and in good condition.,4.0,We  need to add more sanitary facilities example moppers and big dust bin  in seating /ground areas.,4.0,Outdoor seating areas/grounds are clean and in good condition,4.0,Ontime reporting of cleaners and availability of sanitary facilities help the seating areas/grounds are clean and in good condition,4.0,We  need to add more sanitary facilities example moppers and big dust bin  in seating /ground areas.,5.0,Outdoor seating/grounds are clean and is in good condition,5.0,Outdoor seating/grounds are clean and is in good condition,5.0,Outdoor seating/grounds are clean and is in good condition,5.0,Outdoor seating/grounds are clean and is in good condition,5.0,We  need to add more sanitary facilities example moppers and big dust bin  in seating /ground areas.,5.0,Outdoor seating areas/grounds are clean and in good condition,4.0,Ontime reporting of cleaners and availability of sanitary facilities help the seating areas/grounds are clean and in good condition,5.0,We  need to add more sanitary facilities example moppers and big dust bin  in seating /ground areas.,4.0,Outdoor seating/grounds are clean and is in good condition,4.0,Outdoor seating areas/grounds are clean and in good condition,4.0,Outdoor seating areas/grounds are clean and in good condition,4.0,Outdoor seating areas/grounds are clean and in good condition,4.0,Outdoor seating areas/grounds are clean and in good condition,4.0,Outdoor seating/grounds are clean and is in good condition,3.0,Outdoor seating/grounds are clean and is in good condition,,,,,,,,,,,,,,,,,,,,
Building Exterior:,"Inspect the condition of external walls, windows, and doors for any signs of damage or wear.",4.0,There are two windows needs locks at girls dormitory,4.0,teachers and student care takers should teach and emphasize the student the important of taking care of schools properties,4.0,Windows and doors at boys dormitory need maintenance,4.0,Attention to teachers and aunties is more than i need,5.0,Academic office wall it need to be painted,5.0,Maintenance of door knob should be taken as urgent issues,5.0,Maintenance of door knob should be taken as urgent issues especial in all classes,5.0,Maintenance of wall at receptionist office is needed also grade 2 Mikumi we have do maintenance,4.0,teachers and student care takers should teach and emphasize the student the important of taking care of schools properties,4.0,Windows and doors at boys dormitory need maintenance,4.0,Attention to teachers and aunties is more than i need,5.0,"The toilet doors in both the girls' and boys' dormitories need repairs, and waterproof curtains are also required",4.0,Maintenance of door knob should be taken as urgent issues,4.0,"The toilet doors in both the girls' and boys' dormitories need repairs, and waterproof curtains are also required",5.0,"The toilet doors in both the girls' and boys' dormitories need repairs, and waterproof curtains are also required",4.0,"The toilet doors in both the girls' and boys' dormitories need repairs, and waterproof curtains are also required",4.0,"The toilet doors in both the girls' and boys' dormitories need repairs, and waterproof curtains are also required",4.0,Maintenance of wall at receptionist office is needed also grade 2 Mikumi we have do maintenance,3.0,Maintenance of door knob should be taken as urgent issues especial in all classes,,,,,,,,,,,,,,,,,,,,
,Check for any leaks or damage to the roof and ceiling,3.0,"Ceiling boards need to be painted, as many of them have already been installed",3.0,Well checked,3.0,"Ceiling boards need to be painted, as many of them have already been installed",3.0,"Ceiling boards need to be painted, as many of them have already been installed",5.0,roof and ceiling boards is well checked for example we have to do maintenance at lower primary computer lab ceiling board at the back,5.0,roof and ceiling boards is well checked for example we have to do maintenance at lower primary computer lab ceiling board at the back,5.0,roof and ceiling boards is well checked for example we have to do maintenance at lower primary computer lab ceiling board at the back,5.0,roof and ceiling boards is well checked for example we have to do maintenance at lower primary computer lab ceiling board at the back,5.0,Ceiling board is well checked and we have arleady done some repairment to the broken ceiling example at girls domitory,4.0,roof and ceiling boards is well checked for example we have to do maintenance at lower primary computer lab ceiling board at the back,5.0,Ceiling board is well checked and we have arleady done some repairment to the broken ceiling example at girls domitory,4.0,roof and ceiling boards is well checked for example we have to do maintenance at lower primary computer lab ceiling board at the back,4.0,roof and ceiling boards is well checked for example we have to do maintenance at lower primary computer lab ceiling board at the back,4.0,roof and ceiling boards is well checked for example we have to do maintenance at lower primary computer lab ceiling board at the back,5.0,roof and ceiling boards is well checked for example we have to do maintenance at lower primary computer lab ceiling board at the back,4.0,roof and ceiling boards is well checked for example we have to do maintenance at lower primary computer lab ceiling board at the back,4.0,roof and ceiling boards is well checked for example we have to do maintenance at lower primary computer lab ceiling board at the back,5.0,roof and ceiling boards is well checked for example we have to do maintenance at lower primary computer lab ceiling board at the back,4.0,roof and ceiling boards is well checked for example we have to do maintenance at lower primary computer lab ceiling board at the back,,,,,,,,,,,,,,,,,,,,
,Ensure that outdoor lighting is functional and provides adequate illumination.,3.0,"Most of the bulbs in classrooms and dormitories have been installed, but they require regular maintenance to ensure durability.",3.0,Let's make sure we put lights in places that don't have lights at all,3.0,"Most of the bulbs in classrooms and dormitories have been installed, but they require regular maintenance to ensure durability.",3.0,"Most of the bulbs in classrooms and dormitories have been installed, but they require regular maintenance to ensure durability.",4.0,Addition of more lights is needed especial back of music room and science room,4.0,Light is very important to tose areas that there is little light,5.0,Addition of more lights is needed especial back of music room and science room,4.0,Outdoor seating/grounds are clean and is in good condition,5.0,Addition of more lights is needed especial back of music room and science room,4.0,Outdoor seating/grounds are clean and is in good condition,5.0,Addition of more lights is needed especial back of music room and science room,4.0,,4.0,Light is very important to tose areas that there is little light,4.0,Outdoor seating/grounds are clean and is in good condition,5.0,Outdoor seating/grounds are clean and is in good condition,4.0,Outdoor seating/grounds are clean and is in good condition,4.0,Outdoor seating/grounds are clean and is in good condition,5.0,Outdoor seating/grounds are clean and is in good condition,4.0,Addition of more lights is needed especial back of music room and science room,,,,,,,,,,,,,,,,,,,,
Entrances and Reception:,Verify that entrance doors are functioning properly and secure when closed.,3.0,Entrace doors are funtioning properly and secured,3.0,Security guard they should take care entrance doors and to make sure is well closed,3.0,Entrace door are well checked,3.0,Entrace doors are funtioning properly and secured,4.0,Entrace doors are well inspected,5.0,Security guard they have to insure that they working hard and report any incidents for further solving,5.0,Entrace doors are well inspected,5.0,Security guard they have to insure that they working hard and report any incidents for further solving,5.0,Entrace doors are well inspected,5.0,Security guard they have to insure that they working hard and report any incidents for further solving        ,5.0,Entrace doors are well inspected,5.0,,4.0,Security guard they have to insure that they working hard and report any incidents for further solving,4.0,Security guard they have to insure that they working hard and report any incidents for further solving        ,5.0,Security guard they have to insure that they working hard and report any incidents for further solving        ,4.0,Security guard they have to insure that they working hard and report any incidents for further solving        ,4.0,Security guard they have to insure that they working hard and report any incidents for further solving        ,4.0,Security guard they have to insure that they working hard and report any incidents for further solving,4.0,Entrace doors are well inspected,,,,,,,,,,,,,,,,,,,,
,Check the cleanliness and organization of reception areas.,4.0,the reception area is well orgarnize and clean which maintain a welcoming atmosphere for visitors.,4.0,Cleanliness and organization of reception areas are well cleaned.,3.0,The reception area is well orgarnize and clean which maintain a welcoming atmosphere for visitors.,3.0,The reception area is well orgarnize and clean which maintain a welcoming atmosphere for visitors.,5.0,Cleanliness and organization of reception areas is checked and it is cleaned properly,5.0,Cleanliness is checked properly,5.0,Cleanliness is checked properly,5.0,Cleanliness is checked properly,5.0,Cleanliness is checked properly,5.0,Cleanliness and organization of reception areas is checked and it is cleaned properly,5.0,Cleanliness is checked properly,5.0,,4.0,Cleanliness is checked properly,4.0,Cleanliness and organization of reception areas is checked and it is cleaned properly,5.0,Security guard they have to insure that they working hard and report any incidents for further solving        ,4.0,Security guard they have to insure that they working hard and report any incidents for further solving        ,4.0,Security guard they have to insure that they working hard and report any incidents for further solving        ,5.0,Cleanliness is checked properly,3.0,Cleanliness is checked properly,,,,,,,,,,,,,,,,,,,,
,Ensure that signage is clear and visible for visitors.,4.0,All the signs announcing the school are visible .,4.0,Signage is clear and visible for visitors,4.0,All the signs announcing the school are visible .,4.0,All the signs announcing the school are visible .,5.0,Signage is clear and visible for vistors,5.0,Vistors there able to see signage,5.0,Signage is clear and visible for vistors,5.0,Vistors there able to see signage        ,,Signage is clear and visible for vistors,5.0,Vistors there able to see signage,5.0,Signage is clear and visible for vistors,5.0,,4.0,Vistors there able to see signage,4.0,Vistors there able to see signage,4.0,Vistors there able to see signage,4.0,Vistors there able to see signage,4.0,Vistors there able to see signage,5.0,Vistors there able to see signage        ,4.0,Signage is clear and visible for vistors,,,,,,,,,,,,,,,,,,,,
Classrooms:,"Inspect classroom doors, windows, and furniture for any damage or maintenance issues.",4.0,"Many dormitory doors need repairs, as most of their wooden parts have become worn out.",4.0,"Classroom doors, windows and furniture like in classroom teachers must insist students to take care of it",4.0,"Many dormitory doors need repairs, as most of their wooden parts have become worn out.",4.0,"Many dormitory doors need repairs, as most of their wooden parts have become worn out.",4.0,Ontime maintenance of windows at boys dormitory is needed,4.0,Maintenance of window should be taken as serious problem and solution should be taken,5.0,Ontime maintenance of windows at boys dormitory is needed,4.0,"Classroom doors, windows and furniture like in classroom teachers must insist students to take care of it",4.0,Ontime maintenance of windows at boys dormitory is needed,4.0,Ontime maintenance of windows at boys dormitory is needed,4.0,Ontime maintenance of windows at boys dormitory is needed,5.0,,4.0,Maintenance of window should be taken as serious problem and solution should be taken,4.0,"Classroom doors, windows and furniture like in classroom teachers must insist students to take care of it",4.0,Vistors there able to see signage,4.0,Vistors there able to see signage,4.0,Vistors there able to see signage,4.0,"Classroom doors, windows and furniture like in classroom teachers must insist students to take care of it",3.0,Ontime maintenance of windows at boys dormitory is needed,,,,,,,,,,,,,,,,,,,,
,Check classroom floors for cleanliness and safety hazards.,3.0,Most of the floors in the classrooms are cleaned ,3.0,Walk through of cleaners is needed to ensure all time cleanlines,4.0,Most of the floors in the classrooms are cleaned ,4.0,Most of the floors in the classrooms are cleaned ,5.0,"Maintenance of floor grade 4A,Grade 3 and finance office is needed",5.0,We have to repair floor in classes and offices so as to look good,5.0,"Maintenance of floor grade 4A,Grade 3 and finance office is needed",5.0,Walk through of cleaners is needed to ensure all time cleanlines,4.0,"Maintenance of floor grade 4a,grade 3 and finance office is needed",4.0,"Maintenance of floor grade 4a,grade 3 and finance office is needed",5.0,"Maintenance of floor grade 4A,Grade 3 and finance office is needed",4.0,,4.0,We have to repair floor in classes and offices so as to look good,4.0,Walk through of cleaners is needed to ensure all time cleanlines,4.0,Vistors there able to see signage,4.0,Vistors there able to see signage,4.0,Vistors there able to see signage,4.0,Walk through of cleaners is needed to ensure all time cleanlines,3.0,"Maintenance of floor grade 4A,Grade 3 and finance office is needed",,,,,,,,,,,,,,,,,,,,
,Verify that trash bins are emptied regularly and recycling procedures are followed.,4.0,The cleaners are working hard to remove dirty from the trash,4.0,More trash bin is needed to hallways,4.0,The cleaners are working hard to remove dirty from the trash,4.0,More trash bin is needed to hallways,4.0,The cleaners are working hard to remove dirty from the trash,4.0,More trash bin is needed to hallways,4.0,The cleaners are working hard to remove dirty from the trash,4.0,More trash bin is needed to hallways,4.0,The cleaners are working hard to remove dirty from the trash,4.0,The cleaners are working hard to remove dirty from the trash,4.0,"We have to add big trash bin at DH,to the gate and one at upper classes",5.0,,4.0,"We have to add big trash bin at dh,to the gate and one at upper classes",4.0,More trash bin is needed to hallways,4.0,Vistors there able to see signage,4.0,Vistors there able to see signage,4.0,Vistors there able to see signage,4.0,More trash bin is needed to hallways,4.0,Vistors there able to see signage,,,,,,,,,,,,,,,,,,,,
Hallways and Corridors:,Verify that hallways are clear of clutter and obstruction.,4.0,The roads are free of congestion and obstacles,4.0,The roads are free of congestion and obstacles,4.0,The roads are free of congestion and obstacles,4.0,The roads are free of congestion and obstacles,5.0,hallways are cleaned no clutter and no obstruction,5.0,Hallways is cleaned and there is no any obstruction,5.0,hallways are cleaned no clutter and no obstruction,5.0,The roads are free of congestion and obstacles,5.0,The roads are free of congestion and obstacles,5.0,The roads are free of congestion and obstacles,5.0,The roads are free of congestion and obstacles,5.0,,4.0,Hallways is cleaned and there is no any obstruction,4.0,hallways are cleaned no clutter and no obstruction,5.0,Vistors there able to see signage,4.0,Vistors there able to see signage,4.0,Vistors there able to see signage,4.0,The roads are free of congestion and obstacles,4.0,hallways are cleaned no clutter and no obstruction,,,,,,,,,,,,,,,,,,,,
,"Check for any damage to walls, ceilings, or flooring.",4.0,"Some walls need to be painted, such as the academic office, the boys' dormitory, and the exterior of the lower primary receptionist's office.",4.0,"Some walls need to be painted, such as the academic office, the boys' dormitory, and the exterior of the lower primary receptionist's office.",4.0,"Some walls need to be painted, such as the academic office, the boys' dormitory, and the exterior of the lower primary receptionist's office.",4.0,"Some walls need to be painted, such as the academic office, the boys' dormitory, and the exterior of the lower primary receptionist's office.",4.0,Maintenance of walls at grade 2 Mikumi is needed,4.0,We have to repair the colors on walls,5.0,Maintenance of walls at grade 2 Mikumi is needed,4.0,"Some walls need to be painted, such as the academic office, the boys' dormitory, and the exterior of the lower primary receptionist's office.",4.0,Well checked,4.0,"Some walls need to be painted, such as the academic office, the boys' dormitory, and the exterior of the lower primary receptionist's office.",4.0,"Some walls need to be painted, such as the academic office, the boys' dormitory, and the exterior of the lower primary receptionist's office.",4.0,,4.0,We have to repair the colors on walls,4.0,Well checked,4.0,Well checked,4.0,well checked,4.0,well checked,4.0,"Some walls need to be painted, such as the academic office, the boys' dormitory, and the exterior of the lower primary receptionist's office.",4.0,Maintenance of walls at grade 2 Mikumi is needed,,,,,,,,,,,,,,,,,,,,
Restrooms:,Inspect restroom facilities for cleanliness and sanitation.,4.0,Toilet facilities for hygiene needs to be added exampl toilet dispensers,4.0,Restroom facilities for cleanliness and sanitation is well checked,4.0,Toilet facilities for hygiene needs to be added exampl toilet dispensers,4.0,Toilet facilities for hygiene needs to be added exampl toilet dispensers,4.0,"Toilets are in good working  condition, There is a fresh clean and scent in all areas and restrooms are well maintained also the wast bins were emptied and overall hygien have been met. the restrooms are sanitary and ready for use.",4.0,Toilet facilities for hygiene needs to be added exampl toilet dispensers,4.0,Well checked,4.0,Toilet facilities for hygiene needs to be added exampl toilet dispensers,4.0,Restroom facilities for cleanliness and sanitation is well checked,4.0,Toilet facilities for hygiene needs to be added exampl toilet dispensers,4.0,Toilet facilities for hygiene needs to be added exampl toilet dispensers,5.0,,4.0,Toilet facilities for hygiene needs to be added exampl toilet dispensers,4.0,"Toilets are in good working  condition, There is a fresh clean and scent in all areas and restrooms are well maintained also the wast bins were emptied and overall hygien have been met. the restrooms are sanitary and ready for use.",4.0,Toilet facilities for hygiene needs to be added exampl toilet dispensers,4.0,Toilet facilities for hygiene needs to be added exampl toilet dispensers,4.0,Toilet facilities for hygiene needs to be added exampl toilet dispensers,3.0,Toilet facilities for hygiene needs to be added exampl toilet dispensers,4.0,Well checked,,,,,,,,,,,,,,,,,,,,
,Check for any leaks or malfunctions in plumbing fixtures.,3.0,Pipes at upper primary boys toilet need maintenace,3.0,No any leaks or malfunction,4.0,Pipes at upper primary boys toilet need maintenace,4.0,Pipes at upper primary boys toilet need maintenace,4.0,"The plumbing problem is being worked on, the technicians are working hard and it will decrease to the maximum",4.0,Pipes at upper primary boys toilet need maintenace,4.0,"The plumbing problem is being worked on, the technicians are working hard and it will decrease to the maximum",4.0,Pipes at upper primary boys toilet need maintenace,3.0,No any leaks or malfunction,4.0,Pipes at upper primary boys toilet need maintenace,4.0,Pipes at upper primary boys toilet need maintenace,5.0,,4.0,Pipes at upper primary boys toilet need maintenace,4.0,No any leaks or malfunction,4.0,No any leaks or malfunction,4.0,No any leaks or malfunction,4.0,No any leaks or malfunction,3.0,Pipes at upper primary boys toilet need maintenace,4.0,"The plumbing problem is being worked on, the technicians are working hard and it will decrease to the maximum",,,,,,,,,,,,,,,,,,,,
,"Ensure that adequate supplies such as soap, water buckets, toilet cups and toilet paper are available.",5.0,"Soap,water buckets,toilet  cups and toilet paper are available",5.0,"Soap,water buckets,toilet  cups and toilet paper are available",4.0,"Soap,water buckets,toilet  cups and toilet paper are available",4.0,"Soap,water buckets,toilet  cups and toilet paper are available",4.0,"The cleanliness and sanitation are up to standard and no immediate issues were found . all supplies include soaps toilet paper, water , dust bins and toilet cleaning equipments are well stocked. ",4.0,"Soap,water buckets,toilet  cups and toilet paper are available",4.0,"The cleanliness and sanitation are up to standard and no immediate issues were found . all supplies include soaps toilet paper, water , dust bins and toilet cleaning equipments are well stocked. ",4.0,"Soap,water buckets,toilet  cups and toilet paper are available",4.0,"Soap,water buckets,toilet  cups and toilet paper are available",4.0,"Soap,water buckets,toilet  cups and toilet paper are available",4.0,"Soap,water buckets,toilet  cups and toilet paper are available",4.0,,4.0,"Soap,water buckets,toilet  cups and toilet paper are available",4.0,"The cleanliness and sanitation are up to standard and no immediate issues were found . all supplies include soaps toilet paper, water , dust bins and toilet cleaning equipments are well stocked. ",5.0,"Soap,water buckets,toilet  cups and toilet paper are available",4.0,"Soap,water buckets,toilet  cups and toilet paper are available",4.0,"Soap,water buckets,toilet  cups and toilet paper are available",4.0,"Soap,water buckets,toilet  cups and toilet paper are available",3.0,"The cleanliness and sanitation are up to standard and no immediate issues were found . all supplies include soaps toilet paper, water , dust bins and toilet cleaning equipments are well stocked. ",,,,,,,,,,,,,,,,,,,,
Common Areas:,Check the cleanliness and organization of shared spaces such as dining and assembly areas.,4.0,"Cleaners are struggling  to clean , the  challenge is that there are few  cleaning equipment moppers and soft bloom",5.0,We have to add a lawn mower,4.0,"Cleaners are struggling  to clean , the  challenge is that there are few  cleaning equipment moppers and soft bloom",4.0,"Cleaners are struggling  to clean , the  challenge is that there are few  cleaning equipment moppers and soft bloom",4.0,both dining and assembly areas are well maintained. The spaces are clean and well organized. ,4.0,"Cleaners are struggling  to clean , the  challenge is that there are few  cleaning equipment moppers and soft bloom",4.0,both dining and assembly areas are well maintained. The spaces are clean and well organized. ,4.0,Both dining and assembly areas are well maintained. the spaces are clean and well organized. ,4.0,both dining and assembly areas are well maintained. The spaces are clean and well organized. ,4.0,Both dining and assembly areas are well maintained. the spaces are clean and well organized. ,4.0,both dining and assembly areas are well maintained. The spaces are clean and well organized. ,4.0,,4.0,Both dining and assembly areas are well maintained. the spaces are clean and well organized. ,4.0,Both dining and assembly areas are well maintained. the spaces are clean and well organized. ,5.0,both dining and assembly areas are well maintained. The spaces are clean and well organized. ,4.0,both dining and assembly areas are well maintained. The spaces are clean and well organized. ,4.0,both dining and assembly areas are well maintained. The spaces are clean and well organized. ,5.0,Both dining and assembly areas are well maintained. the spaces are clean and well organized. ,4.0,both dining and assembly areas are well maintained. The spaces are clean and well organized. ,,,,,,,,,,,,,,,,,,,,
,Inspect seating areas for any damage or wear.,5.0,No damage or wear at seating areas,5.0,Trash bins are emptied regularly and recycling procedures are followed,5.0,Trash bins are emptied regularly and recycling procedures are followed,5.0,The seating areas are in good condition though few chairs are showing some wears.,5.0,Trash bins are emptied regularly and recycling procedures are followed,5.0,No damage or wear at seating areas,5.0,Trash bins were emptied as needed and recycling procedures are followed.,5.0,Trash bins were emptied as needed and recycling procedures are followed.,5.0,The seating areas are in good condition though few chairs are showing some wears.,5.0,Trash bins were emptied as needed and recycling procedures are followed.,5.0,Trash bins were emptied as needed and recycling procedures are followed.,5.0,,4.0,No damage or wear at seating areas,4.0,The seating areas are in good condition though few chairs are showing some wears.        ,5.0,The seating areas are in good condition though few chairs are showing some wears.,4.0,The seating areas are in good condition though few chairs are showing some wears.,4.0,The seating areas are in good condition though few chairs are showing some wears.,4.0,The seating areas are good and cleaned,4.0,Trash bins were emptied as needed and recycling procedures are followed.,,,,,,,,,,,,,,,,,,,,
,Verify that trash bins are emptied regularly and recycling procedures are followed.,4.0,Cleaners are working hard to emptied trash bin and they followed recycling procedures ,4.0,Trash bins are emptied regularly and recycling procedures are followed,4.0,The seating areas are good and cleaned,5.0,Cleaners are working hard to emptied trash bin and they followed recycling procedures ,5.0,Trash bins were emptied as needed and recycling procedures are followed.,5.0,Trash bins were emptied as needed and recycling procedures are followed.,5.0,Trash bins were emptied as needed and recycling procedures are followed.,5.0,Cleaners are working hard to emptied trash bin and they followed recycling procedures ,4.0,Trash bins are emptied regularly and recycling procedures are followed,4.0,The seating areas are good and cleaned,5.0,Cleaners are working hard to emptied trash bin and they followed recycling procedures ,5.0,,4.0,Trash bins were emptied as needed and recycling procedures are followed.,4.0,The seating areas are good and cleaned,5.0,The seating areas are good and cleaned,4.0,The seating areas are good and cleaned,4.0,The seating areas are good and cleaned,4.0,Cleaners are working hard to emptied trash bin and they followed recycling procedures ,4.0,Trash bins were emptied as needed and recycling procedures are followed.,,,,,,,,,,,,,,,,,,,,
Maintenance Rooms and Storage Areas:,Inspect maintenance rooms for cleanliness and organization. eg: ,4.0,"The rooms are in order, they are made and cleaned.",4.0,"The rooms are in order, they are made and cleaned.",4.0,"The rooms are in order, they are made and cleaned.",4.0,"The rooms are in order, they are made and cleaned.",4.0,Rooms are well maintained and organized meeting safety and efficient standards.,4.0,"The rooms are in order, they are made and cleaned.",4.0,Rooms are well maintained and organized meeting safety and efficient standards.,4.0,Rooms are well maintained and organized meeting safety and efficient standards.,4.0,Rooms are well maintained and organized meeting safety and efficient standards.,5.0,Rooms are well maintained and organized meeting safety and efficient standards.,5.0,Rooms are well maintained and organized meeting safety and efficient standards.,5.0,Rooms are well maintained and organized meeting safety and efficient standards.,4.0,Rooms are well maintained and organized meeting safety and efficient standards.,4.0,Rooms are well maintained and organized meeting safety and efficient standards.,5.0,The seating areas are good and cleaned,4.0,The seating areas are good and cleaned,4.0,The seating areas are good and cleaned,4.0,The seating areas are good and cleaned,4.0,Rooms are well maintained and organized meeting safety and efficient standards.,,,,,,,,,,,,,,,,,,,,
,"Check the inventory of supplies and equipment for cleaning, gardening, farm",4.0,"Conducted a review of the inventory for cleaning, gardening, and farm equipment. Most essential items are available, but a few tools require replenishment or replacement to ensure smooth operations.",4.0,"Conducted a review of the inventory for cleaning, gardening, and farm equipment. most essential items are available, but a few tools require replenishment or replacement to ensure smooth operations.",4.0,"Conducted a review of the inventory for cleaning, gardening, and farm equipment. most essential items are available, but a few tools require replenishment or replacement to ensure smooth operations.",4.0,"Conducted a review of the inventory for cleaning, gardening, and farm equipment. most essential items are available, but a few tools require replenishment or replacement to ensure smooth operations.",4.0,"every thing is well organized and all items are stored properly, tools cleaning supplies and equipment are neatly arranged making it ease to acess what is needed.",4.0,"every thing is well organized and all items are stored properly, tools cleaning supplies and equipment are neatly arranged making it ease to acess what is needed.",4.0,"Conducted a review of the inventory for cleaning, gardening, and farm equipment. most essential items are available, but a few tools require replenishment or replacement to ensure smooth operations.",4.0,"every thing is well organized and all items are stored properly, tools cleaning supplies and equipment are neatly arranged making it ease to acess what is needed.",4.0,"every thing is well organized and all items are stored properly, tools cleaning supplies and equipment are neatly arranged making it ease to acess what is needed.",4.0,,4.0,"every thing is well organized and all items are stored properly, tools cleaning supplies and equipment are neatly arranged making it ease to acess what is needed.	4",4.0,"every thing is well organized and all items are stored properly, tools cleaning supplies and equipment are neatly arranged making it ease to acess what is needed.",4.0,"every thing is well organized and all items are stored properly, tools cleaning supplies and equipment are neatly arranged making it ease to acess what is needed.",4.0,"every thing is well organized and all items are stored properly, tools cleaning supplies and equipment are neatly arranged making it ease to acess what is needed.",4.0,"every thing is well organized and all items are stored properly, tools cleaning supplies and equipment are neatly arranged making it ease to acess what is needed.",4.0,"every thing is well organized and all items are stored properly, tools cleaning supplies and equipment are neatly arranged making it ease to acess what is needed.",4.0,"every thing is well organized and all items are stored properly, tools cleaning supplies and equipment are neatly arranged making it ease to acess what is needed.",5.0,"every thing is well organized and all items are stored properly, tools cleaning supplies and equipment are neatly arranged making it ease to acess what is needed.",4.0,"Every thing is well organized and all items are stored properly, tools cleaning supplies and equipment are neatly arranged making it ease to acess what is needed.",,,,,,,,,,,,,,,,,,,,
,Ensure that hazardous materials are stored safely and labeled properly.,4.0,Hazardous materials are stored safely.,4.0,Hazardous materials are stored safely.,4.0,Hazardous materials are stored safely.,5.0,Hazardous materials are stored safely.,5.0,every thing is well maintained and securely stored. The hazarde materials are labeled and safely organized,5.0,Hazardous materials are stored safely.,5.0,every thing is well maintained and securely stored. The hazarde materials are labeled and safely organized,5.0,Every thing is well maintained and securely stored. the hazarde materials are labeled and safely organized,4.0,Every thing is well maintained and securely stored. the hazarde materials are labeled and safely organized,5.0,Every thing is well maintained and securely stored. the hazarde materials are labeled and safely organized,5.0,every thing is well maintained and securely stored. The hazarde materials are labeled and safely organized,4.0,every thing is well maintained and securely stored. The hazarde materials are labeled and safely organized,4.0,Every thing is well maintained and securely stored. the hazarde materials are labeled and safely organized,4.0,Every thing is well maintained and securely stored. the hazarde materials are labeled and safely organized,5.0,"every thing is well organized and all items are stored properly, tools cleaning supplies and equipment are neatly arranged making it ease to acess what is needed.",4.0,"every thing is well organized and all items are stored properly, tools cleaning supplies and equipment are neatly arranged making it ease to acess what is needed.",4.0,"every thing is well organized and all items are stored properly, tools cleaning supplies and equipment are neatly arranged making it ease to acess what is needed.",4.0,"Every thing is well organized and all items are stored properly, tools cleaning supplies and equipment are neatly arranged making it ease to acess what is needed.",4.0,every thing is well maintained and securely stored. The hazarde materials are labeled and safely organized,,,,,,,,,,,,,,,,,,,,
Safety and Security:,Inspect security cameras and alarm systems for proper functioning.,4.0,Cameras are working,4.0,Cameras are working,4.0,Cameras are working,5.0,Cameras are working,4.0,all security camere=as have remain operational providing excellent coverage of key areas. alarm system have been tested requlary  and is functioning correctly.,5.0,Cameras are working,4.0,Cameras are working,4.0,Cameras are working,4.0,Cameras are working,4.0,Cameras are working,4.0,Cameras are working,3.0,,4.0,Cameras are working,4.0,Cameras are working,3.0,cameras and alam system are working,4.0,cameras and alam system are working,4.0,cameras and alam system are working,5.0,Cameras and alam system are working,4.0,Cameras and alam system are working,,,,,,,,,,,,,,,,,,,,
,Ensure that all entry and exit points are secure.,4.0,The exit and entry points are considered as security guards are there to ensure safety.,4.0,The exit and entry points are considered as security guards are there to ensure safety.,4.0,The exit and entry points are considered as security guards are there to ensure safety.,4.0,The exit and entry points are considered as security guards are there to ensure safety.,4.0,no security concern issues have been found,4.0,The exit and entry points are considered as security guards are there to ensure safety.,4.0,The exit and entry points are considered as security guards are there to ensure safety.,4.0,The exit and entry points are considered as security guards are there to ensure safety.,4.0,The exit and entry points are considered as security guards are there to ensure safety.,4.0,The exit and entry points are considered as security guards are there to ensure safety.,4.0,The exit and entry points are considered as security guards are there to ensure safety.,4.0,,4.0,The exit and entry points are considered as security guards are there to ensure safety.,4.0,no security concern issues have been found,4.0,no security concern issues have been found,4.0,no security concern issues have been found,4.0,no security concern issues have been found,5.0,No security concern issues have been found,4.0,The exit and entry points are considered as security guards are there to ensure safety.,,,,,,,,,,,,,,,,,,,,
Grounds and Landscaping,,,,,,,,,,,,,,,,,,,,,,,,,,,,,,,,,,,,,,,,,,,,,,,,,,,,,,,,,,,
,Check irrigation systems for proper functioning.,4.0,Irrigation system are working,4.0,Irrigation system are working,4.0,Irrigation system are working,4.0,Irrigation system are working,4.0,"rigation system has been working effectively, keeping the grounds well-watered. Seating areas have been consistently clean, with no major issues",4.0,Irrigation system are working,4.0,Irrigation system are working,4.0,Irrigation system are working,4.0,Irrigation system are working,4.0,"rigation system has been working effectively, keeping the grounds well-watered. Seating areas have been consistently clean, with no major issues",4.0,"rigation system has been working effectively, keeping the grounds well-watered. Seating areas have been consistently clean, with no major issues",4.0,,4.0,"Rigation system has been working effectively, keeping the grounds well-watered. seating areas have been consistently clean, with no major issues",4.0,"rigation system has been working effectively, keeping the grounds well-watered. Seating areas have been consistently clean, with no major issues",4.0,"rigation system has been working effectively, keeping the grounds well-watered. Seating areas have been consistently clean, with no major issues",4.0,"rigation system has been working effectively, keeping the grounds well-watered. Seating areas have been consistently clean, with no major issues",4.0,"rigation system has been working effectively, keeping the grounds well-watered. Seating areas have been consistently clean, with no major issues",4.0,"Rigation system has been working effectively, keeping the grounds well-watered. seating areas have been consistently clean, with no major issues",3.0,"Rigation system has been working effectively, keeping the grounds well-watered. seating areas have been consistently clean, with no major issues",,,,,,,,,,,,,,,,,,,,
,Ensure that outdoor seating areas and grounds are clean and well-maintained.,4.0,The cleaners are trying to clean.,4.0,The cleaners are trying to clean.,4.0,The cleaners are trying to clean.,4.0,The cleaners are trying to clean.,4.0,"landscaping is in good condition but requires some periodic attention such as treaming overgrown plants, grass patchesand refreshing mulch.",4.0,The cleaners are trying to clean.,4.0,Out door seating areas and grounds are cleaned and  and well-maintained,4.0,"Landscaping is in good condition but requires some periodic attention such as treaming overgrown plants, grass patchesand refreshing mulch.",4.0,The cleaners are trying to clean.,4.0,"Landscaping is in good condition but requires some periodic attention such as treaming overgrown plants, grass patchesand refreshing mulch.",4.0,"Landscaping is in good condition but requires some periodic attention such as treaming overgrown plants, grass patchesand refreshing mulch.",4.0,"landscaping is in good condition but requires some periodic attention such as treaming overgrown plants, grass patchesand refreshing mulch.",4.0,"Landscaping is in good condition but requires some periodic attention such as treaming overgrown plants, grass patchesand refreshing mulch.",4.0,"Landscaping is in good condition but requires some periodic attention such as treaming overgrown plants, grass patchesand refreshing mulch.",4.0,"Landscaping is in good condition but requires some periodic attention such as treaming overgrown plants, grass patchesand refreshing mulch.",4.0,"Landscaping is in good condition but requires some periodic attention such as treaming overgrown plants, grass patchesand refreshing mulch.",4.0,"Landscaping is in good condition but requires some periodic attention such as treaming overgrown plants, grass patchesand refreshing mulch.",4.0,"Landscaping is in good condition but requires some periodic attention such as treaming overgrown plants, grass patchesand refreshing mulch.",4.0,Out door seating areas and grounds are cleaned and  and well-maintained,,,,,,,,,,,,,,,,,,,,
 ,,3.892857143,,3.928571429,,3.892857143,,4,,4.428571429,,4.5,,4.571428571,,4.464285714,,4.296296296,,4.285714286,,4.428571429,,4.464285714,,4,,4,,4.428571429,,4,,4,,4.214285714,,3.714285714,,,,,,,,,,,,,,#DIV/0!,,,,,,#DIV/0!,
,,,,,,,,,,,,,,,,,,,,,,,,,,,,,,,,,,,,,,,,,,,,,,,,,,,,,,,,,,   ,
,Monthly average,,,0.780952381,,,,,,0.875,,,,,,0.8737433862,,,,,,,,0.8446428571,,,,,,,,,,,,,,,,0.7964285714,,,,,,,,#DIV/0!,,,,,,,,,,#DIV/0!,
,Checks Done,,,3,,,,,,4,,,,,,4,,,,,,,,4,,,,,,,,,,,,,,,,,,,,,,,,,,,,,,,,,,0,
,,,,,,,,,,,,,,,,,,,,,,,,,,,,,,,,,,,,,,,,,,,,,,,,,,,,,,,,,,,
,,,,,,,,,,,,,,,,,,,,,,,,,,,,,,,,,,,,,,,,,,,,,,,,,,,,,,,,,,,
,,,,,,,,Jan,Feb,Mar,Apr,May,Jun,Jul,Aug,Sep,Oct,Nov,Dec,,,,,,,,,,,,,,,,,,,,,,,,,,,,,,,,,,,,,,,,
,Actual Facilites Checklist Score,,,,,,,0.780952381,0.875,0.8737433862,0.8446428571,0.7964285714,#DIV/0!,#DIV/0!,#DIV/0!,#DIV/0!,#DIV/0!,#DIV/0!,,,,,,,,,,,,,,,,,,,,,,,,,,,,,,,,,,,,,,,,,
,Target Facilites Checklist Score ,,,,,,,0.9,0.9,0.9,0.9,0.9,0.9,0.9,0.9,0.9,0.9,0.9,0.9,,,,,,,,,,,,,,,,,,,,,,,,,,,,,,,,,,,,,,,,
,,,,,,,,,,,,,,,,,,,,,,,,,,,,,,,,,,,,,,,,,,,,,,,,,,,,,,,,,,,
,,,,,,,,,,,,,,,,,,,,,,,,,,,,,,,,,,,,,,,,,,,,,,,,,,,,,,,,,,,
,,,,,,,,,,,,,,,,,,,,,,,,,,,,,,,,,,,,,,,,,,,,,,,,,,,,,,,,,,,
,,,,,,,,,,,,,,,,,,,,,,,,,,,,,,,,,,,,,,,,,,,,,,,,,,,,,,,,,,,
,,,,,,,,,,,,,,,,,,,,,,,,,,,,,,,,,,,,,,,,,,,,,,,,,,,,,,,,,,,
,,,,,,,,,,,,,,,,,,,,,,,,,,,,,,,,,,,,,,,,,,,,,,,,,,,,,,,,,,,
,,,,,,,,,,,,,,,,,,,,,,,,,,,,,,,,,,,,,,,,,,,,,,,,,,,,,,,,,,,
,,,,,,,,,,,,,,,,,,,,,,,,,,,,,,,,,,,,,,,,,,,,,,,,,,,,,,,,,,,
,,,,,,,,,,,,,,,,,,,,,,,,,,,,,,,,,,,,,,,,,,,,,,,,,,,,,,,,,,,
,,,,,,,,,,,,,,,,,,,,,,,,,,,,,,,,,,,,,,,,,,,,,,,,,,,,,,,,,,,
,,,,,,,,,,,,,,,,,,,,,,,,,,,,,,,,,,,,,,,,,,,,,,,,,,,,,,,,,,,
,,,,,,,,,,,,,,,,,,,,,,,,,,,,,,,,,,,,,,,,,,,,,,,,,,,,,,,,,,,
,,,,,,,,,,,,,,,,,,,,,,,,,,,,,,,,,,,,,,,,,,,,,,,,,,,,,,,,,,,
,,,,,,,,,,,,,,,,,,,,,,,,,,,,,,,,,,,,,,,,,,,,,,,,,,,,,,,,,,,
,,,,,,,,,,,,,,,,,,,,,,,,,,,,,,,,,,,,,,,,,,,,,,,,,,,,,,,,,,,
,,,,,,,,,,,,,,,,,,,,,,,,,,,,,,,,,,,,,,,,,,,,,,,,,,,,,,,,,,,
,,,,,,,,,,,,,,,,,,,,,,,,,,,,,,,,,,,,,,,,,,,,,,,,,,,,,,,,,,,
,,,,,,,,,,,,,,,,,,,,,,,,,,,,,,,,,,,,,,,,,,,,,,,,,,,,,,,,,,,
,,,,,,,,,,,,,,,,,,,,,,,,,,,,,,,,,,,,,,,,,,,,,,,,,,,,,,,,,,,
,,,,,,,,,,,,,,,,,,,,,,,,,,,,,,,,,,,,,,,,,,,,,,,,,,,,,,,,,,,
,,,,,,,,,,,,,,,,,,,,,,,,,,,,,,,,,,,,,,,,,,,,,,,,,,,,,,,,,,,
,ONLY CLEANLINESS (Q1 & Q2,,,,,,,,,,,,,,,,,,,,,,,,,,,,,,,,,,,,,,,,,,,,,,,,,,,,,,,,,,
,Discription,Average ,Percent,,,,,,,,,,,,,,,,,,,,,,,,,,,,,,,,,,,,,,,,,,,,,,,,,,,,,,,,
,Inspect the cleanliness of the playground surfaces.,4.5,90,,,,,,,,,,,,,,,,,,,,,,,,,,,,,,,,,,,,,,,,,,,,,,,,,,,,,,,,
,Check the cleanliness and organization of reception areas.,4.428571429,88.57142857,,,,,,,,,,,,,,,,,,,,,,,,,,,,,,,,,,,,,,,,,,,,,,,,,,,,,,,,
,Check classroom floors for cleanliness and safety hazards.,4.214285714,84.28571429,,,,,,,,,,,,,,,,,,,,,,,,,,,,,,,,,,,,,,,,,,,,,,,,,,,,,,,,
,Inspect restroom facilities for cleanliness and sanitation.,4.071428571,81.42857143,,,,,,,,,,,,,,,,,,,,,,,,,,,,,,,,,,,,,,,,,,,,,,,,,,,,,,,,
,Check the cleanliness and organization of shared spaces such as dining and assembly areas.,4.071428571,81.42857143,,,,,,,,,,,,,,,,,,,,,,,,,,,,,,,,,,,,,,,,,,,,,,,,,,,,,,,,
,Inspect maintenance rooms for cleanliness and organization. eg: ,4.214285714,84.28571429,,,,,,,,,,,,,,,,,,,,,,,,,,,,,,,,,,,,,,,,,,,,,,,,,,,,,,,,
,TOTAL,4.25,85,,,,,,,,,,,,,,,,,,,,,,,,,,,,,,,,,,,,,,,,,,,,,,,,,,,,,,,,
,,,,,,,,,,,,,,,,,,,,,,,,,,,,,,,,,,,,,,,,,,,,,,,,,,,,,,,,,,,
,,,,,,,,,,,,,,,,,,,,,,,,,,,,,,,,,,,,,,,,,,,,,,,,,,,,,,,,,,,
,ONLY CLEANLINESS (Q1 & Q2,,,,,,,,,,,,,,,,,,,,,,,,,,,,,,,,,,,,,,,,,,,,,,,,,,,,,,,,,,
,Discription,Average ,Percent,,,,,,,,,,,,,,,,,,,,,,,,,,,,,,,,,,,,,,,,,,,,,,,,,,,,,,,,
,Inspect security cameras and alarm systems for proper functioning.,4.071428571,81.42857143,,,,,,,,,,,,,,,,,,,,,,,,,,,,,,,,,,,,,,,,,,,,,,,,,,,,,,,,
,Ensure that all entry and exit points are secure.,4,80,,,,,,,,,,,,,,,,,,,,,,,,,,,,,,,,,,,,,,,,,,,,,,,,,,,,,,,,
,Total,,80.71428571,,,,,,,,,,,,,,,,,,,,,,,,,,,,,,,,,,,,,,,,,,,,,,,,,,,,,,,,
,,,,,,,,,,,,,,,,,,,,,,,,,,,,,,,,,,,,,,,,,,,,,,,,,,,,,,,,,,,
,,,,,,,,,,,,,,,,,,,,,,,,,,,,,,,,,,,,,,,,,,,,,,,,,,,,,,,,,,,
,,,,,,,,,,,,,,,,,,,,,,,,,,,,,,,,,,,,,,,,,,,,,,,,,,,,,,,,,,,
ARUSHA MODERN,,JANUARY,,,,,,FEBRUARY,,,,,,,,MARCH,,,,,,,,APRIL,,,,,,,,MAY,,,,,,,,,,JUNE,,,,,,,,JULY,,,,,,,,,
Area,Descriptors,13th - 16th, Comments,19th-23th, Comments,26th-30th, Comments,2rd-6th, Comments,9th-13th, Comments,16th-20th, Comments,23th-27th, Comments,2nd-6th, Comments,9th-13th, Comments,16th-20th, Comments,23th-27th, Comments,30th-3th, Comments,6th-10th, Comments,13th-17th, Comments,20th-24th, Comments,27th-1st, Comments,4th-8th, Comments,11th-15th, Comments,18th-22nd, Comments,25th-29th, Comments,1st-5th, Comments,8th-12th, Comments,15th-19th, Comments,22nd-26th, Comments,29th-3rd, Comments,6th-10th, Comments,13th-17th, Comments,20th-24th, Comments,27th-31st, Comments
Exterior Areas:,Check the condition of outdoor play equipment for any damage or safety hazards.,3.0,"The areas are generally clean, but additional cleaning equipment is required.",4.0,Swing at daycare need maintenance for good performance,3.0,We have to add more swing at day care,4.0,"The areas are generally clean, but additional cleaning equipment is required.",3.0,We have to add more swing at day care,4.0,"The areas are generally clean, but additional cleaning equipment is required.",3.0,We have to add more swing at day care,4.0,We have to add more swing at day care,5.0,We have to add more swing at day care,5.0,"The areas are generally clean, but additional cleaning equipment is required.",3.0,We have to add more swing at day care,5.0,"The areas are generally clean, but additional cleaning equipment is required.",3.0,We have to add more swing at day care,4.0,"The areas are generally clean, but additional cleaning equipment is required.",4.0,"The areas are generally clean, but additional cleaning equipment is required.",4.0,"The areas are generally clean, but additional cleaning equipment is required.",3.0,"The areas are generally clean, but additional cleaning equipment is required.",5.0,"The areas are generally clean, but additional cleaning equipment is required.",4.0,"The areas are generally clean, but additional cleaning equipment is required.",,,,,,,,,,,,,,,,,,,,
,Inspect the cleanliness of the playground surfaces.,4.0,More rubble is needed to improve the car parking area.,4.0,Areas are cleaned but more cleanlines tools is needed,5.0,Areas are inspected and cleaned by cleaners effectively,4.0,More rubble is needed to improve the car parking area.,5.0,Areas are inspected and cleaned by cleaners effectively,4.0,More rubble is needed to improve the car parking area.,5.0,Areas are inspected and cleaned by cleaners effectively,4.0,Areas are inspected and cleaned by cleaners effectively,5.0,Areas are inspected and cleaned by cleaners effectively,5.0,More rubble is needed to improve the car parking area.,5.0,Areas are inspected and cleaned by cleaners effectively,5.0,More rubble is needed to improve the car parking area.,5.0,Areas are inspected and cleaned by cleaners effectively,4.0,More rubble is needed to improve the car parking area.,4.0,More rubble is needed to improve the car parking area.,4.0,More rubble is needed to improve the car parking area.,5.0,More rubble is needed to improve the car parking area.,5.0,More rubble is needed to improve the car parking area.,5.0,More rubble is needed to improve the car parking area.,,,,,,,,,,,,,,,,,,,,
,Ensure that pathways are clear of debris and obstacles.,3.0,Outdoor seating and surrounding grounds are clean and well maintained.,3.0,Rubble is needed to cover at car parking,4.0,Rubble is required to cover the hollow parts like areas around water tapes,3.0,Outdoor seating and surrounding grounds are clean and well maintained.,4.0,Rubble is required to cover the hollow parts like areas around water tapes,3.0,Outdoor seating and surrounding grounds are clean and well maintained.,4.0,Rubble is required to cover the hollow parts like areas around water tapes,3.0,Rubble is required to cover the hollow parts like areas around water tapes,4.0,Rubble is required to cover the hollow parts like areas around water tapes,5.0,Outdoor seating and surrounding grounds are clean and well maintained.,4.0,Rubble is required to cover the hollow parts like areas around water tapes,4.0,Outdoor seating and surrounding grounds are clean and well maintained.,4.0,Rubble is required to cover the hollow parts like areas around water tapes,3.0,Outdoor seating and surrounding grounds are clean and well maintained.,4.0,Outdoor seating and surrounding grounds are clean and well maintained.,3.0,Outdoor seating and surrounding grounds are clean and well maintained.,4.0,Outdoor seating and surrounding grounds are clean and well maintained.,4.0,Outdoor seating and surrounding grounds are clean and well maintained.,4.0,Outdoor seating and surrounding grounds are clean and well maintained.,,,,,,,,,,,,,,,,,,,,
,Verify that outdoor seating areas/grounds  are clean and in good condition.,4.0,Door knob repairs should be treated as an urgent maintenance matter.,5.0,Outdoor seating/grounds are clean and is in good condition,5.0,Outdoor seating areas/grounds are clean and in good condition,5.0,Door knob repairs should be treated as an urgent maintenance matter.,5.0,Outdoor seating areas/grounds are clean and in good condition,5.0,Door knob repairs should be treated as an urgent maintenance matter.,5.0,Outdoor seating areas/grounds are clean and in good condition,5.0,Outdoor seating areas/grounds are clean and in good condition,5.0,Outdoor seating areas/grounds are clean and in good condition,4.0,Door knob repairs should be treated as an urgent maintenance matter.,5.0,Outdoor seating areas/grounds are clean and in good condition,5.0,Door knob repairs should be treated as an urgent maintenance matter.,5.0,Outdoor seating areas/grounds are clean and in good condition,5.0,Door knob repairs should be treated as an urgent maintenance matter.,4.0,Door knob repairs should be treated as an urgent maintenance matter.,4.0,Door knob repairs should be treated as an urgent maintenance matter.,5.0,Door knob repairs should be treated as an urgent maintenance matter.,5.0,Door knob repairs should be treated as an urgent maintenance matter.,5.0,Door knob repairs should be treated as an urgent maintenance matter.,,,,,,,,,,,,,,,,,,,,
Building Exterior:,"Inspect the condition of external walls, windows, and doors for any signs of damage or wear.",5.0,"Roofs and ceiling boards should be inspected regularly; for example, the lower primary computer lab ceiling board at the back requires maintenance.",5.0,Maintenance of door knob should be taken as urgent issues,4.0,"The toilet doors in both the girls' and boys' dormitories need repairs, and waterproof curtains are also required",5.0,"Roofs and ceiling boards should be inspected regularly; for example, the lower primary computer lab ceiling board at the back requires maintenance.",4.0,"The toilet doors in both the girls' and boys' dormitories need repairs, and waterproof curtains are also required",5.0,"Roofs and ceiling boards should be inspected regularly; for example, the lower primary computer lab ceiling board at the back requires maintenance.",4.0,"The toilet doors in both the girls' and boys' dormitories need repairs, and waterproof curtains are also required",5.0,"The toilet doors in both the girls' and boys' dormitories need repairs, and waterproof curtains are also required",4.0,"The toilet doors in both the girls' and boys' dormitories need repairs, and waterproof curtains are also required",5.0,"Roofs and ceiling boards should be inspected regularly; for example, the lower primary computer lab ceiling board at the back requires maintenance.",4.0,"The toilet doors in both the girls' and boys' dormitories need repairs, and waterproof curtains are also required",4.0,"Roofs and ceiling boards should be inspected regularly; for example, the lower primary computer lab ceiling board at the back requires maintenance.",4.0,"The toilet doors in both the girls' and boys' dormitories need repairs, and waterproof curtains are also required",5.0,"Roofs and ceiling boards should be inspected regularly; for example, the lower primary computer lab ceiling board at the back requires maintenance.",4.0,"Roofs and ceiling boards should be inspected regularly; for example, the lower primary computer lab ceiling board at the back requires maintenance.",5.0,"Roofs and ceiling boards should be inspected regularly; for example, the lower primary computer lab ceiling board at the back requires maintenance.",5.0,"Roofs and ceiling boards should be inspected regularly; for example, the lower primary computer lab ceiling board at the back requires maintenance.",4.0,"Roofs and ceiling boards should be inspected regularly; for example, the lower primary computer lab ceiling board at the back requires maintenance.",4.0,"Roofs and ceiling boards should be inspected regularly; for example, the lower primary computer lab ceiling board at the back requires maintenance.",,,,,,,,,,,,,,,,,,,,
,Check for any leaks or damage to the roof and ceiling,5.0,Proper lighting should be added to areas with insufficient light.,3.0,roof and ceiling boards is well checked for example we have to do maintenance at lower primary computer lab ceiling board at the back,4.0,roof and ceiling boards is well checked for example we have to do maintenance at lower primary computer lab ceiling board at the back,3.0,Proper lighting should be added to areas with insufficient light.,4.0,roof and ceiling boards is well checked for example we have to do maintenance at lower primary computer lab ceiling board at the back,3.0,Proper lighting should be added to areas with insufficient light.,4.0,roof and ceiling boards is well checked for example we have to do maintenance at lower primary computer lab ceiling board at the back,3.0,roof and ceiling boards is well checked for example we have to do maintenance at lower primary computer lab ceiling board at the back,4.0,roof and ceiling boards is well checked for example we have to do maintenance at lower primary computer lab ceiling board at the back,5.0,Proper lighting should be added to areas with insufficient light.,4.0,roof and ceiling boards is well checked for example we have to do maintenance at lower primary computer lab ceiling board at the back,4.0,Proper lighting should be added to areas with insufficient light.,4.0,roof and ceiling boards is well checked for example we have to do maintenance at lower primary computer lab ceiling board at the back,3.0,Proper lighting should be added to areas with insufficient light.,4.0,Proper lighting should be added to areas with insufficient light.,5.0,Proper lighting should be added to areas with insufficient light.,4.0,Proper lighting should be added to areas with insufficient light.,4.0,Proper lighting should be added to areas with insufficient light.,4.0,Proper lighting should be added to areas with insufficient light.,,,,,,,,,,,,,,,,,,,,
,Ensure that outdoor lighting is functional and provides adequate illumination.,3.0,Security guards should remain vigilant and promptly report incidents for further action.,3.0,Light is very important to tose areas that there is little light,5.0,Outdoor seating/grounds are clean and is in good condition,3.0,Security guards should remain vigilant and promptly report incidents for further action.,5.0,Outdoor seating/grounds are clean and is in good condition,3.0,Security guards should remain vigilant and promptly report incidents for further action.,5.0,Outdoor seating/grounds are clean and is in good condition,3.0,Outdoor seating/grounds are clean and is in good condition,4.0,Outdoor seating/grounds are clean and is in good condition,3.0,Security guards should remain vigilant and promptly report incidents for further action.,5.0,Outdoor seating/grounds are clean and is in good condition,4.0,Security guards should remain vigilant and promptly report incidents for further action.,5.0,Outdoor seating/grounds are clean and is in good condition,3.0,Security guards should remain vigilant and promptly report incidents for further action.,4.0,Security guards should remain vigilant and promptly report incidents for further action.,3.0,Security guards should remain vigilant and promptly report incidents for further action.,5.0,Security guards should remain vigilant and promptly report incidents for further action.,5.0,Security guards should remain vigilant and promptly report incidents for further action.,5.0,Security guards should remain vigilant and promptly report incidents for further action.,,,,,,,,,,,,,,,,,,,,
Entrances and Reception:,Verify that entrance doors are functioning properly and secure when closed.,3.0,Cleanliness standards are being monitored effectively.,4.0,Security guard they have to insure that they working hard and report any incidents for further solving,5.0,Security guard they have to insure that they working hard and report any incidents for further solving        ,4.0,Cleanliness standards are being monitored effectively.,5.0,Security guard they have to insure that they working hard and report any incidents for further solving        ,4.0,Cleanliness standards are being monitored effectively.,5.0,Security guard they have to insure that they working hard and report any incidents for further solving        ,4.0,Security guard they have to insure that they working hard and report any incidents for further solving        ,4.0,Security guard they have to insure that they working hard and report any incidents for further solving        ,3.0,Cleanliness standards are being monitored effectively.,5.0,Security guard they have to insure that they working hard and report any incidents for further solving        ,4.0,Cleanliness standards are being monitored effectively.,5.0,Security guard they have to insure that they working hard and report any incidents for further solving        ,4.0,Cleanliness standards are being monitored effectively.,4.0,Cleanliness standards are being monitored effectively.,3.0,Cleanliness standards are being monitored effectively.,5.0,Cleanliness standards are being monitored effectively.,5.0,Cleanliness standards are being monitored effectively.,5.0,Cleanliness standards are being monitored effectively.,,,,,,,,,,,,,,,,,,,,
,Check the cleanliness and organization of reception areas.,4.0,Visitors are able to identify locations easily through visible signage.,3.0,Cleanliness is checked properly,4.0,Security guard they have to insure that they working hard and report any incidents for further solving        ,3.0,Visitors are able to identify locations easily through visible signage.,4.0,Security guard they have to insure that they working hard and report any incidents for further solving        ,3.0,Visitors are able to identify locations easily through visible signage.,4.0,Security guard they have to insure that they working hard and report any incidents for further solving        ,3.0,Security guard they have to insure that they working hard and report any incidents for further solving        ,3.0,Security guard they have to insure that they working hard and report any incidents for further solving        ,4.0,Visitors are able to identify locations easily through visible signage.,4.0,Security guard they have to insure that they working hard and report any incidents for further solving        ,3.0,Visitors are able to identify locations easily through visible signage.,4.0,Security guard they have to insure that they working hard and report any incidents for further solving        ,3.0,Visitors are able to identify locations easily through visible signage.,4.0,Visitors are able to identify locations easily through visible signage.,4.0,Visitors are able to identify locations easily through visible signage.,4.0,Visitors are able to identify locations easily through visible signage.,4.0,Visitors are able to identify locations easily through visible signage.,4.0,Visitors are able to identify locations easily through visible signage.,,,,,,,,,,,,,,,,,,,,
,Ensure that signage is clear and visible for visitors.,4.0,Window maintenance should be prioritized and addressed promptly.,4.0,Vistors there able to see signage,4.0,Vistors there able to see signage,4.0,Window maintenance should be prioritized and addressed promptly.,4.0,Vistors there able to see signage,4.0,Window maintenance should be prioritized and addressed promptly.,4.0,Vistors there able to see signage,4.0,Vistors there able to see signage,3.0,Vistors there able to see signage,5.0,Window maintenance should be prioritized and addressed promptly.,4.0,Vistors there able to see signage,3.0,Window maintenance should be prioritized and addressed promptly.,4.0,Vistors there able to see signage,4.0,Window maintenance should be prioritized and addressed promptly.,4.0,Window maintenance should be prioritized and addressed promptly.,4.0,Window maintenance should be prioritized and addressed promptly.,4.0,Window maintenance should be prioritized and addressed promptly.,4.0,Window maintenance should be prioritized and addressed promptly.,4.0,Window maintenance should be prioritized and addressed promptly.,,,,,,,,,,,,,,,,,,,,
Classrooms:,"Inspect classroom doors, windows, and furniture for any damage or maintenance issues.",4.0,Floors in classrooms and offices need repairs to improve their appearance.,5.0,Maintenance of window should be taken as serious problem and solution should be taken,4.0,Vistors there able to see signage,5.0,Floors in classrooms and offices need repairs to improve their appearance.,4.0,Vistors there able to see signage,5.0,Floors in classrooms and offices need repairs to improve their appearance.,4.0,Vistors there able to see signage,5.0,Vistors there able to see signage,3.0,Vistors there able to see signage,4.0,Floors in classrooms and offices need repairs to improve their appearance.,4.0,Vistors there able to see signage,3.0,Floors in classrooms and offices need repairs to improve their appearance.,4.0,Vistors there able to see signage,5.0,Floors in classrooms and offices need repairs to improve their appearance.,4.0,Floors in classrooms and offices need repairs to improve their appearance.,4.0,Floors in classrooms and offices need repairs to improve their appearance.,4.0,Floors in classrooms and offices need repairs to improve their appearance.,4.0,Floors in classrooms and offices need repairs to improve their appearance.,4.0,Floors in classrooms and offices need repairs to improve their appearance.,,,,,,,,,,,,,,,,,,,,
,Check classroom floors for cleanliness and safety hazards.,4.0,Additional trash bins are needed along the hallways.,5.0,We have to repair floor in classes and offices so as to look good,4.0,Vistors there able to see signage,5.0,Additional trash bins are needed along the hallways.,4.0,Vistors there able to see signage,5.0,Additional trash bins are needed along the hallways.,4.0,Vistors there able to see signage,5.0,Vistors there able to see signage,4.0,Vistors there able to see signage,5.0,Additional trash bins are needed along the hallways.,4.0,Vistors there able to see signage,4.0,Additional trash bins are needed along the hallways.,4.0,Vistors there able to see signage,5.0,Additional trash bins are needed along the hallways.,4.0,Additional trash bins are needed along the hallways.,4.0,Additional trash bins are needed along the hallways.,4.0,Additional trash bins are needed along the hallways.,4.0,Additional trash bins are needed along the hallways.,4.0,Additional trash bins are needed along the hallways.,,,,,,,,,,,,,,,,,,,,
,Verify that trash bins are emptied regularly and recycling procedures are followed.,3.0,Hallways are kept clean and free from obstructions.,4.0,More trash bin is needed to hallways,4.0,Vistors there able to see signage,4.0,Hallways are kept clean and free from obstructions.,4.0,Vistors there able to see signage,4.0,Hallways are kept clean and free from obstructions.,4.0,Vistors there able to see signage,4.0,Vistors there able to see signage,5.0,Vistors there able to see signage,3.0,Hallways are kept clean and free from obstructions.,4.0,Vistors there able to see signage,5.0,Hallways are kept clean and free from obstructions.,4.0,Vistors there able to see signage,4.0,Hallways are kept clean and free from obstructions.,3.0,Hallways are kept clean and free from obstructions.,3.0,Hallways are kept clean and free from obstructions.,4.0,Hallways are kept clean and free from obstructions.,4.0,Hallways are kept clean and free from obstructions.,4.0,Hallways are kept clean and free from obstructions.,,,,,,,,,,,,,,,,,,,,
Hallways and Corridors:,Verify that hallways are clear of clutter and obstruction.,5.0,Wall paint and colors need restoration in certain areas.,5.0,Hallways is cleaned and there is no any obstruction,5.0,Vistors there able to see signage,5.0,Wall paint and colors need restoration in certain areas.,5.0,Vistors there able to see signage,5.0,Wall paint and colors need restoration in certain areas.,5.0,Vistors there able to see signage,5.0,Vistors there able to see signage,5.0,Vistors there able to see signage,5.0,Wall paint and colors need restoration in certain areas.,5.0,Vistors there able to see signage,5.0,Wall paint and colors need restoration in certain areas.,5.0,Vistors there able to see signage,5.0,Wall paint and colors need restoration in certain areas.,5.0,Wall paint and colors need restoration in certain areas.,5.0,Wall paint and colors need restoration in certain areas.,5.0,Wall paint and colors need restoration in certain areas.,5.0,Wall paint and colors need restoration in certain areas.,5.0,Wall paint and colors need restoration in certain areas.,,,,,,,,,,,,,,,,,,,,
,"Check for any damage to walls, ceilings, or flooring.",5.0,Hygiene facilities in the toilets should be improved by adding items such as dispensers.,5.0,We have to repair the colors on walls,5.0,Well checked,5.0,Hygiene facilities in the toilets should be improved by adding items such as dispensers.,5.0,Well checked,5.0,Hygiene facilities in the toilets should be improved by adding items such as dispensers.,5.0,Well checked,5.0,Well checked,4.0,Well checked,5.0,Hygiene facilities in the toilets should be improved by adding items such as dispensers.,5.0,Well checked,4.0,Hygiene facilities in the toilets should be improved by adding items such as dispensers.,5.0,Well checked,5.0,Hygiene facilities in the toilets should be improved by adding items such as dispensers.,5.0,Hygiene facilities in the toilets should be improved by adding items such as dispensers.,5.0,Hygiene facilities in the toilets should be improved by adding items such as dispensers.,5.0,Hygiene facilities in the toilets should be improved by adding items such as dispensers.,5.0,Hygiene facilities in the toilets should be improved by adding items such as dispensers.,5.0,Hygiene facilities in the toilets should be improved by adding items such as dispensers.,,,,,,,,,,,,,,,,,,,,
Restrooms:,Inspect restroom facilities for cleanliness and sanitation.,3.0,Pipes in the upper primary boys’ toilets require maintenance.,4.0,Toilet facilities for hygiene needs to be added exampl toilet dispensers,4.0,Toilet facilities for hygiene needs to be added exampl toilet dispensers,4.0,Pipes in the upper primary boys’ toilets require maintenance.,4.0,Toilet facilities for hygiene needs to be added exampl toilet dispensers,4.0,Pipes in the upper primary boys’ toilets require maintenance.,4.0,Toilet facilities for hygiene needs to be added exampl toilet dispensers,4.0,Toilet facilities for hygiene needs to be added exampl toilet dispensers,4.0,Toilet facilities for hygiene needs to be added exampl toilet dispensers,3.0,Pipes in the upper primary boys’ toilets require maintenance.,4.0,Toilet facilities for hygiene needs to be added exampl toilet dispensers,4.0,Pipes in the upper primary boys’ toilets require maintenance.,4.0,Toilet facilities for hygiene needs to be added exampl toilet dispensers,4.0,Pipes in the upper primary boys’ toilets require maintenance.,3.0,Pipes in the upper primary boys’ toilets require maintenance.,3.0,Pipes in the upper primary boys’ toilets require maintenance.,4.0,Pipes in the upper primary boys’ toilets require maintenance.,4.0,Pipes in the upper primary boys’ toilets require maintenance.,4.0,Pipes in the upper primary boys’ toilets require maintenance.,,,,,,,,,,,,,,,,,,,,
,Check for any leaks or malfunctions in plumbing fixtures.,3.0,"Soap, water buckets, toilet cups, and toilet paper are adequately available.",4.0,Pipes at upper primary boys toilet need maintenace,4.0,No any leaks or malfunction,4.0,"Soap, water buckets, toilet cups, and toilet paper are adequately available.",4.0,No any leaks or malfunction,4.0,"Soap, water buckets, toilet cups, and toilet paper are adequately available.",4.0,No any leaks or malfunction,4.0,No any leaks or malfunction,4.0,No any leaks or malfunction,3.0,"Soap, water buckets, toilet cups, and toilet paper are adequately available.",4.0,No any leaks or malfunction,4.0,"Soap, water buckets, toilet cups, and toilet paper are adequately available.",4.0,No any leaks or malfunction,4.0,"Soap, water buckets, toilet cups, and toilet paper are adequately available.",4.0,"Soap, water buckets, toilet cups, and toilet paper are adequately available.",3.0,"Soap, water buckets, toilet cups, and toilet paper are adequately available.",4.0,"Soap, water buckets, toilet cups, and toilet paper are adequately available.",4.0,"Soap, water buckets, toilet cups, and toilet paper are adequately available.",5.0,"Soap, water buckets, toilet cups, and toilet paper are adequately available.",,,,,,,,,,,,,,,,,,,,
,"Ensure that adequate supplies such as soap, water buckets, toilet cups and toilet paper are available.",3.0,"Cleaners are facing challenges due to limited cleaning equipment, such as mops and soft brooms.",4.0,"Soap,water buckets,toilet  cups and toilet paper are available",4.0,"Soap,water buckets,toilet  cups and toilet paper are available",4.0,"Cleaners are facing challenges due to limited cleaning equipment, such as mops and soft brooms.",4.0,"Soap,water buckets,toilet  cups and toilet paper are available",4.0,"Cleaners are facing challenges due to limited cleaning equipment, such as mops and soft brooms.",4.0,"Soap,water buckets,toilet  cups and toilet paper are available",4.0,"Soap,water buckets,toilet  cups and toilet paper are available",5.0,"Soap,water buckets,toilet  cups and toilet paper are available",3.0,"Cleaners are facing challenges due to limited cleaning equipment, such as mops and soft brooms.",4.0,"Soap,water buckets,toilet  cups and toilet paper are available",5.0,"Cleaners are facing challenges due to limited cleaning equipment, such as mops and soft brooms.",4.0,"Soap,water buckets,toilet  cups and toilet paper are available",4.0,"Cleaners are facing challenges due to limited cleaning equipment, such as mops and soft brooms.",3.0,"Cleaners are facing challenges due to limited cleaning equipment, such as mops and soft brooms.",3.0,"Cleaners are facing challenges due to limited cleaning equipment, such as mops and soft brooms.",4.0,"Cleaners are facing challenges due to limited cleaning equipment, such as mops and soft brooms.",4.0,"Cleaners are facing challenges due to limited cleaning equipment, such as mops and soft brooms.",5.0,"Cleaners are facing challenges due to limited cleaning equipment, such as mops and soft brooms.",,,,,,,,,,,,,,,,,,,,
Common Areas:,Check the cleanliness and organization of shared spaces such as dining and assembly areas.,4.0,Seating areas show no visible damage or signs of wear.,4.0,"Cleaners are struggling  to clean , the  challenge is that there are few  cleaning equipment moppers and soft bloom",4.0,both dining and assembly areas are well maintained. The spaces are clean and well organized. ,4.0,Seating areas show no visible damage or signs of wear.,4.0,both dining and assembly areas are well maintained. The spaces are clean and well organized. ,4.0,Seating areas show no visible damage or signs of wear.,4.0,both dining and assembly areas are well maintained. The spaces are clean and well organized. ,4.0,both dining and assembly areas are well maintained. The spaces are clean and well organized. ,4.0,both dining and assembly areas are well maintained. The spaces are clean and well organized. ,4.0,Seating areas show no visible damage or signs of wear.,4.0,both dining and assembly areas are well maintained. The spaces are clean and well organized. ,4.0,Seating areas show no visible damage or signs of wear.,4.0,both dining and assembly areas are well maintained. The spaces are clean and well organized. ,4.0,Seating areas show no visible damage or signs of wear.,4.0,Seating areas show no visible damage or signs of wear.,4.0,Seating areas show no visible damage or signs of wear.,4.0,Seating areas show no visible damage or signs of wear.,4.0,Seating areas show no visible damage or signs of wear.,4.0,Seating areas show no visible damage or signs of wear.,,,,,,,,,,,,,,,,,,,,
,Inspect seating areas for any damage or wear.,4.0,"Trash bins are emptied regularly, and recycling procedures are being followed.",4.0,No damage or wear at seating areas,4.0,The seating areas are in good condition though few chairs are showing some wears.,4.0,"Trash bins are emptied regularly, and recycling procedures are being followed.",4.0,The seating areas are in good condition though few chairs are showing some wears.,4.0,"Trash bins are emptied regularly, and recycling procedures are being followed.",4.0,The seating areas are in good condition though few chairs are showing some wears.,4.0,The seating areas are in good condition though few chairs are showing some wears.,4.0,The seating areas are in good condition though few chairs are showing some wears.,4.0,"Trash bins are emptied regularly, and recycling procedures are being followed.",4.0,The seating areas are in good condition though few chairs are showing some wears.,4.0,"Trash bins are emptied regularly, and recycling procedures are being followed.",4.0,The seating areas are in good condition though few chairs are showing some wears.,4.0,"Trash bins are emptied regularly, and recycling procedures are being followed.",4.0,"Trash bins are emptied regularly, and recycling procedures are being followed.",4.0,"Trash bins are emptied regularly, and recycling procedures are being followed.",4.0,"Trash bins are emptied regularly, and recycling procedures are being followed.",4.0,"Trash bins are emptied regularly, and recycling procedures are being followed.",4.0,"Trash bins are emptied regularly, and recycling procedures are being followed.",,,,,,,,,,,,,,,,,,,,
,Verify that trash bins are emptied regularly and recycling procedures are followed.,4.0,"Rooms are properly arranged, cleaned, and maintained in good order.",4.0,Trash bins were emptied as needed and recycling procedures are followed.,5.0,The seating areas are good and cleaned,4.0,"Rooms are properly arranged, cleaned, and maintained in good order.",5.0,The seating areas are good and cleaned,4.0,"Rooms are properly arranged, cleaned, and maintained in good order.",5.0,The seating areas are good and cleaned,4.0,The seating areas are good and cleaned,4.0,The seating areas are good and cleaned,4.0,"Rooms are properly arranged, cleaned, and maintained in good order.",5.0,The seating areas are good and cleaned,4.0,"Rooms are properly arranged, cleaned, and maintained in good order.",5.0,The seating areas are good and cleaned,4.0,"Rooms are properly arranged, cleaned, and maintained in good order.",4.0,"Rooms are properly arranged, cleaned, and maintained in good order.",4.0,"Rooms are properly arranged, cleaned, and maintained in good order.",5.0,"Rooms are properly arranged, cleaned, and maintained in good order.",5.0,"Rooms are properly arranged, cleaned, and maintained in good order.",5.0,"Rooms are properly arranged, cleaned, and maintained in good order.",,,,,,,,,,,,,,,,,,,,
Maintenance Rooms and Storage Areas:,Inspect maintenance rooms for cleanliness and organization. eg: ,3.0,"All items are neatly organized and stored correctly, making cleaning supplies, tools, and equipment easy to access.",4.0,"The rooms are in order, they are made and cleaned.",4.0,The seating areas are good and cleaned,4.0,"All items are neatly organized and stored correctly, making cleaning supplies, tools, and equipment easy to access.",4.0,The seating areas are good and cleaned,4.0,"All items are neatly organized and stored correctly, making cleaning supplies, tools, and equipment easy to access.",4.0,The seating areas are good and cleaned,4.0,The seating areas are good and cleaned,5.0,The seating areas are good and cleaned,3.0,"All items are neatly organized and stored correctly, making cleaning supplies, tools, and equipment easy to access.",4.0,The seating areas are good and cleaned,5.0,"All items are neatly organized and stored correctly, making cleaning supplies, tools, and equipment easy to access.",4.0,The seating areas are good and cleaned,4.0,"All items are neatly organized and stored correctly, making cleaning supplies, tools, and equipment easy to access.",3.0,"All items are neatly organized and stored correctly, making cleaning supplies, tools, and equipment easy to access.",3.0,"All items are neatly organized and stored correctly, making cleaning supplies, tools, and equipment easy to access.",4.0,"All items are neatly organized and stored correctly, making cleaning supplies, tools, and equipment easy to access.",4.0,"All items are neatly organized and stored correctly, making cleaning supplies, tools, and equipment easy to access.",4.0,"All items are neatly organized and stored correctly, making cleaning supplies, tools, and equipment easy to access.",,,,,,,,,,,,,,,,,,,,
,"Check the inventory of supplies and equipment for cleaning, gardening, farm",3.0,Hazardous materials are stored securely and safely.,4.0,"every thing is well organized and all items are stored properly, tools cleaning supplies and equipment are neatly arranged making it ease to acess what is needed.",3.0,"every thing is well organized and all items are stored properly, tools cleaning supplies and equipment are neatly arranged making it ease to acess what is needed.",4.0,Hazardous materials are stored securely and safely.,3.0,"every thing is well organized and all items are stored properly, tools cleaning supplies and equipment are neatly arranged making it ease to acess what is needed.",4.0,Hazardous materials are stored securely and safely.,3.0,"every thing is well organized and all items are stored properly, tools cleaning supplies and equipment are neatly arranged making it ease to acess what is needed.",4.0,"every thing is well organized and all items are stored properly, tools cleaning supplies and equipment are neatly arranged making it ease to acess what is needed.",4.0,"every thing is well organized and all items are stored properly, tools cleaning supplies and equipment are neatly arranged making it ease to acess what is needed.",3.0,Hazardous materials are stored securely and safely.,3.0,"every thing is well organized and all items are stored properly, tools cleaning supplies and equipment are neatly arranged making it ease to acess what is needed.",4.0,Hazardous materials are stored securely and safely.,3.0,"every thing is well organized and all items are stored properly, tools cleaning supplies and equipment are neatly arranged making it ease to acess what is needed.",4.0,Hazardous materials are stored securely and safely.,3.0,Hazardous materials are stored securely and safely.,3.0,Hazardous materials are stored securely and safely.,3.0,Hazardous materials are stored securely and safely.,3.0,Hazardous materials are stored securely and safely.,3.0,Hazardous materials are stored securely and safely.,,,,,,,,,,,,,,,,,,,,
,Ensure that hazardous materials are stored safely and labeled properly.,4.0,Surveillance cameras are functioning properly.,3.0,Hazardous materials are stored safely.,4.0,"every thing is well organized and all items are stored properly, tools cleaning supplies and equipment are neatly arranged making it ease to acess what is needed.",3.0,Surveillance cameras are functioning properly.,5.0,"every thing is well organized and all items are stored properly, tools cleaning supplies and equipment are neatly arranged making it ease to acess what is needed.",3.0,Surveillance cameras are functioning properly.,4.0,"every thing is well organized and all items are stored properly, tools cleaning supplies and equipment are neatly arranged making it ease to acess what is needed.",3.0,"every thing is well organized and all items are stored properly, tools cleaning supplies and equipment are neatly arranged making it ease to acess what is needed.",4.0,"every thing is well organized and all items are stored properly, tools cleaning supplies and equipment are neatly arranged making it ease to acess what is needed.",4.0,Surveillance cameras are functioning properly.,4.0,"every thing is well organized and all items are stored properly, tools cleaning supplies and equipment are neatly arranged making it ease to acess what is needed.",4.0,Surveillance cameras are functioning properly.,4.0,"every thing is well organized and all items are stored properly, tools cleaning supplies and equipment are neatly arranged making it ease to acess what is needed.",3.0,Surveillance cameras are functioning properly.,4.0,Surveillance cameras are functioning properly.,4.0,Surveillance cameras are functioning properly.,4.0,Surveillance cameras are functioning properly.,4.0,Surveillance cameras are functioning properly.,4.0,Surveillance cameras are functioning properly.,,,,,,,,,,,,,,,,,,,,
Safety and Security:,Inspect security cameras and alarm systems for proper functioning.,4.0,Entry and exit points are monitored by security guards to maintain safety.,4.0,Cameras are working,4.0,cameras and alam system are working,5.0,Entry and exit points are monitored by security guards to maintain safety.,5.0,cameras and alam system are working,5.0,Entry and exit points are monitored by security guards to maintain safety.,4.0,cameras and alam system are working,4.0,cameras and alam system are working,5.0,cameras and alam system are working,4.0,Entry and exit points are monitored by security guards to maintain safety.,4.0,cameras and alam system are working,5.0,Entry and exit points are monitored by security guards to maintain safety.,4.0,cameras and alam system are working,4.0,Entry and exit points are monitored by security guards to maintain safety.,4.0,Entry and exit points are monitored by security guards to maintain safety.,4.0,Entry and exit points are monitored by security guards to maintain safety.,4.0,Entry and exit points are monitored by security guards to maintain safety.,4.0,Entry and exit points are monitored by security guards to maintain safety.,4.0,Entry and exit points are monitored by security guards to maintain safety.,,,,,,,,,,,,,,,,,,,,
,Ensure that all entry and exit points are secure.,4.0,The irrigation systems are operating effectively.,5.0,The exit and entry points are considered as security guards are there to ensure safety.,5.0,no security concern issues have been found,5.0,The irrigation systems are operating effectively.,5.0,no security concern issues have been found,5.0,The irrigation systems are operating effectively.,5.0,no security concern issues have been found,5.0,no security concern issues have been found,5.0,no security concern issues have been found,4.0,The irrigation systems are operating effectively.,5.0,no security concern issues have been found,5.0,The irrigation systems are operating effectively.,5.0,no security concern issues have been found,5.0,The irrigation systems are operating effectively.,4.0,The irrigation systems are operating effectively.,4.0,The irrigation systems are operating effectively.,5.0,The irrigation systems are operating effectively.,5.0,The irrigation systems are operating effectively.,5.0,The irrigation systems are operating effectively.,,,,,,,,,,,,,,,,,,,,
Grounds and Landscaping,,4.0,The cleaning staff are making consistent efforts to maintain cleanliness.,5.0,,5.0,,5.0,The cleaning staff are making consistent efforts to maintain cleanliness.,5.0,,5.0,The cleaning staff are making consistent efforts to maintain cleanliness.,5.0,,5.0,,4.0,,4.0,The cleaning staff are making consistent efforts to maintain cleanliness.,5.0,,4.0,The cleaning staff are making consistent efforts to maintain cleanliness.,5.0,,5.0,The cleaning staff are making consistent efforts to maintain cleanliness.,4.0,The cleaning staff are making consistent efforts to maintain cleanliness.,4.0,The cleaning staff are making consistent efforts to maintain cleanliness.,5.0,The cleaning staff are making consistent efforts to maintain cleanliness.,5.0,The cleaning staff are making consistent efforts to maintain cleanliness.,5.0,The cleaning staff are making consistent efforts to maintain cleanliness.,,,,,,,,,,,,,,,,,,,,
,Check irrigation systems for proper functioning.,5.0,Entry and exit points are monitored by security guards to maintain safety.,4.0,Irrigation system are working,5.0,"rigation system has been working effectively, keeping the grounds well-watered. Seating areas have been consistently clean, with no major issues",4.0,Entry and exit points are monitored by security guards to maintain safety.,5.0,"rigation system has been working effectively, keeping the grounds well-watered. Seating areas have been consistently clean, with no major issues",4.0,Entry and exit points are monitored by security guards to maintain safety.,5.0,"rigation system has been working effectively, keeping the grounds well-watered. Seating areas have been consistently clean, with no major issues",4.0,"rigation system has been working effectively, keeping the grounds well-watered. Seating areas have been consistently clean, with no major issues",4.0,"rigation system has been working effectively, keeping the grounds well-watered. Seating areas have been consistently clean, with no major issues",5.0,Entry and exit points are monitored by security guards to maintain safety.,5.0,"rigation system has been working effectively, keeping the grounds well-watered. Seating areas have been consistently clean, with no major issues",4.0,Entry and exit points are monitored by security guards to maintain safety.,5.0,"rigation system has been working effectively, keeping the grounds well-watered. Seating areas have been consistently clean, with no major issues",4.0,Entry and exit points are monitored by security guards to maintain safety.,5.0,Entry and exit points are monitored by security guards to maintain safety.,5.0,Entry and exit points are monitored by security guards to maintain safety.,5.0,Entry and exit points are monitored by security guards to maintain safety.,5.0,Entry and exit points are monitored by security guards to maintain safety.,5.0,Entry and exit points are monitored by security guards to maintain safety.,,,,,,,,,,,,,,,,,,,,
,Ensure that outdoor seating areas and grounds are clean and well-maintained.,5.0,The irrigation systems are operating effectively.,3.0,The cleaners are trying to clean.,5.0,"Landscaping is in good condition but requires some periodic attention such as treaming overgrown plants, grass patchesand refreshing mulch.",3.0,The irrigation systems are operating effectively.,5.0,"Landscaping is in good condition but requires some periodic attention such as treaming overgrown plants, grass patchesand refreshing mulch.",3.0,The irrigation systems are operating effectively.,5.0,"Landscaping is in good condition but requires some periodic attention such as treaming overgrown plants, grass patchesand refreshing mulch.",3.0,"Landscaping is in good condition but requires some periodic attention such as treaming overgrown plants, grass patchesand refreshing mulch.",4.0,"Landscaping is in good condition but requires some periodic attention such as treaming overgrown plants, grass patchesand refreshing mulch.",5.0,The irrigation systems are operating effectively.,5.0,"Landscaping is in good condition but requires some periodic attention such as treaming overgrown plants, grass patchesand refreshing mulch.",4.0,The irrigation systems are operating effectively.,5.0,"Landscaping is in good condition but requires some periodic attention such as treaming overgrown plants, grass patchesand refreshing mulch.",3.0,The irrigation systems are operating effectively.,5.0,The irrigation systems are operating effectively.,5.0,The irrigation systems are operating effectively.,5.0,The irrigation systems are operating effectively.,5.0,The irrigation systems are operating effectively.,5.0,The irrigation systems are operating effectively.,,,,,,,,,,,,,,,,,,,,
 ,,3.862068966,,4.068965517,,4.310344828,,4.103448276,,4.379310345,,4.103448276,,4.310344828,,4.068965517,,4.206896552,,4.103448276,,4.310344828,,4.206896552,,4.310344828,,4.068965517,,3.965517241,,3.896551724,,4.344827586,,4.379310345,,4.413793103,,,,,,,,,,,,,,#DIV/0!,,,,,,#DIV/0!,
,,,,,,,,,,,,,,,,,,,,,,,,,,,,,,,,,,,,,,,,,,,,,,,,,,,,,,,,,,   ,
,Monthly average,,,,,,0.816091954,,,,,,,,0.8448275862,0.8344827586,,,,,,,,0.8275862069,,,,,,,,,,,,,,,,0.8517241379,,,,,,,,#DIV/0!,,,,,,,,,,#DIV/0!,
,Checks Done,,,,,,3,,,,,,,,3,4,,,,,,,,4,,,,,,,,,,,,,,,,4,,,,,,,,,,,,,,,,,,0,
,,,,,,,,,,,,,,,,,,,,,,,,,,,,,,,,,,,,,,,,,,,,,,,,,,,,,,,,,,,
,,,,,,,,,,,,,,,,,,,,,,,,,,,,,,,,,,,,,,,,,,,,,,,,,,,,,,,,,,,
,,,,,,,,Jan,Feb,Mar,Apr,May,Jun,Jul,Aug,Sep,Oct,Nov,Dec,,,,,,,,,,,,,,,,,,,,,,,,,,,,,,,,,,,,,,,,
,Actual Facilites Checklist Score,,,,,,,0.816091954,0.8448275862,0.8344827586,0.8275862069,0.8517241379,#DIV/0!,#DIV/0!,#DIV/0!,#DIV/0!,#DIV/0!,#DIV/0!,,,,,,,,,,,,,,,,,,,,,,,,,,,,,,,,,,,,,,,,,
,Target Facilites Checklist Score ,,,,,,,0.9,0.9,0.9,0.9,0.9,0.9,0.9,0.9,0.9,0.9,0.9,0.9,,,,,,,,,,,,,,,,,,,,,,,,,,,,,,,,,,,,,,,,
,,,,,,,,,,,,,,,,,,,,,,,,,,,,,,,,,,,,,,,,,,,,,,,,,,,,,,,,,,,
,,,,,,,,,,,,,,,,,,,,,,,,,,,,,,,,,,,,,,,,,,,,,,,,,,,,,,,,,,,
,,,,,,,,,,,,,,,,,,,,,,,,,,,,,,,,,,,,,,,,,,,,,,,,,,,,,,,,,,,
,,,,,,,,,,,,,,,,,,,,,,,,,,,,,,,,,,,,,,,,,,,,,,,,,,,,,,,,,,,
,,,,,,,,,,,,,,,,,,,,,,,,,,,,,,,,,,,,,,,,,,,,,,,,,,,,,,,,,,,
,,,,,,,,,,,,,,,,,,,,,,,,,,,,,,,,,,,,,,,,,,,,,,,,,,,,,,,,,,,
,,,,,,,,,,,,,,,,,,,,,,,,,,,,,,,,,,,,,,,,,,,,,,,,,,,,,,,,,,,
,,,,,,,,,,,,,,,,,,,,,,,,,,,,,,,,,,,,,,,,,,,,,,,,,,,,,,,,,,,
,,,,,,,,,,,,,,,,,,,,,,,,,,,,,,,,,,,,,,,,,,,,,,,,,,,,,,,,,,,
,,,,,,,,,,,,,,,,,,,,,,,,,,,,,,,,,,,,,,,,,,,,,,,,,,,,,,,,,,,
,,,,,,,,,,,,,,,,,,,,,,,,,,,,,,,,,,,,,,,,,,,,,,,,,,,,,,,,,,,
,,,,,,,,,,,,,,,,,,,,,,,,,,,,,,,,,,,,,,,,,,,,,,,,,,,,,,,,,,,
,,,,,,,,,,,,,,,,,,,,,,,,,,,,,,,,,,,,,,,,,,,,,,,,,,,,,,,,,,,
,,,,,,,,,,,,,,,,,,,,,,,,,,,,,,,,,,,,,,,,,,,,,,,,,,,,,,,,,,,
,,,,,,,,,,,,,,,,,,,,,,,,,,,,,,,,,,,,,,,,,,,,,,,,,,,,,,,,,,,
,,,,,,,,,,,,,,,,,,,,,,,,,,,,,,,,,,,,,,,,,,,,,,,,,,,,,,,,,,,
,,,,,,,,,,,,,,,,,,,,,,,,,,,,,,,,,,,,,,,,,,,,,,,,,,,,,,,,,,,
,,,,,,,,,,,,,,,,,,,,,,,,,,,,,,,,,,,,,,,,,,,,,,,,,,,,,,,,,,,
,,,,,,,,,,,,,,,,,,,,,,,,,,,,,,,,,,,,,,,,,,,,,,,,,,,,,,,,,,,
,,,,,,,,,,,,,,,,,,,,,,,,,,,,,,,,,,,,,,,,,,,,,,,,,,,,,,,,,,,
,,,,,,,,,,,,,,,,,,,,,,,,,,,,,,,,,,,,,,,,,,,,,,,,,,,,,,,,,,,
,,,,,,,,,,,,,,,,,,,,,,,,,,,,,,,,,,,,,,,,,,,,,,,,,,,,,,,,,,,
,,,,,,,,,,,,,,,,,,,,,,,,,,,,,,,,,,,,,,,,,,,,,,,,,,,,,,,,,,,
,,,,,,,,,,,,,,,,,,,,,,,,,,,,,,,,,,,,,,,,,,,,,,,,,,,,,,,,,,,
,,,,,,,,,,,,,,,,,,,,,,,,,,,,,,,,,,,,,,,,,,,,,,,,,,,,,,,,,,,
,,,,,,,,,,,,,,,,,,,,,,,,,,,,,,,,,,,,,,,,,,,,,,,,,,,,,,,,,,,
,,,,,,,,,,,,,,,,,,,,,,,,,,,,,,,,,,,,,,,,,,,,,,,,,,,,,,,,,,,
,,,,,,,,,,,,,,,,,,,,,,,,,,,,,,,,,,,,,,,,,,,,,,,,,,,,,,,,,,,
,,,,,,,,,,,,,,,,,,,,,,,,,,,,,,,,,,,,,,,,,,,,,,,,,,,,,,,,,,,
,,,,,,,,,,,,,,,,,,,,,,,,,,,,,,,,,,,,,,,,,,,,,,,,,,,,,,,,,,,
,,,,,,,,,,,,,,,,,,,,,,,,,,,,,,,,,,,,,,,,,,,,,,,,,,,,,,,,,,,
,,,,,,,,,,,,,,,,,,,,,,,,,,,,,,,,,,,,,,,,,,,,,,,,,,,,,,,,,,,
,,,,,,,,,,,,,,,,,,,,,,,,,,,,,,,,,,,,,,,,,,,,,,,,,,,,,,,,,,,
,,,,,,,,,,,,,,,,,,,,,,,,,,,,,,,,,,,,,,,,,,,,,,,,,,,,,,,,,,,
,,,,,,,,,,,,,,,,,,,,,,,,,,,,,,,,,,,,,,,,,,,,,,,,,,,,,,,,,,,
,,,,,,,,,,,,,,,,,,,,,,,,,,,,,,,,,,,,,,,,,,,,,,,,,,,,,,,,,,,
,,,,,,,,,,,,,,,,,,,,,,,,,,,,,,,,,,,,,,,,,,,,,,,,,,,,,,,,,,,
,,,,,,,,,,,,,,,,,,,,,,,,,,,,,,,,,,,,,,,,,,,,,,,,,,,,,,,,,,,
,,,,,,,,,,,,,,,,,,,,,,,,,,,,,,,,,,,,,,,,,,,,,,,,,,,,,,,,,,,
,,,,,,,,,,,,,,,,,,,,,,,,,,,,,,,,,,,,,,,,,,,,,,,,,,,,,,,,,,,
KIJENGE,,JANUARY,,,,,,FEBRUARY,,,,,,,,MARCH,,,,,,,,APRIL,,,,,,,,MAY,,,,,,,,,,JUNE,,,,,,,,JULY,,,,,,,,,
Area,Descriptors,13th - 16th, Comments,19th-23th, Comments,26th-30th, Comments,2rd-6th, Comments,9th-13th, Comments,16th-20th, Comments,23th-27th, Comments,2nd-6th, ,9th-13th, Comments,16th-20th, Comments,23th-27th, Comments,30th-3th, Comments,6th-10th, Comments,13th-17th, Comments,20th-24th, Comments,27th-1st, Comments,4th-8th, Comments,11th-15th, Comments,18th-22nd, Comments,25th-29th, Comments,1st-5th, Comments,8th-12th, Comments,15th-19th, Comments,22nd-26th, Comments,29th-3rd, Comments,6th-10th, Comments,13th-17th, Comments,20th-24th, Comments,27th-31st, Comments
Exterior Areas:,Check the condition of outdoor play equipment for any damage or safety hazards.,4.0,swings at day care need repairment for proper functioning,4.0,seesaw swings at old playground aneed to be repaired and painted,4.0,outdoor play equippment are in safety and  good condition  ,4.0,Swings at day care need repairment for proper functioning,4.0,Swing at daycare need maintenance,4.0,Swing at daycare need maintenance for good performance,4.0,Swing at daycare need maintenance for good performance,4.0,Swing at daycare need maintenance for good performance,4.0,seesaw swings at old playground aneed to be repaired and painted,4.0,outdoor play equippment are in safety and  good condition  ,4.0,Swing at daycare need maintenance for good performance,4.0,Swing at daycare need maintenance,3.0,"The areas are generally clean, but additional cleaning equipment is required.",3.0,Swing at daycare need maintenance for good performance,4.0,We have to add more swing at day care,4.0,We have to add more swing at day care,4.0,We have to add more swing at day care,4.0,Swing at daycare need maintenance for good performance,4.0,Swing at daycare need maintenance for good performance,,,,,,,,,,,,,,,,,,,,
,Inspect the cleanliness of the playground surfaces.,4.0,Cleaners should pass through their areas all the time to ensure all time cleanlines.,4.0,An inspection is underway,4.0,Cleaners should pass through their areas all the time to ensure all time cleanlines.,4.0,Cleaners should pass through their areas all the time to ensure all time cleanlines.,5.0,Areas are inspected and cleaned by cleaners effectively,5.0,Areas are cleaned but more cleanlines tools is needed,5.0,Areas are cleaned but more cleanlines tools is needed,5.0,Areas are inspected and cleaned by cleaners effectively,5.0,Cleaners should pass through their areas all the time to ensure all time cleanlines.,4.0,An inspection is underway,5.0,Cleaners should pass through their areas all the time to ensure all time cleanlines.,5.0,Cleaners should pass through their areas all the time to ensure all time cleanlines.,4.0,More rubble is needed to improve the car parking area.,4.0,Cleaners should pass through their areas all the time to ensure all time cleanlines.,4.0,Areas are inspected and cleaned by cleaners effectively,4.0,Areas are inspected and cleaned by cleaners effectively,4.0,Areas are inspected and cleaned by cleaners effectively,4.0,Areas are inspected and cleaned by cleaners effectively,4.0,Areas are cleaned but more cleanlines tools is needed,,,,,,,,,,,,,,,,,,,,
,Ensure that pathways are clear of debris and obstacles.,4.0,Rubble is required to cover the hollow parts like areas around water tapes,4.0,Pathways are clear of debris and obstacles but we need more rubble to cover the hollow parts at lower primary class and upper primary classes,4.0,Rubble is required to cover the hollow parts like areas around water tapes,4.0,Rubble is required to cover the hollow parts like areas around water tapes,5.0,Rubble is needed to cover at car parking,5.0,Rubble is needed to cover at car parking,5.0,Outdoor seating/grounds are clean and is in good condition,5.0,Outdoor seating/grounds are clean and is in good condition,5.0,Rubble is required to cover the hollow parts like areas around water tapes,4.0,Pathways are clear of debris and obstacles but we need more rubble to cover the hollow parts at lower primary class and upper primary classes,4.0,Rubble is required to cover the hollow parts like areas around water tapes,4.0,Rubble is required to cover the hollow parts like areas around water tapes,3.0,Outdoor seating and surrounding grounds are clean and well maintained.,3.0,Rubble is required to cover the hollow parts like areas around water tapes,5.0,Rubble is required to cover the hollow parts like areas around water tapes,4.0,Rubble is required to cover the hollow parts like ares around water tapes,4.0,Rubble is required to cover the hollow parts like ares around water tapes,4.0,Outdoor seating/grounds are clean and is in good condition,3.0,Outdoor seating/grounds are clean and is in good condition,,,,,,,,,,,,,,,,,,,,
,Verify that outdoor seating areas/grounds  are clean and in good condition.,4.0,We  need to add more sanitary facilities example moppers and big dust bin  in seating /ground areas.,4.0,Outdoor seating areas/grounds are clean and in good condition,4.0,Ontime reporting of cleaners and availability of sanitary facilities help the seating areas/grounds are clean and in good condition,4.0,We  need to add more sanitary facilities example moppers and big dust bin  in seating /ground areas.,5.0,Outdoor seating/grounds are clean and is in good condition,5.0,Outdoor seating/grounds are clean and is in good condition,5.0,Outdoor seating/grounds are clean and is in good condition,5.0,Outdoor seating/grounds are clean and is in good condition,5.0,We  need to add more sanitary facilities example moppers and big dust bin  in seating /ground areas.,5.0,Outdoor seating areas/grounds are clean and in good condition,4.0,Ontime reporting of cleaners and availability of sanitary facilities help the seating areas/grounds are clean and in good condition,5.0,We  need to add more sanitary facilities example moppers and big dust bin  in seating /ground areas.,4.0,Door knob repairs should be treated as an urgent maintenance matter.,4.0,Outdoor seating areas/grounds are clean and in good condition,4.0,Outdoor seating areas/grounds are clean and in good condition,4.0,Outdoor seating areas/grounds are clean and in good condition,4.0,Outdoor seating areas/grounds are clean and in good condition,4.0,Outdoor seating/grounds are clean and is in good condition,3.0,Outdoor seating/grounds are clean and is in good condition,,,,,,,,,,,,,,,,,,,,
Building Exterior:,"Inspect the condition of external walls, windows, and doors for any signs of damage or wear.",4.0,There are two windows needs locks at girls dormitory,4.0,teachers and student care takers should teach and emphasize the student the important of taking care of schools properties,4.0,Windows and doors at boys dormitory need maintenance,4.0,Attention to teachers and aunties is more than i need,5.0,Academic office wall it need to be painted,5.0,Maintenance of door knob should be taken as urgent issues,5.0,Maintenance of door knob should be taken as urgent issues especial in all classes,5.0,Maintenance of wall at receptionist office is needed also grade 2 Mikumi we have do maintenance,4.0,teachers and student care takers should teach and emphasize the student the important of taking care of schools properties,4.0,Windows and doors at boys dormitory need maintenance,4.0,Attention to teachers and aunties is more than i need,5.0,"The toilet doors in both the girls' and boys' dormitories need repairs, and waterproof curtains are also required",5.0,"Roofs and ceiling boards should be inspected regularly; for example, the lower primary computer lab ceiling board at the back requires maintenance.",5.0,"The toilet doors in both the girls' and boys' dormitories need repairs, and waterproof curtains are also required",5.0,"The toilet doors in both the girls' and boys' dormitories need repairs, and waterproof curtains are also required",4.0,"The toilet doors in both the girls' and boys' dormitories need repairs, and waterproof curtains are also required",4.0,"The toilet doors in both the girls' and boys' dormitories need repairs, and waterproof curtains are also required",4.0,Maintenance of wall at receptionist office is needed also grade 2 Mikumi we have do maintenance,3.0,Maintenance of door knob should be taken as urgent issues especial in all classes,,,,,,,,,,,,,,,,,,,,
,Check for any leaks or damage to the roof and ceiling,3.0,"Ceiling boards need to be painted, as many of them have already been installed",3.0,Well checked,3.0,"Ceiling boards need to be painted, as many of them have already been installed",3.0,"Ceiling boards need to be painted, as many of them have already been installed",5.0,roof and ceiling boards is well checked for example we have to do maintenance at lower primary computer lab ceiling board at the back,5.0,roof and ceiling boards is well checked for example we have to do maintenance at lower primary computer lab ceiling board at the back,5.0,roof and ceiling boards is well checked for example we have to do maintenance at lower primary computer lab ceiling board at the back,5.0,roof and ceiling boards is well checked for example we have to do maintenance at lower primary computer lab ceiling board at the back,5.0,Ceiling board is well checked and we have arleady done some repairment to the broken ceiling example at girls domitory,4.0,roof and ceiling boards is well checked for example we have to do maintenance at lower primary computer lab ceiling board at the back,5.0,Ceiling board is well checked and we have arleady done some repairment to the broken ceiling example at girls domitory,4.0,roof and ceiling boards is well checked for example we have to do maintenance at lower primary computer lab ceiling board at the back,5.0,Proper lighting should be added to areas with insufficient light.,5.0,roof and ceiling boards is well checked for example we have to do maintenance at lower primary computer lab ceiling board at the back,5.0,roof and ceiling boards is well checked for example we have to do maintenance at lower primary computer lab ceiling board at the back,4.0,roof and ceiling boards is well checked for example we have to do maintenance at lower primary computer lab ceiling board at the back,4.0,roof and ceiling boards is well checked for example we have to do maintenance at lower primary computer lab ceiling board at the back,5.0,roof and ceiling boards is well checked for example we have to do maintenance at lower primary computer lab ceiling board at the back,4.0,roof and ceiling boards is well checked for example we have to do maintenance at lower primary computer lab ceiling board at the back,,,,,,,,,,,,,,,,,,,,
,Ensure that outdoor lighting is functional and provides adequate illumination.,3.0,"Most of the bulbs in classrooms and dormitories have been installed, but they require regular maintenance to ensure durability.",3.0,Let's make sure we put lights in places that don't have lights at all,3.0,"Most of the bulbs in classrooms and dormitories have been installed, but they require regular maintenance to ensure durability.",3.0,"Most of the bulbs in classrooms and dormitories have been installed, but they require regular maintenance to ensure durability.",4.0,Addition of more lights is needed especial back of music room and science room,4.0,Light is very important to tose areas that there is little light,5.0,Addition of more lights is needed especial back of music room and science room,4.0,Outdoor seating/grounds are clean and is in good condition,5.0,Addition of more lights is needed especial back of music room and science room,4.0,Outdoor seating/grounds are clean and is in good condition,5.0,Addition of more lights is needed especial back of music room and science room,4.0,,3.0,Security guards should remain vigilant and promptly report incidents for further action.,3.0,Outdoor seating/grounds are clean and is in good condition,5.0,Outdoor seating/grounds are clean and is in good condition,4.0,Outdoor seating/grounds are clean and is in good condition,4.0,Outdoor seating/grounds are clean and is in good condition,5.0,Outdoor seating/grounds are clean and is in good condition,4.0,Addition of more lights is needed especial back of music room and science room,,,,,,,,,,,,,,,,,,,,
Entrances and Reception:,Verify that entrance doors are functioning properly and secure when closed.,3.0,Entrace doors are funtioning properly and secured,3.0,Security guard they should take care entrance doors and to make sure is well closed,3.0,Entrace door are well checked,3.0,Entrace doors are funtioning properly and secured,4.0,Entrace doors are well inspected,5.0,Security guard they have to insure that they working hard and report any incidents for further solving,5.0,Entrace doors are well inspected,5.0,Security guard they have to insure that they working hard and report any incidents for further solving,5.0,Entrace doors are well inspected,5.0,Security guard they have to insure that they working hard and report any incidents for further solving        ,5.0,Entrace doors are well inspected,5.0,,3.0,Cleanliness standards are being monitored effectively.,3.0,Security guard they have to insure that they working hard and report any incidents for further solving        ,5.0,Security guard they have to insure that they working hard and report any incidents for further solving        ,4.0,Security guard they have to insure that they working hard and report any incidents for further solving        ,4.0,Security guard they have to insure that they working hard and report any incidents for further solving        ,4.0,Security guard they have to insure that they working hard and report any incidents for further solving,4.0,Entrace doors are well inspected,,,,,,,,,,,,,,,,,,,,
,Check the cleanliness and organization of reception areas.,4.0,the reception area is well orgarnize and clean which maintain a welcoming atmosphere for visitors.,4.0,Cleanliness and organization of reception areas are well cleaned.,3.0,The reception area is well orgarnize and clean which maintain a welcoming atmosphere for visitors.,3.0,The reception area is well orgarnize and clean which maintain a welcoming atmosphere for visitors.,5.0,Cleanliness and organization of reception areas is checked and it is cleaned properly,5.0,Cleanliness is checked properly,5.0,Cleanliness is checked properly,5.0,Cleanliness is checked properly,5.0,Cleanliness is checked properly,5.0,Cleanliness and organization of reception areas is checked and it is cleaned properly,5.0,Cleanliness is checked properly,5.0,,4.0,Visitors are able to identify locations easily through visible signage.,4.0,Cleanliness and organization of reception areas is checked and it is cleaned properly,5.0,Security guard they have to insure that they working hard and report any incidents for further solving        ,4.0,Security guard they have to insure that they working hard and report any incidents for further solving        ,4.0,Security guard they have to insure that they working hard and report any incidents for further solving        ,5.0,Cleanliness is checked properly,3.0,Cleanliness is checked properly,,,,,,,,,,,,,,,,,,,,
,Ensure that signage is clear and visible for visitors.,4.0,All the signs announcing the school are visible .,4.0,Signage is clear and visible for visitors,4.0,All the signs announcing the school are visible .,4.0,All the signs announcing the school are visible .,5.0,Signage is clear and visible for vistors,5.0,Vistors there able to see signage,5.0,Signage is clear and visible for vistors,5.0,Vistors there able to see signage        ,,Signage is clear and visible for vistors,5.0,Vistors there able to see signage,5.0,Signage is clear and visible for vistors,5.0,,4.0,Window maintenance should be prioritized and addressed promptly.,4.0,Vistors there able to see signage,4.0,Vistors there able to see signage,4.0,Vistors there able to see signage,4.0,Vistors there able to see signage,5.0,Vistors there able to see signage        ,4.0,Signage is clear and visible for vistors,,,,,,,,,,,,,,,,,,,,
Classrooms:,"Inspect classroom doors, windows, and furniture for any damage or maintenance issues.",4.0,"Many dormitory doors need repairs, as most of their wooden parts have become worn out.",4.0,"Classroom doors, windows and furniture like in classroom teachers must insist students to take care of it",4.0,"Many dormitory doors need repairs, as most of their wooden parts have become worn out.",4.0,"Many dormitory doors need repairs, as most of their wooden parts have become worn out.",4.0,Ontime maintenance of windows at boys dormitory is needed,4.0,Maintenance of window should be taken as serious problem and solution should be taken,5.0,Ontime maintenance of windows at boys dormitory is needed,4.0,"Classroom doors, windows and furniture like in classroom teachers must insist students to take care of it",4.0,Ontime maintenance of windows at boys dormitory is needed,4.0,Ontime maintenance of windows at boys dormitory is needed,4.0,Ontime maintenance of windows at boys dormitory is needed,5.0,,4.0,Floors in classrooms and offices need repairs to improve their appearance.,4.0,"Classroom doors, windows and furniture like in classroom teachers must insist students to take care of it",4.0,Vistors there able to see signage,4.0,Vistors there able to see signage,4.0,Vistors there able to see signage,4.0,"Classroom doors, windows and furniture like in classroom teachers must insist students to take care of it",3.0,Ontime maintenance of windows at boys dormitory is needed,,,,,,,,,,,,,,,,,,,,
,Check classroom floors for cleanliness and safety hazards.,3.0,Most of the floors in the classrooms are cleaned ,3.0,Walk through of cleaners is needed to ensure all time cleanlines,4.0,Most of the floors in the classrooms are cleaned ,4.0,Most of the floors in the classrooms are cleaned ,5.0,"Maintenance of floor grade 4A,Grade 3 and finance office is needed",5.0,We have to repair floor in classes and offices so as to look good,5.0,"Maintenance of floor grade 4A,Grade 3 and finance office is needed",5.0,Walk through of cleaners is needed to ensure all time cleanlines,4.0,"Maintenance of floor grade 4a,grade 3 and finance office is needed",4.0,"Maintenance of floor grade 4a,grade 3 and finance office is needed",5.0,"Maintenance of floor grade 4A,Grade 3 and finance office is needed",4.0,,4.0,Additional trash bins are needed along the hallways.,4.0,Walk through of cleaners is needed to ensure all time cleanlines,4.0,Vistors there able to see signage,4.0,Vistors there able to see signage,4.0,Vistors there able to see signage,4.0,Walk through of cleaners is needed to ensure all time cleanlines,3.0,"Maintenance of floor grade 4A,Grade 3 and finance office is needed",,,,,,,,,,,,,,,,,,,,
,Verify that trash bins are emptied regularly and recycling procedures are followed.,4.0,The cleaners are working hard to remove dirty from the trash,4.0,More trash bin is needed to hallways,4.0,The cleaners are working hard to remove dirty from the trash,4.0,More trash bin is needed to hallways,4.0,The cleaners are working hard to remove dirty from the trash,4.0,More trash bin is needed to hallways,4.0,The cleaners are working hard to remove dirty from the trash,4.0,More trash bin is needed to hallways,4.0,The cleaners are working hard to remove dirty from the trash,4.0,The cleaners are working hard to remove dirty from the trash,4.0,"We have to add big trash bin at DH,to the gate and one at upper classes",5.0,,3.0,Hallways are kept clean and free from obstructions.,3.0,More trash bin is needed to hallways,4.0,Vistors there able to see signage,4.0,Vistors there able to see signage,4.0,Vistors there able to see signage,4.0,More trash bin is needed to hallways,4.0,Vistors there able to see signage,,,,,,,,,,,,,,,,,,,,
Hallways and Corridors:,Verify that hallways are clear of clutter and obstruction.,4.0,The roads are free of congestion and obstacles,4.0,The roads are free of congestion and obstacles,4.0,The roads are free of congestion and obstacles,4.0,The roads are free of congestion and obstacles,5.0,hallways are cleaned no clutter and no obstruction,5.0,Hallways is cleaned and there is no any obstruction,5.0,hallways are cleaned no clutter and no obstruction,5.0,The roads are free of congestion and obstacles,5.0,The roads are free of congestion and obstacles,5.0,The roads are free of congestion and obstacles,5.0,The roads are free of congestion and obstacles,5.0,,5.0,Wall paint and colors need restoration in certain areas.,5.0,hallways are cleaned no clutter and no obstruction,5.0,Vistors there able to see signage,4.0,Vistors there able to see signage,4.0,Vistors there able to see signage,4.0,The roads are free of congestion and obstacles,4.0,hallways are cleaned no clutter and no obstruction,,,,,,,,,,,,,,,,,,,,
,"Check for any damage to walls, ceilings, or flooring.",4.0,"Some walls need to be painted, such as the academic office, the boys' dormitory, and the exterior of the lower primary receptionist's office.",4.0,"Some walls need to be painted, such as the academic office, the boys' dormitory, and the exterior of the lower primary receptionist's office.",4.0,"Some walls need to be painted, such as the academic office, the boys' dormitory, and the exterior of the lower primary receptionist's office.",4.0,"Some walls need to be painted, such as the academic office, the boys' dormitory, and the exterior of the lower primary receptionist's office.",4.0,Maintenance of walls at grade 2 Mikumi is needed,4.0,We have to repair the colors on walls,5.0,Maintenance of walls at grade 2 Mikumi is needed,4.0,"Some walls need to be painted, such as the academic office, the boys' dormitory, and the exterior of the lower primary receptionist's office.",4.0,Well checked,4.0,"Some walls need to be painted, such as the academic office, the boys' dormitory, and the exterior of the lower primary receptionist's office.",4.0,"Some walls need to be painted, such as the academic office, the boys' dormitory, and the exterior of the lower primary receptionist's office.",4.0,,5.0,Hygiene facilities in the toilets should be improved by adding items such as dispensers.,5.0,Well checked,4.0,Well checked,4.0,well checked,4.0,well checked,4.0,"Some walls need to be painted, such as the academic office, the boys' dormitory, and the exterior of the lower primary receptionist's office.",4.0,Maintenance of walls at grade 2 Mikumi is needed,,,,,,,,,,,,,,,,,,,,
Restrooms:,Inspect restroom facilities for cleanliness and sanitation.,4.0,Toilet facilities for hygiene needs to be added exampl toilet dispensers,4.0,Restroom facilities for cleanliness and sanitation is well checked,4.0,Toilet facilities for hygiene needs to be added exampl toilet dispensers,4.0,Toilet facilities for hygiene needs to be added exampl toilet dispensers,4.0,"Toilets are in good working  condition, There is a fresh clean and scent in all areas and restrooms are well maintained also the wast bins were emptied and overall hygien have been met. the restrooms are sanitary and ready for use.",4.0,Toilet facilities for hygiene needs to be added exampl toilet dispensers,4.0,Well checked,4.0,Toilet facilities for hygiene needs to be added exampl toilet dispensers,4.0,Restroom facilities for cleanliness and sanitation is well checked,4.0,Toilet facilities for hygiene needs to be added exampl toilet dispensers,4.0,Toilet facilities for hygiene needs to be added exampl toilet dispensers,5.0,,3.0,Pipes in the upper primary boys’ toilets require maintenance.,3.0,"Toilets are in good working  condition, There is a fresh clean and scent in all areas and restrooms are well maintained also the wast bins were emptied and overall hygien have been met. the restrooms are sanitary and ready for use.",4.0,Toilet facilities for hygiene needs to be added exampl toilet dispensers,4.0,Toilet facilities for hygiene needs to be added exampl toilet dispensers,4.0,Toilet facilities for hygiene needs to be added exampl toilet dispensers,3.0,Toilet facilities for hygiene needs to be added exampl toilet dispensers,4.0,Well checked,,,,,,,,,,,,,,,,,,,,
,Check for any leaks or malfunctions in plumbing fixtures.,3.0,Pipes at upper primary boys toilet need maintenace,3.0,No any leaks or malfunction,4.0,Pipes at upper primary boys toilet need maintenace,4.0,Pipes at upper primary boys toilet need maintenace,4.0,"The plumbing problem is being worked on, the technicians are working hard and it will decrease to the maximum",4.0,Pipes at upper primary boys toilet need maintenace,4.0,"The plumbing problem is being worked on, the technicians are working hard and it will decrease to the maximum",4.0,Pipes at upper primary boys toilet need maintenace,3.0,No any leaks or malfunction,4.0,Pipes at upper primary boys toilet need maintenace,4.0,Pipes at upper primary boys toilet need maintenace,5.0,,3.0,"Soap, water buckets, toilet cups, and toilet paper are adequately available.",3.0,No any leaks or malfunction,4.0,No any leaks or malfunction,4.0,No any leaks or malfunction,4.0,No any leaks or malfunction,3.0,Pipes at upper primary boys toilet need maintenace,4.0,"The plumbing problem is being worked on, the technicians are working hard and it will decrease to the maximum",,,,,,,,,,,,,,,,,,,,
,"Ensure that adequate supplies such as soap, water buckets, toilet cups and toilet paper are available.",5.0,"Soap,water buckets,toilet  cups and toilet paper are available",5.0,"Soap,water buckets,toilet  cups and toilet paper are available",4.0,"Soap,water buckets,toilet  cups and toilet paper are available",4.0,"Soap,water buckets,toilet  cups and toilet paper are available",4.0,"The cleanliness and sanitation are up to standard and no immediate issues were found . all supplies include soaps toilet paper, water , dust bins and toilet cleaning equipments are well stocked. ",4.0,"Soap,water buckets,toilet  cups and toilet paper are available",4.0,"The cleanliness and sanitation are up to standard and no immediate issues were found . all supplies include soaps toilet paper, water , dust bins and toilet cleaning equipments are well stocked. ",4.0,"Soap,water buckets,toilet  cups and toilet paper are available",4.0,"Soap,water buckets,toilet  cups and toilet paper are available",4.0,"Soap,water buckets,toilet  cups and toilet paper are available",4.0,"Soap,water buckets,toilet  cups and toilet paper are available",4.0,,3.0,"Cleaners are facing challenges due to limited cleaning equipment, such as mops and soft brooms.",3.0,"The cleanliness and sanitation are up to standard and no immediate issues were found . all supplies include soaps toilet paper, water , dust bins and toilet cleaning equipments are well stocked. ",5.0,"Soap,water buckets,toilet  cups and toilet paper are available",4.0,"Soap,water buckets,toilet  cups and toilet paper are available",4.0,"Soap,water buckets,toilet  cups and toilet paper are available",4.0,"Soap,water buckets,toilet  cups and toilet paper are available",3.0,"The cleanliness and sanitation are up to standard and no immediate issues were found . all supplies include soaps toilet paper, water , dust bins and toilet cleaning equipments are well stocked. ",,,,,,,,,,,,,,,,,,,,
Common Areas:,Check the cleanliness and organization of shared spaces such as dining and assembly areas.,4.0,"Cleaners are struggling  to clean , the  challenge is that there are few  cleaning equipment moppers and soft bloom",5.0,We have to add a lawn mower,4.0,"Cleaners are struggling  to clean , the  challenge is that there are few  cleaning equipment moppers and soft bloom",4.0,"Cleaners are struggling  to clean , the  challenge is that there are few  cleaning equipment moppers and soft bloom",4.0,both dining and assembly areas are well maintained. The spaces are clean and well organized. ,4.0,"Cleaners are struggling  to clean , the  challenge is that there are few  cleaning equipment moppers and soft bloom",4.0,both dining and assembly areas are well maintained. The spaces are clean and well organized. ,4.0,Both dining and assembly areas are well maintained. the spaces are clean and well organized. ,4.0,both dining and assembly areas are well maintained. The spaces are clean and well organized. ,4.0,Both dining and assembly areas are well maintained. the spaces are clean and well organized. ,4.0,both dining and assembly areas are well maintained. The spaces are clean and well organized. ,4.0,,4.0,Seating areas show no visible damage or signs of wear.,4.0,Both dining and assembly areas are well maintained. the spaces are clean and well organized. ,5.0,both dining and assembly areas are well maintained. The spaces are clean and well organized. ,4.0,both dining and assembly areas are well maintained. The spaces are clean and well organized. ,4.0,both dining and assembly areas are well maintained. The spaces are clean and well organized. ,5.0,Both dining and assembly areas are well maintained. the spaces are clean and well organized. ,4.0,both dining and assembly areas are well maintained. The spaces are clean and well organized. ,,,,,,,,,,,,,,,,,,,,
,Inspect seating areas for any damage or wear.,5.0,No damage or wear at seating areas,5.0,Trash bins are emptied regularly and recycling procedures are followed,5.0,Trash bins are emptied regularly and recycling procedures are followed,5.0,The seating areas are in good condition though few chairs are showing some wears.,5.0,Trash bins are emptied regularly and recycling procedures are followed,5.0,No damage or wear at seating areas,5.0,Trash bins were emptied as needed and recycling procedures are followed.,5.0,Trash bins were emptied as needed and recycling procedures are followed.,5.0,The seating areas are in good condition though few chairs are showing some wears.,5.0,Trash bins were emptied as needed and recycling procedures are followed.,5.0,Trash bins were emptied as needed and recycling procedures are followed.,5.0,,4.0,"Trash bins are emptied regularly, and recycling procedures are being followed.",4.0,The seating areas are in good condition though few chairs are showing some wears.        ,5.0,The seating areas are in good condition though few chairs are showing some wears.,4.0,The seating areas are in good condition though few chairs are showing some wears.,4.0,The seating areas are in good condition though few chairs are showing some wears.,4.0,The seating areas are good and cleaned,4.0,Trash bins were emptied as needed and recycling procedures are followed.,,,,,,,,,,,,,,,,,,,,
,Verify that trash bins are emptied regularly and recycling procedures are followed.,4.0,Cleaners are working hard to emptied trash bin and they followed recycling procedures ,4.0,Trash bins are emptied regularly and recycling procedures are followed,5.0,The seating areas are good and cleaned,5.0,Cleaners are working hard to emptied trash bin and they followed recycling procedures ,5.0,Trash bins were emptied as needed and recycling procedures are followed.,5.0,Trash bins were emptied as needed and recycling procedures are followed.,5.0,Trash bins were emptied as needed and recycling procedures are followed.,5.0,Cleaners are working hard to emptied trash bin and they followed recycling procedures ,4.0,Trash bins are emptied regularly and recycling procedures are followed,4.0,The seating areas are good and cleaned,5.0,Cleaners are working hard to emptied trash bin and they followed recycling procedures ,5.0,,4.0,"Rooms are properly arranged, cleaned, and maintained in good order.",4.0,The seating areas are good and cleaned,5.0,The seating areas are good and cleaned,4.0,The seating areas are good and cleaned,4.0,The seating areas are good and cleaned,4.0,Cleaners are working hard to emptied trash bin and they followed recycling procedures ,4.0,Trash bins were emptied as needed and recycling procedures are followed.,,,,,,,,,,,,,,,,,,,,
Maintenance Rooms and Storage Areas:,Inspect maintenance rooms for cleanliness and organization. eg: ,4.0,"The rooms are in order, they are made and cleaned.",4.0,"The rooms are in order, they are made and cleaned.",5.0,"The rooms are in order, they are made and cleaned.",4.0,"The rooms are in order, they are made and cleaned.",4.0,Rooms are well maintained and organized meeting safety and efficient standards.,4.0,"The rooms are in order, they are made and cleaned.",4.0,Rooms are well maintained and organized meeting safety and efficient standards.,4.0,Rooms are well maintained and organized meeting safety and efficient standards.,4.0,Rooms are well maintained and organized meeting safety and efficient standards.,5.0,Rooms are well maintained and organized meeting safety and efficient standards.,5.0,Rooms are well maintained and organized meeting safety and efficient standards.,5.0,Rooms are well maintained and organized meeting safety and efficient standards.,3.0,"All items are neatly organized and stored correctly, making cleaning supplies, tools, and equipment easy to access.",3.0,Rooms are well maintained and organized meeting safety and efficient standards.,5.0,The seating areas are good and cleaned,4.0,The seating areas are good and cleaned,4.0,The seating areas are good and cleaned,4.0,The seating areas are good and cleaned,4.0,Rooms are well maintained and organized meeting safety and efficient standards.,,,,,,,,,,,,,,,,,,,,
,"Check the inventory of supplies and equipment for cleaning, gardening, farm",4.0,"Conducted a review of the inventory for cleaning, gardening, and farm equipment. Most essential items are available, but a few tools require replenishment or replacement to ensure smooth operations.",4.0,"Conducted a review of the inventory for cleaning, gardening, and farm equipment. most essential items are available, but a few tools require replenishment or replacement to ensure smooth operations.",5.0,"Conducted a review of the inventory for cleaning, gardening, and farm equipment. most essential items are available, but a few tools require replenishment or replacement to ensure smooth operations.",4.0,"Conducted a review of the inventory for cleaning, gardening, and farm equipment. most essential items are available, but a few tools require replenishment or replacement to ensure smooth operations.",4.0,"every thing is well organized and all items are stored properly, tools cleaning supplies and equipment are neatly arranged making it ease to acess what is needed.",4.0,"every thing is well organized and all items are stored properly, tools cleaning supplies and equipment are neatly arranged making it ease to acess what is needed.",4.0,"Conducted a review of the inventory for cleaning, gardening, and farm equipment. most essential items are available, but a few tools require replenishment or replacement to ensure smooth operations.",4.0,"every thing is well organized and all items are stored properly, tools cleaning supplies and equipment are neatly arranged making it ease to acess what is needed.",4.0,"every thing is well organized and all items are stored properly, tools cleaning supplies and equipment are neatly arranged making it ease to acess what is needed.",4.0,,4.0,"every thing is well organized and all items are stored properly, tools cleaning supplies and equipment are neatly arranged making it ease to acess what is needed.	4",4.0,"every thing is well organized and all items are stored properly, tools cleaning supplies and equipment are neatly arranged making it ease to acess what is needed.",3.0,Hazardous materials are stored securely and safely.,3.0,"every thing is well organized and all items are stored properly, tools cleaning supplies and equipment are neatly arranged making it ease to acess what is needed.",4.0,"every thing is well organized and all items are stored properly, tools cleaning supplies and equipment are neatly arranged making it ease to acess what is needed.",4.0,"every thing is well organized and all items are stored properly, tools cleaning supplies and equipment are neatly arranged making it ease to acess what is needed.",4.0,"every thing is well organized and all items are stored properly, tools cleaning supplies and equipment are neatly arranged making it ease to acess what is needed.",5.0,"every thing is well organized and all items are stored properly, tools cleaning supplies and equipment are neatly arranged making it ease to acess what is needed.",4.0,"Every thing is well organized and all items are stored properly, tools cleaning supplies and equipment are neatly arranged making it ease to acess what is needed.",,,,,,,,,,,,,,,,,,,,
,Ensure that hazardous materials are stored safely and labeled properly.,4.0,Hazardous materials are stored safely.,4.0,Hazardous materials are stored safely.,5.0,Hazardous materials are stored safely.,5.0,Hazardous materials are stored safely.,5.0,every thing is well maintained and securely stored. The hazarde materials are labeled and safely organized,5.0,Hazardous materials are stored safely.,5.0,every thing is well maintained and securely stored. The hazarde materials are labeled and safely organized,5.0,Every thing is well maintained and securely stored. the hazarde materials are labeled and safely organized,4.0,Every thing is well maintained and securely stored. the hazarde materials are labeled and safely organized,5.0,Every thing is well maintained and securely stored. the hazarde materials are labeled and safely organized,5.0,every thing is well maintained and securely stored. The hazarde materials are labeled and safely organized,4.0,every thing is well maintained and securely stored. The hazarde materials are labeled and safely organized,4.0,Surveillance cameras are functioning properly.,4.0,Every thing is well maintained and securely stored. the hazarde materials are labeled and safely organized,5.0,"every thing is well organized and all items are stored properly, tools cleaning supplies and equipment are neatly arranged making it ease to acess what is needed.",4.0,"every thing is well organized and all items are stored properly, tools cleaning supplies and equipment are neatly arranged making it ease to acess what is needed.",4.0,"every thing is well organized and all items are stored properly, tools cleaning supplies and equipment are neatly arranged making it ease to acess what is needed.",4.0,"Every thing is well organized and all items are stored properly, tools cleaning supplies and equipment are neatly arranged making it ease to acess what is needed.",4.0,every thing is well maintained and securely stored. The hazarde materials are labeled and safely organized,,,,,,,,,,,,,,,,,,,,
Safety and Security:,Inspect security cameras and alarm systems for proper functioning.,4.0,Cameras are working,4.0,Cameras are working,5.0,Cameras are working,5.0,Cameras are working,4.0,all security camere=as have remain operational providing excellent coverage of key areas. alarm system have been tested requlary  and is functioning correctly.,5.0,Cameras are working,4.0,Cameras are working,4.0,Cameras are working,4.0,Cameras are working,4.0,Cameras are working,4.0,Cameras are working,3.0,,4.0,Entry and exit points are monitored by security guards to maintain safety.,4.0,Cameras are working,3.0,cameras and alam system are working,4.0,cameras and alam system are working,4.0,cameras and alam system are working,5.0,Cameras and alam system are working,4.0,Cameras and alam system are working,,,,,,,,,,,,,,,,,,,,
,Ensure that all entry and exit points are secure.,4.0,The exit and entry points are considered as security guards are there to ensure safety.,4.0,The exit and entry points are considered as security guards are there to ensure safety.,5.0,The exit and entry points are considered as security guards are there to ensure safety.,4.0,The exit and entry points are considered as security guards are there to ensure safety.,4.0,no security concern issues have been found,5.0,The exit and entry points are considered as security guards are there to ensure safety.,4.0,The exit and entry points are considered as security guards are there to ensure safety.,4.0,The exit and entry points are considered as security guards are there to ensure safety.,4.0,The exit and entry points are considered as security guards are there to ensure safety.,4.0,The exit and entry points are considered as security guards are there to ensure safety.,4.0,The exit and entry points are considered as security guards are there to ensure safety.,4.0,,4.0,The irrigation systems are operating effectively.,4.0,no security concern issues have been found,4.0,no security concern issues have been found,4.0,no security concern issues have been found,4.0,no security concern issues have been found,5.0,No security concern issues have been found,4.0,The exit and entry points are considered as security guards are there to ensure safety.,,,,,,,,,,,,,,,,,,,,
Grounds and Landscaping,,,,,,,,,,,,,,,,,,,,,,,,,,4.0,The cleaning staff are making consistent efforts to maintain cleanliness.,4.0,,,,,,,,,,,,,,,,,,,,,,,,,,,,,,,
,Check irrigation systems for proper functioning.,4.0,Irrigation system are working,4.0,Irrigation system are working,4.0,Irrigation system are working,4.0,Irrigation system are working,5.0,"rigation system has been working effectively, keeping the grounds well-watered. Seating areas have been consistently clean, with no major issues",5.0,Irrigation system are working,5.0,Irrigation system are working,4.0,Irrigation system are working,4.0,Irrigation system are working,4.0,"rigation system has been working effectively, keeping the grounds well-watered. Seating areas have been consistently clean, with no major issues",4.0,"rigation system has been working effectively, keeping the grounds well-watered. Seating areas have been consistently clean, with no major issues",4.0,,5.0,Entry and exit points are monitored by security guards to maintain safety.,5.0,"rigation system has been working effectively, keeping the grounds well-watered. Seating areas have been consistently clean, with no major issues",4.0,"rigation system has been working effectively, keeping the grounds well-watered. Seating areas have been consistently clean, with no major issues",4.0,"rigation system has been working effectively, keeping the grounds well-watered. Seating areas have been consistently clean, with no major issues",4.0,"rigation system has been working effectively, keeping the grounds well-watered. Seating areas have been consistently clean, with no major issues",4.0,"Rigation system has been working effectively, keeping the grounds well-watered. seating areas have been consistently clean, with no major issues",3.0,"Rigation system has been working effectively, keeping the grounds well-watered. seating areas have been consistently clean, with no major issues",,,,,,,,,,,,,,,,,,,,
,Ensure that outdoor seating areas and grounds are clean and well-maintained.,4.0,The cleaners are trying to clean.,4.0,The cleaners are trying to clean.,4.0,The cleaners are trying to clean.,4.0,The cleaners are trying to clean.,5.0,"landscaping is in good condition but requires some periodic attention such as treaming overgrown plants, grass patchesand refreshing mulch.",5.0,The cleaners are trying to clean.,5.0,Out door seating areas and grounds are cleaned and  and well-maintained,4.0,"Landscaping is in good condition but requires some periodic attention such as treaming overgrown plants, grass patchesand refreshing mulch.",4.0,The cleaners are trying to clean.,4.0,"Landscaping is in good condition but requires some periodic attention such as treaming overgrown plants, grass patchesand refreshing mulch.",4.0,"Landscaping is in good condition but requires some periodic attention such as treaming overgrown plants, grass patchesand refreshing mulch.",4.0,"landscaping is in good condition but requires some periodic attention such as treaming overgrown plants, grass patchesand refreshing mulch.",5.0,The irrigation systems are operating effectively.,5.0,"Landscaping is in good condition but requires some periodic attention such as treaming overgrown plants, grass patchesand refreshing mulch.",4.0,"Landscaping is in good condition but requires some periodic attention such as treaming overgrown plants, grass patchesand refreshing mulch.",4.0,The irrigation systems are operating effectively.,4.0,"Landscaping is in good condition but requires some periodic attention such as treaming overgrown plants, grass patchesand refreshing mulch.",4.0,"Landscaping is in good condition but requires some periodic attention such as treaming overgrown plants, grass patchesand refreshing mulch.",4.0,Out door seating areas and grounds are cleaned and  and well-maintained,,,,,,,,,,,,,,,,,,,,
 ,,3.892857143,,3.928571429,,4.107142857,,4,,4.5,,4.607142857,,4.642857143,,4.464285714,,4.296296296,,4.285714286,,4.428571429,,4.464285714,,3.862068966,,3.862068966,,4.428571429,,4,,4,,4.214285714,,3.714285714,,,,,,,,,,,,,,#DIV/0!,,,,,,#DIV/0!,
,,,,,,,,,,,,,,,,,,,,,,,,,,,,,,,,,,,,,,,,,,,,,,,,,,,,,,,,,,   ,
,Monthly average,,,0.7952380952,,,,,,0.8875,,,,,,0.8737433862,,,,,,,,0.8308497537,,,,,,,,,,,,,,,,0.7964285714,,,,,,,,#DIV/0!,,,,,,,,,,#DIV/0!,
,Checks Done,,,3,,,,,,3,,,,,,4,,,,,,,,4,,,,,,,,,,,,,,,,,,,,,,,,,,,,,,,,,,0,
,,,,,,,,,,,,,,,,,,,,,,,,,,,,,,,,,,,,,,,,,,,,,,,,,,,,,,,,,,,
,,,,,,,,,,,,,,,,,,,,,,,,,,,,,,,,,,,,,,,,,,,,,,,,,,,,,,,,,,,
,,,,,,,,Jan,Feb,Mar,Apr,May,Jun,Jul,Aug,Sep,Oct,Nov,Dec,,,,,,,,,,,,,,,,,,,,,,,,,,,,,,,,,,,,,,,,
,Actual Facilites Checklist Score,,,,,,,0.7952380952,0.8875,0.8737433862,0.8308497537,0.7964285714,#DIV/0!,#DIV/0!,#DIV/0!,#DIV/0!,#DIV/0!,#DIV/0!,,,,,,,,,,,,,,,,,,,,,,,,,,,,,,,,,,,,,,,,,
,Target Facilites Checklist Score ,,,,,,,0.9,0.9,0.9,0.9,0.9,0.9,0.9,0.9,0.9,0.9,0.9,0.9,,,,,,,,,,,,,,,,,,,,,,,,,,,,,,,,,,,,,,,,
,,,,,,,,,,,,,,,,,,,,,,,,,,,,,,,,,,,,,,,,,,,,,,,,,,,,,,,,,,,
,,,,,,,,,,,,,,,,,,,,,,,,,,,,,,,,,,,,,,,,,,,,,,,,,,,,,,,,,,,
,,,,,,,,,,,,,,,,,,,,,,,,,,,,,,,,,,,,,,,,,,,,,,,,,,,,,,,,,,,
,,,,,,,,,,,,,,,,,,,,,,,,,,,,,,,,,,,,,,,,,,,,,,,,,,,,,,,,,,,
,,,,,,,,,,,,,,,,,,,,,,,,,,,,,,,,,,,,,,,,,,,,,,,,,,,,,,,,,,,
,,,,,,,,,,,,,,,,,,,,,,,,,,,,,,,,,,,,,,,,,,,,,,,,,,,,,,,,,,,
,,,,,,,,,,,,,,,,,,,,,,,,,,,,,,,,,,,,,,,,,,,,,,,,,,,,,,,,,,,
,,,,,,,,,,,,,,,,,,,,,,,,,,,,,,,,,,,,,,,,,,,,,,,,,,,,,,,,,,,
,,,,,,,,,,,,,,,,,,,,,,,,,,,,,,,,,,,,,,,,,,,,,,,,,,,,,,,,,,,
,,,,,,,,,,,,,,,,,,,,,,,,,,,,,,,,,,,,,,,,,,,,,,,,,,,,,,,,,,,
,,,,,,,,,,,,,,,,,,,,,,,,,,,,,,,,,,,,,,,,,,,,,,,,,,,,,,,,,,,
,,,,,,,,,,,,,,,,,,,,,,,,,,,,,,,,,,,,,,,,,,,,,,,,,,,,,,,,,,,
,,,,,,,,,,,,,,,,,,,,,,,,,,,,,,,,,,,,,,,,,,,,,,,,,,,,,,,,,,,
,,,,,,,,,,,,,,,,,,,,,,,,,,,,,,,,,,,,,,,,,,,,,,,,,,,,,,,,,,,
,,,,,,,,,,,,,,,,,,,,,,,,,,,,,,,,,,,,,,,,,,,,,,,,,,,,,,,,,,,
,,,,,,,,,,,,,,,,,,,,,,,,,,,,,,,,,,,,,,,,,,,,,,,,,,,,,,,,,,,
,,,,,,,,,,,,,,,,,,,,,,,,,,,,,,,,,,,,,,,,,,,,,,,,,,,,,,,,,,,
,,,,,,,,,,,,,,,,,,,,,,,,,,,,,,,,,,,,,,,,,,,,,,,,,,,,,,,,,,,
,,,,,,,,,,,,,,,,,,,,,,,,,,,,,,,,,,,,,,,,,,,,,,,,,,,,,,,,,,,
,,,,,,,,,,,,,,,,,,,,,,,,,,,,,,,,,,,,,,,,,,,,,,,,,,,,,,,,,,,
,,,,,,,,,,,,,,,,,,,,,,,,,,,,,,,,,,,,,,,,,,,,,,,,,,,,,,,,,,,
,ONLY CLEANLINESS (Q1 & Q2,,,,,,,,,,,,,,,,,,,,,,,,,,,,,,,,,,,,,,,,,,,,,,,,,,,,,,,,,,
,Discription,Average ,Percent,,,,,,,,,,,,,,,,,,,,,,,,,,,,,,,,,,,,,,,,,,,,,,,,,,,,,,,,
,Inspect the cleanliness of the playground surfaces.,4.5,90,,,,,,,,,,,,,,,,,,,,,,,,,,,,,,,,,,,,,,,,,,,,,,,,,,,,,,,,
,Check the cleanliness and organization of reception areas.,4.428571429,88.57142857,,,,,,,,,,,,,,,,,,,,,,,,,,,,,,,,,,,,,,,,,,,,,,,,,,,,,,,,
,Check classroom floors for cleanliness and safety hazards.,4.214285714,84.28571429,,,,,,,,,,,,,,,,,,,,,,,,,,,,,,,,,,,,,,,,,,,,,,,,,,,,,,,,
,Inspect restroom facilities for cleanliness and sanitation.,3.928571429,78.57142857,,,,,,,,,,,,,,,,,,,,,,,,,,,,,,,,,,,,,,,,,,,,,,,,,,,,,,,,
,Check the cleanliness and organization of shared spaces such as dining and assembly areas.,4.071428571,81.42857143,,,,,,,,,,,,,,,,,,,,,,,,,,,,,,,,,,,,,,,,,,,,,,,,,,,,,,,,
,Inspect maintenance rooms for cleanliness and organization. eg: ,4.142857143,82.85714286,,,,,,,,,,,,,,,,,,,,,,,,,,,,,,,,,,,,,,,,,,,,,,,,,,,,,,,,
,TOTAL,4.214285714,84.28571429,,,,,,,,,,,,,,,,,,,,,,,,,,,,,,,,,,,,,,,,,,,,,,,,,,,,,,,,
,,,,,,,,,,,,,,,,,,,,,,,,,,,,,,,,,,,,,,,,,,,,,,,,,,,,,,,,,,,
,,,,,,,,,,,,,,,,,,,,,,,,,,,,,,,,,,,,,,,,,,,,,,,,,,,,,,,,,,,
,ONLY CLEANLINESS (Q1 & Q2,,,,,,,,,,,,,,,,,,,,,,,,,,,,,,,,,,,,,,,,,,,,,,,,,,,,,,,,,,
,Discription,Average ,Percent,,,,,,,,,,,,,,,,,,,,,,,,,,,,,,,,,,,,,,,,,,,,,,,,,,,,,,,,
,Inspect security cameras and alarm systems for proper functioning.,4.142857143,82.85714286,,,,,,,,,,,,,,,,,,,,,,,,,,,,,,,,,,,,,,,,,,,,,,,,,,,,,,,,
,Ensure that all entry and exit points are secure.,4.142857143,82.85714286,,,,,,,,,,,,,,,,,,,,,,,,,,,,,,,,,,,,,,,,,,,,,,,,,,,,,,,,
,Total,,82.85714286,,,,,,,,,,,,,,,,,,,,,,,,,,,,,,,,,,,,,,,,,,,,,,,,,,,,,,,,
,,,,,,,,,,,,,,,,,,,,,,,,,,,,,,,,,,,,,,,,,,,,,,,,,,,,,,,,,,,
,,,,,,,,,,,,,,,,,,,,,,,,,,,,,,,,,,,,,,,,,,,,,,,,,,,,,,,,,,,
,,,,,,,,,,,,,,,,,,,,,,,,,,,,,,,,,,,,,,,,,,,,,,,,,,,,,,,,,,,
ILBORU,,JANUARY,,,,,,FEBRUARY,,,,,,,,MARCH,,,,,,,,APRIL,,,,,,,,MAY,,,,,,,,,,JUNE,,,,,,,,JULY,,,,,,,,,
Area,Descriptors,13th - 16th, Comments,19th-23th, Comments,26th-30th, Comments,2rd-6th, Comments,9th-13th, Comments,16th-20th, Comments,23th-27th, Comments,2nd-6th, ,9th-13th, Comments,16th-20th, Comments,23th-27th, Comments,30th-3th, Comments,6th-10th, Comments,13th-17th, Comments,20th-24th, Comments,27th-1st, Comments,4th-8th, Comments,11th-15th, Comments,18th-22nd, Comments,25th-29th, Comments,1st-5th, Comments,8th-12th, Comments,15th-19th, Comments,22nd-26th, Comments,29th-3rd, Comments,6th-10th, Comments,13th-17th, Comments,20th-24th, Comments,27th-31st, Comments
Exterior Areas:,Check the condition of outdoor play equipment for any damage or safety hazards.,4.0,swings at day care need repairment for proper functioning,4.0,seesaw swings at old playground aneed to be repaired and painted,4.0,outdoor play equippment are in safety and  good condition  ,4.0,Swings at day care need repairment for proper functioning,5.0,Swing at daycare need maintenance,4.0,Swing at daycare need maintenance for good performance,5.0,Swing at daycare need maintenance for good performance,4.0,Swing at daycare need maintenance for good performance,4.0,seesaw swings at old playground aneed to be repaired and painted,4.0,outdoor play equippment are in safety and  good condition  ,4.0,Swing at daycare need maintenance for good performance,4.0,Swing at daycare need maintenance,5.0,"The areas are generally clean, but additional cleaning equipment is required.",4.0,Swing at daycare need maintenance for good performance,4.0,We have to add more swing at day care,5.0,We have to add more swing at day care,4.0,We have to add more swing at day care,4.0,Swing at daycare need maintenance for good performance,4.0,Swing at daycare need maintenance for good performance,,,,,,,,,,,,,,,,,,,,
,Inspect the cleanliness of the playground surfaces.,4.0,Cleaners should pass through their areas all the time to ensure all time cleanlines.,4.0,An inspection is underway,5.0,Cleaners should pass through their areas all the time to ensure all time cleanlines.,4.0,Cleaners should pass through their areas all the time to ensure all time cleanlines.,5.0,Areas are inspected and cleaned by cleaners effectively,5.0,Areas are cleaned but more cleanlines tools is needed,5.0,Areas are cleaned but more cleanlines tools is needed,5.0,Areas are inspected and cleaned by cleaners effectively,5.0,Cleaners should pass through their areas all the time to ensure all time cleanlines.,4.0,An inspection is underway,5.0,Cleaners should pass through their areas all the time to ensure all time cleanlines.,5.0,Cleaners should pass through their areas all the time to ensure all time cleanlines.,5.0,More rubble is needed to improve the car parking area.,5.0,Cleaners should pass through their areas all the time to ensure all time cleanlines.,4.0,Areas are inspected and cleaned by cleaners effectively,5.0,Areas are inspected and cleaned by cleaners effectively,4.0,Areas are inspected and cleaned by cleaners effectively,4.0,Areas are inspected and cleaned by cleaners effectively,5.0,Areas are cleaned but more cleanlines tools is needed,,,,,,,,,,,,,,,,,,,,
,Ensure that pathways are clear of debris and obstacles.,4.0,Rubble is required to cover the hollow parts like areas around water tapes,4.0,Pathways are clear of debris and obstacles but we need more rubble to cover the hollow parts at lower primary class and upper primary classes,5.0,Rubble is required to cover the hollow parts like areas around water tapes,4.0,Rubble is required to cover the hollow parts like areas around water tapes,5.0,Rubble is needed to cover at car parking,5.0,Rubble is needed to cover at car parking,4.0,Outdoor seating/grounds are clean and is in good condition,5.0,Outdoor seating/grounds are clean and is in good condition,5.0,Rubble is required to cover the hollow parts like areas around water tapes,4.0,Pathways are clear of debris and obstacles but we need more rubble to cover the hollow parts at lower primary class and upper primary classes,4.0,Rubble is required to cover the hollow parts like areas around water tapes,4.0,Rubble is required to cover the hollow parts like areas around water tapes,4.0,Outdoor seating and surrounding grounds are clean and well maintained.,5.0,Rubble is required to cover the hollow parts like areas around water tapes,5.0,Rubble is required to cover the hollow parts like areas around water tapes,4.0,Rubble is required to cover the hollow parts like ares around water tapes,4.0,Rubble is required to cover the hollow parts like ares around water tapes,4.0,Outdoor seating/grounds are clean and is in good condition,5.0,Outdoor seating/grounds are clean and is in good condition,,,,,,,,,,,,,,,,,,,,
,Verify that outdoor seating areas/grounds  are clean and in good condition.,4.0,We  need to add more sanitary facilities example moppers and big dust bin  in seating /ground areas.,5.0,Outdoor seating areas/grounds are clean and in good condition,4.0,Ontime reporting of cleaners and availability of sanitary facilities help the seating areas/grounds are clean and in good condition,4.0,We  need to add more sanitary facilities example moppers and big dust bin  in seating /ground areas.,5.0,Outdoor seating/grounds are clean and is in good condition,5.0,Outdoor seating/grounds are clean and is in good condition,5.0,Outdoor seating/grounds are clean and is in good condition,5.0,Outdoor seating/grounds are clean and is in good condition,5.0,We  need to add more sanitary facilities example moppers and big dust bin  in seating /ground areas.,5.0,Outdoor seating areas/grounds are clean and in good condition,4.0,Ontime reporting of cleaners and availability of sanitary facilities help the seating areas/grounds are clean and in good condition,5.0,We  need to add more sanitary facilities example moppers and big dust bin  in seating /ground areas.,5.0,Door knob repairs should be treated as an urgent maintenance matter.,5.0,Outdoor seating areas/grounds are clean and in good condition,4.0,Outdoor seating areas/grounds are clean and in good condition,5.0,Outdoor seating areas/grounds are clean and in good condition,4.0,Outdoor seating areas/grounds are clean and in good condition,4.0,Outdoor seating/grounds are clean and is in good condition,5.0,Outdoor seating/grounds are clean and is in good condition,,,,,,,,,,,,,,,,,,,,
Building Exterior:,"Inspect the condition of external walls, windows, and doors for any signs of damage or wear.",4.0,There are two windows needs locks at girls dormitory,5.0,teachers and student care takers should teach and emphasize the student the important of taking care of schools properties,4.0,Windows and doors at boys dormitory need maintenance,4.0,Attention to teachers and aunties is more than i need,5.0,Academic office wall it need to be painted,5.0,Maintenance of door knob should be taken as urgent issues,4.0,Maintenance of door knob should be taken as urgent issues especial in all classes,5.0,Maintenance of wall at receptionist office is needed also grade 2 Mikumi we have do maintenance,4.0,teachers and student care takers should teach and emphasize the student the important of taking care of schools properties,4.0,Windows and doors at boys dormitory need maintenance,4.0,Attention to teachers and aunties is more than i need,5.0,"The toilet doors in both the girls' and boys' dormitories need repairs, and waterproof curtains are also required",4.0,"Roofs and ceiling boards should be inspected regularly; for example, the lower primary computer lab ceiling board at the back requires maintenance.",5.0,"The toilet doors in both the girls' and boys' dormitories need repairs, and waterproof curtains are also required",5.0,"The toilet doors in both the girls' and boys' dormitories need repairs, and waterproof curtains are also required",4.0,"The toilet doors in both the girls' and boys' dormitories need repairs, and waterproof curtains are also required",4.0,"The toilet doors in both the girls' and boys' dormitories need repairs, and waterproof curtains are also required",4.0,Maintenance of wall at receptionist office is needed also grade 2 Mikumi we have do maintenance,5.0,Maintenance of door knob should be taken as urgent issues especial in all classes,,,,,,,,,,,,,,,,,,,,
,Check for any leaks or damage to the roof and ceiling,3.0,"Ceiling boards need to be painted, as many of them have already been installed",3.0,Well checked,3.0,"Ceiling boards need to be painted, as many of them have already been installed",3.0,"Ceiling boards need to be painted, as many of them have already been installed",4.0,roof and ceiling boards is well checked for example we have to do maintenance at lower primary computer lab ceiling board at the back,5.0,roof and ceiling boards is well checked for example we have to do maintenance at lower primary computer lab ceiling board at the back,4.0,roof and ceiling boards is well checked for example we have to do maintenance at lower primary computer lab ceiling board at the back,5.0,roof and ceiling boards is well checked for example we have to do maintenance at lower primary computer lab ceiling board at the back,5.0,Ceiling board is well checked and we have arleady done some repairment to the broken ceiling example at girls domitory,4.0,roof and ceiling boards is well checked for example we have to do maintenance at lower primary computer lab ceiling board at the back,5.0,Ceiling board is well checked and we have arleady done some repairment to the broken ceiling example at girls domitory,4.0,roof and ceiling boards is well checked for example we have to do maintenance at lower primary computer lab ceiling board at the back,4.0,Proper lighting should be added to areas with insufficient light.,5.0,roof and ceiling boards is well checked for example we have to do maintenance at lower primary computer lab ceiling board at the back,5.0,roof and ceiling boards is well checked for example we have to do maintenance at lower primary computer lab ceiling board at the back,4.0,roof and ceiling boards is well checked for example we have to do maintenance at lower primary computer lab ceiling board at the back,4.0,roof and ceiling boards is well checked for example we have to do maintenance at lower primary computer lab ceiling board at the back,5.0,roof and ceiling boards is well checked for example we have to do maintenance at lower primary computer lab ceiling board at the back,5.0,roof and ceiling boards is well checked for example we have to do maintenance at lower primary computer lab ceiling board at the back,,,,,,,,,,,,,,,,,,,,
,Ensure that outdoor lighting is functional and provides adequate illumination.,3.0,"Most of the bulbs in classrooms and dormitories have been installed, but they require regular maintenance to ensure durability.",3.0,Let's make sure we put lights in places that don't have lights at all,3.0,"Most of the bulbs in classrooms and dormitories have been installed, but they require regular maintenance to ensure durability.",3.0,"Most of the bulbs in classrooms and dormitories have been installed, but they require regular maintenance to ensure durability.",5.0,Addition of more lights is needed especial back of music room and science room,4.0,Light is very important to tose areas that there is little light,5.0,Addition of more lights is needed especial back of music room and science room,4.0,Outdoor seating/grounds are clean and is in good condition,5.0,Addition of more lights is needed especial back of music room and science room,4.0,Outdoor seating/grounds are clean and is in good condition,5.0,Addition of more lights is needed especial back of music room and science room,4.0,,5.0,Security guards should remain vigilant and promptly report incidents for further action.,4.0,Outdoor seating/grounds are clean and is in good condition,5.0,Outdoor seating/grounds are clean and is in good condition,5.0,Outdoor seating/grounds are clean and is in good condition,4.0,Outdoor seating/grounds are clean and is in good condition,5.0,Outdoor seating/grounds are clean and is in good condition,4.0,Addition of more lights is needed especial back of music room and science room,,,,,,,,,,,,,,,,,,,,
Entrances and Reception:,Verify that entrance doors are functioning properly and secure when closed.,3.0,Entrace doors are funtioning properly and secured,3.0,Security guard they should take care entrance doors and to make sure is well closed,3.0,Entrace door are well checked,3.0,Entrace doors are funtioning properly and secured,5.0,Entrace doors are well inspected,5.0,Security guard they have to insure that they working hard and report any incidents for further solving,5.0,Entrace doors are well inspected,5.0,Security guard they have to insure that they working hard and report any incidents for further solving,5.0,Entrace doors are well inspected,5.0,Security guard they have to insure that they working hard and report any incidents for further solving        ,5.0,Entrace doors are well inspected,5.0,,5.0,Cleanliness standards are being monitored effectively.,5.0,Security guard they have to insure that they working hard and report any incidents for further solving        ,5.0,Security guard they have to insure that they working hard and report any incidents for further solving        ,5.0,Security guard they have to insure that they working hard and report any incidents for further solving        ,4.0,Security guard they have to insure that they working hard and report any incidents for further solving        ,4.0,Security guard they have to insure that they working hard and report any incidents for further solving,5.0,Entrace doors are well inspected,,,,,,,,,,,,,,,,,,,,
,Check the cleanliness and organization of reception areas.,4.0,the reception area is well orgarnize and clean which maintain a welcoming atmosphere for visitors.,5.0,Cleanliness and organization of reception areas are well cleaned.,3.0,The reception area is well orgarnize and clean which maintain a welcoming atmosphere for visitors.,3.0,The reception area is well orgarnize and clean which maintain a welcoming atmosphere for visitors.,4.0,Cleanliness and organization of reception areas is checked and it is cleaned properly,5.0,Cleanliness is checked properly,4.0,Cleanliness is checked properly,5.0,Cleanliness is checked properly,5.0,Cleanliness is checked properly,5.0,Cleanliness and organization of reception areas is checked and it is cleaned properly,5.0,Cleanliness is checked properly,5.0,,4.0,Visitors are able to identify locations easily through visible signage.,5.0,Cleanliness and organization of reception areas is checked and it is cleaned properly,5.0,Security guard they have to insure that they working hard and report any incidents for further solving        ,4.0,Security guard they have to insure that they working hard and report any incidents for further solving        ,4.0,Security guard they have to insure that they working hard and report any incidents for further solving        ,5.0,Cleanliness is checked properly,5.0,Cleanliness is checked properly,,,,,,,,,,,,,,,,,,,,
,Ensure that signage is clear and visible for visitors.,4.0,All the signs announcing the school are visible .,4.0,Signage is clear and visible for visitors,5.0,All the signs announcing the school are visible .,4.0,All the signs announcing the school are visible .,5.0,Signage is clear and visible for vistors,5.0,Vistors there able to see signage,4.0,Signage is clear and visible for vistors,5.0,Vistors there able to see signage        ,,Signage is clear and visible for vistors,5.0,Vistors there able to see signage,5.0,Signage is clear and visible for vistors,5.0,,4.0,Window maintenance should be prioritized and addressed promptly.,5.0,Vistors there able to see signage,4.0,Vistors there able to see signage,4.0,Vistors there able to see signage,4.0,Vistors there able to see signage,5.0,Vistors there able to see signage        ,5.0,Signage is clear and visible for vistors,,,,,,,,,,,,,,,,,,,,
Classrooms:,"Inspect classroom doors, windows, and furniture for any damage or maintenance issues.",4.0,"Many dormitory doors need repairs, as most of their wooden parts have become worn out.",4.0,"Classroom doors, windows and furniture like in classroom teachers must insist students to take care of it",4.0,"Many dormitory doors need repairs, as most of their wooden parts have become worn out.",4.0,"Many dormitory doors need repairs, as most of their wooden parts have become worn out.",4.0,Ontime maintenance of windows at boys dormitory is needed,4.0,Maintenance of window should be taken as serious problem and solution should be taken,4.0,Ontime maintenance of windows at boys dormitory is needed,4.0,"Classroom doors, windows and furniture like in classroom teachers must insist students to take care of it",4.0,Ontime maintenance of windows at boys dormitory is needed,4.0,Ontime maintenance of windows at boys dormitory is needed,4.0,Ontime maintenance of windows at boys dormitory is needed,5.0,,4.0,Floors in classrooms and offices need repairs to improve their appearance.,4.0,"Classroom doors, windows and furniture like in classroom teachers must insist students to take care of it",4.0,Vistors there able to see signage,4.0,Vistors there able to see signage,4.0,Vistors there able to see signage,4.0,"Classroom doors, windows and furniture like in classroom teachers must insist students to take care of it",4.0,Ontime maintenance of windows at boys dormitory is needed,,,,,,,,,,,,,,,,,,,,
,Check classroom floors for cleanliness and safety hazards.,3.0,Most of the floors in the classrooms are cleaned ,3.0,Walk through of cleaners is needed to ensure all time cleanlines,4.0,Most of the floors in the classrooms are cleaned ,4.0,Most of the floors in the classrooms are cleaned ,4.0,"Maintenance of floor grade 4A,Grade 3 and finance office is needed",5.0,We have to repair floor in classes and offices so as to look good,4.0,"Maintenance of floor grade 4A,Grade 3 and finance office is needed",5.0,Walk through of cleaners is needed to ensure all time cleanlines,4.0,"Maintenance of floor grade 4a,grade 3 and finance office is needed",4.0,"Maintenance of floor grade 4a,grade 3 and finance office is needed",5.0,"Maintenance of floor grade 4A,Grade 3 and finance office is needed",4.0,,4.0,Additional trash bins are needed along the hallways.,5.0,Walk through of cleaners is needed to ensure all time cleanlines,4.0,Vistors there able to see signage,4.0,Vistors there able to see signage,4.0,Vistors there able to see signage,4.0,Walk through of cleaners is needed to ensure all time cleanlines,5.0,"Maintenance of floor grade 4A,Grade 3 and finance office is needed",,,,,,,,,,,,,,,,,,,,
,Verify that trash bins are emptied regularly and recycling procedures are followed.,4.0,The cleaners are working hard to remove dirty from the trash,4.0,More trash bin is needed to hallways,4.0,The cleaners are working hard to remove dirty from the trash,4.0,More trash bin is needed to hallways,4.0,The cleaners are working hard to remove dirty from the trash,4.0,More trash bin is needed to hallways,4.0,The cleaners are working hard to remove dirty from the trash,4.0,More trash bin is needed to hallways,4.0,The cleaners are working hard to remove dirty from the trash,4.0,The cleaners are working hard to remove dirty from the trash,4.0,"We have to add big trash bin at DH,to the gate and one at upper classes",5.0,,4.0,Hallways are kept clean and free from obstructions.,4.0,More trash bin is needed to hallways,4.0,Vistors there able to see signage,4.0,Vistors there able to see signage,4.0,Vistors there able to see signage,4.0,More trash bin is needed to hallways,4.0,Vistors there able to see signage,,,,,,,,,,,,,,,,,,,,
Hallways and Corridors:,Verify that hallways are clear of clutter and obstruction.,5.0,The roads are free of congestion and obstacles,4.0,The roads are free of congestion and obstacles,5.0,The roads are free of congestion and obstacles,4.0,The roads are free of congestion and obstacles,5.0,hallways are cleaned no clutter and no obstruction,5.0,Hallways is cleaned and there is no any obstruction,5.0,hallways are cleaned no clutter and no obstruction,5.0,The roads are free of congestion and obstacles,5.0,The roads are free of congestion and obstacles,5.0,The roads are free of congestion and obstacles,5.0,The roads are free of congestion and obstacles,5.0,,5.0,Wall paint and colors need restoration in certain areas.,5.0,hallways are cleaned no clutter and no obstruction,5.0,Vistors there able to see signage,5.0,Vistors there able to see signage,4.0,Vistors there able to see signage,4.0,The roads are free of congestion and obstacles,5.0,hallways are cleaned no clutter and no obstruction,,,,,,,,,,,,,,,,,,,,
,"Check for any damage to walls, ceilings, or flooring.",4.0,"Some walls need to be painted, such as the academic office, the boys' dormitory, and the exterior of the lower primary receptionist's office.",4.0,"Some walls need to be painted, such as the academic office, the boys' dormitory, and the exterior of the lower primary receptionist's office.",4.0,"Some walls need to be painted, such as the academic office, the boys' dormitory, and the exterior of the lower primary receptionist's office.",5.0,"Some walls need to be painted, such as the academic office, the boys' dormitory, and the exterior of the lower primary receptionist's office.",5.0,Maintenance of walls at grade 2 Mikumi is needed,4.0,We have to repair the colors on walls,5.0,Maintenance of walls at grade 2 Mikumi is needed,4.0,"Some walls need to be painted, such as the academic office, the boys' dormitory, and the exterior of the lower primary receptionist's office.",4.0,Well checked,4.0,"Some walls need to be painted, such as the academic office, the boys' dormitory, and the exterior of the lower primary receptionist's office.",4.0,"Some walls need to be painted, such as the academic office, the boys' dormitory, and the exterior of the lower primary receptionist's office.",4.0,,5.0,Hygiene facilities in the toilets should be improved by adding items such as dispensers.,4.0,Well checked,4.0,Well checked,5.0,well checked,4.0,well checked,4.0,"Some walls need to be painted, such as the academic office, the boys' dormitory, and the exterior of the lower primary receptionist's office.",4.0,Maintenance of walls at grade 2 Mikumi is needed,,,,,,,,,,,,,,,,,,,,
Restrooms:,Inspect restroom facilities for cleanliness and sanitation.,4.0,Toilet facilities for hygiene needs to be added exampl toilet dispensers,4.0,Restroom facilities for cleanliness and sanitation is well checked,4.0,Toilet facilities for hygiene needs to be added exampl toilet dispensers,4.0,Toilet facilities for hygiene needs to be added exampl toilet dispensers,4.0,"Toilets are in good working  condition, There is a fresh clean and scent in all areas and restrooms are well maintained also the wast bins were emptied and overall hygien have been met. the restrooms are sanitary and ready for use.",4.0,Toilet facilities for hygiene needs to be added exampl toilet dispensers,4.0,Well checked,4.0,Toilet facilities for hygiene needs to be added exampl toilet dispensers,4.0,Restroom facilities for cleanliness and sanitation is well checked,4.0,Toilet facilities for hygiene needs to be added exampl toilet dispensers,4.0,Toilet facilities for hygiene needs to be added exampl toilet dispensers,5.0,,4.0,Pipes in the upper primary boys’ toilets require maintenance.,4.0,"Toilets are in good working  condition, There is a fresh clean and scent in all areas and restrooms are well maintained also the wast bins were emptied and overall hygien have been met. the restrooms are sanitary and ready for use.",4.0,Toilet facilities for hygiene needs to be added exampl toilet dispensers,4.0,Toilet facilities for hygiene needs to be added exampl toilet dispensers,4.0,Toilet facilities for hygiene needs to be added exampl toilet dispensers,3.0,Toilet facilities for hygiene needs to be added exampl toilet dispensers,4.0,Well checked,,,,,,,,,,,,,,,,,,,,
,Check for any leaks or malfunctions in plumbing fixtures.,3.0,Pipes at upper primary boys toilet need maintenace,3.0,No any leaks or malfunction,4.0,Pipes at upper primary boys toilet need maintenace,4.0,Pipes at upper primary boys toilet need maintenace,4.0,"The plumbing problem is being worked on, the technicians are working hard and it will decrease to the maximum",4.0,Pipes at upper primary boys toilet need maintenace,4.0,"The plumbing problem is being worked on, the technicians are working hard and it will decrease to the maximum",4.0,Pipes at upper primary boys toilet need maintenace,3.0,No any leaks or malfunction,4.0,Pipes at upper primary boys toilet need maintenace,4.0,Pipes at upper primary boys toilet need maintenace,5.0,,4.0,"Soap, water buckets, toilet cups, and toilet paper are adequately available.",4.0,No any leaks or malfunction,4.0,No any leaks or malfunction,4.0,No any leaks or malfunction,4.0,No any leaks or malfunction,3.0,Pipes at upper primary boys toilet need maintenace,4.0,"The plumbing problem is being worked on, the technicians are working hard and it will decrease to the maximum",,,,,,,,,,,,,,,,,,,,
,"Ensure that adequate supplies such as soap, water buckets, toilet cups and toilet paper are available.",5.0,"Soap,water buckets,toilet  cups and toilet paper are available",5.0,"Soap,water buckets,toilet  cups and toilet paper are available",4.0,"Soap,water buckets,toilet  cups and toilet paper are available",4.0,"Soap,water buckets,toilet  cups and toilet paper are available",4.0,"The cleanliness and sanitation are up to standard and no immediate issues were found . all supplies include soaps toilet paper, water , dust bins and toilet cleaning equipments are well stocked. ",4.0,"Soap,water buckets,toilet  cups and toilet paper are available",4.0,"The cleanliness and sanitation are up to standard and no immediate issues were found . all supplies include soaps toilet paper, water , dust bins and toilet cleaning equipments are well stocked. ",4.0,"Soap,water buckets,toilet  cups and toilet paper are available",4.0,"Soap,water buckets,toilet  cups and toilet paper are available",4.0,"Soap,water buckets,toilet  cups and toilet paper are available",4.0,"Soap,water buckets,toilet  cups and toilet paper are available",4.0,,4.0,"Cleaners are facing challenges due to limited cleaning equipment, such as mops and soft brooms.",4.0,"The cleanliness and sanitation are up to standard and no immediate issues were found . all supplies include soaps toilet paper, water , dust bins and toilet cleaning equipments are well stocked. ",5.0,"Soap,water buckets,toilet  cups and toilet paper are available",4.0,"Soap,water buckets,toilet  cups and toilet paper are available",4.0,"Soap,water buckets,toilet  cups and toilet paper are available",4.0,"Soap,water buckets,toilet  cups and toilet paper are available",4.0,"The cleanliness and sanitation are up to standard and no immediate issues were found . all supplies include soaps toilet paper, water , dust bins and toilet cleaning equipments are well stocked. ",,,,,,,,,,,,,,,,,,,,
Common Areas:,Check the cleanliness and organization of shared spaces such as dining and assembly areas.,4.0,"Cleaners are struggling  to clean , the  challenge is that there are few  cleaning equipment moppers and soft bloom",5.0,We have to add a lawn mower,4.0,"Cleaners are struggling  to clean , the  challenge is that there are few  cleaning equipment moppers and soft bloom",4.0,"Cleaners are struggling  to clean , the  challenge is that there are few  cleaning equipment moppers and soft bloom",4.0,both dining and assembly areas are well maintained. The spaces are clean and well organized. ,4.0,"Cleaners are struggling  to clean , the  challenge is that there are few  cleaning equipment moppers and soft bloom",4.0,both dining and assembly areas are well maintained. The spaces are clean and well organized. ,4.0,Both dining and assembly areas are well maintained. the spaces are clean and well organized. ,4.0,both dining and assembly areas are well maintained. The spaces are clean and well organized. ,4.0,Both dining and assembly areas are well maintained. the spaces are clean and well organized. ,4.0,both dining and assembly areas are well maintained. The spaces are clean and well organized. ,4.0,,4.0,Seating areas show no visible damage or signs of wear.,4.0,Both dining and assembly areas are well maintained. the spaces are clean and well organized. ,5.0,both dining and assembly areas are well maintained. The spaces are clean and well organized. ,4.0,both dining and assembly areas are well maintained. The spaces are clean and well organized. ,4.0,both dining and assembly areas are well maintained. The spaces are clean and well organized. ,5.0,Both dining and assembly areas are well maintained. the spaces are clean and well organized. ,4.0,both dining and assembly areas are well maintained. The spaces are clean and well organized. ,,,,,,,,,,,,,,,,,,,,
,Inspect seating areas for any damage or wear.,5.0,No damage or wear at seating areas,5.0,Trash bins are emptied regularly and recycling procedures are followed,5.0,Trash bins are emptied regularly and recycling procedures are followed,5.0,The seating areas are in good condition though few chairs are showing some wears.,4.0,Trash bins are emptied regularly and recycling procedures are followed,5.0,No damage or wear at seating areas,4.0,Trash bins were emptied as needed and recycling procedures are followed.,5.0,Trash bins were emptied as needed and recycling procedures are followed.,5.0,The seating areas are in good condition though few chairs are showing some wears.,5.0,Trash bins were emptied as needed and recycling procedures are followed.,5.0,Trash bins were emptied as needed and recycling procedures are followed.,5.0,,4.0,"Trash bins are emptied regularly, and recycling procedures are being followed.",5.0,The seating areas are in good condition though few chairs are showing some wears.        ,5.0,The seating areas are in good condition though few chairs are showing some wears.,4.0,The seating areas are in good condition though few chairs are showing some wears.,4.0,The seating areas are in good condition though few chairs are showing some wears.,4.0,The seating areas are good and cleaned,5.0,Trash bins were emptied as needed and recycling procedures are followed.,,,,,,,,,,,,,,,,,,,,
,Verify that trash bins are emptied regularly and recycling procedures are followed.,4.0,Cleaners are working hard to emptied trash bin and they followed recycling procedures ,4.0,Trash bins are emptied regularly and recycling procedures are followed,4.0,The seating areas are good and cleaned,5.0,Cleaners are working hard to emptied trash bin and they followed recycling procedures ,5.0,Trash bins were emptied as needed and recycling procedures are followed.,5.0,Trash bins were emptied as needed and recycling procedures are followed.,5.0,Trash bins were emptied as needed and recycling procedures are followed.,5.0,Cleaners are working hard to emptied trash bin and they followed recycling procedures ,4.0,Trash bins are emptied regularly and recycling procedures are followed,4.0,The seating areas are good and cleaned,5.0,Cleaners are working hard to emptied trash bin and they followed recycling procedures ,5.0,,5.0,"Rooms are properly arranged, cleaned, and maintained in good order.",5.0,The seating areas are good and cleaned,5.0,The seating areas are good and cleaned,5.0,The seating areas are good and cleaned,4.0,The seating areas are good and cleaned,4.0,Cleaners are working hard to emptied trash bin and they followed recycling procedures ,5.0,Trash bins were emptied as needed and recycling procedures are followed.,,,,,,,,,,,,,,,,,,,,
Maintenance Rooms and Storage Areas:,Inspect maintenance rooms for cleanliness and organization. eg: ,4.0,"The rooms are in order, they are made and cleaned.",4.0,"The rooms are in order, they are made and cleaned.",4.0,"The rooms are in order, they are made and cleaned.",4.0,"The rooms are in order, they are made and cleaned.",4.0,Rooms are well maintained and organized meeting safety and efficient standards.,4.0,"The rooms are in order, they are made and cleaned.",4.0,Rooms are well maintained and organized meeting safety and efficient standards.,4.0,Rooms are well maintained and organized meeting safety and efficient standards.,4.0,Rooms are well maintained and organized meeting safety and efficient standards.,5.0,Rooms are well maintained and organized meeting safety and efficient standards.,5.0,Rooms are well maintained and organized meeting safety and efficient standards.,5.0,Rooms are well maintained and organized meeting safety and efficient standards.,4.0,"All items are neatly organized and stored correctly, making cleaning supplies, tools, and equipment easy to access.",4.0,Rooms are well maintained and organized meeting safety and efficient standards.,5.0,The seating areas are good and cleaned,4.0,The seating areas are good and cleaned,4.0,The seating areas are good and cleaned,4.0,The seating areas are good and cleaned,4.0,Rooms are well maintained and organized meeting safety and efficient standards.,,,,,,,,,,,,,,,,,,,,
,"Check the inventory of supplies and equipment for cleaning, gardening, farm",4.0,"Conducted a review of the inventory for cleaning, gardening, and farm equipment. Most essential items are available, but a few tools require replenishment or replacement to ensure smooth operations.",4.0,"Conducted a review of the inventory for cleaning, gardening, and farm equipment. most essential items are available, but a few tools require replenishment or replacement to ensure smooth operations.",4.0,"Conducted a review of the inventory for cleaning, gardening, and farm equipment. most essential items are available, but a few tools require replenishment or replacement to ensure smooth operations.",4.0,"Conducted a review of the inventory for cleaning, gardening, and farm equipment. most essential items are available, but a few tools require replenishment or replacement to ensure smooth operations.",3.0,"every thing is well organized and all items are stored properly, tools cleaning supplies and equipment are neatly arranged making it ease to acess what is needed.",4.0,"every thing is well organized and all items are stored properly, tools cleaning supplies and equipment are neatly arranged making it ease to acess what is needed.",3.0,"Conducted a review of the inventory for cleaning, gardening, and farm equipment. most essential items are available, but a few tools require replenishment or replacement to ensure smooth operations.",4.0,"every thing is well organized and all items are stored properly, tools cleaning supplies and equipment are neatly arranged making it ease to acess what is needed.",4.0,"every thing is well organized and all items are stored properly, tools cleaning supplies and equipment are neatly arranged making it ease to acess what is needed.",4.0,,4.0,"every thing is well organized and all items are stored properly, tools cleaning supplies and equipment are neatly arranged making it ease to acess what is needed.	4",4.0,"every thing is well organized and all items are stored properly, tools cleaning supplies and equipment are neatly arranged making it ease to acess what is needed.",3.0,Hazardous materials are stored securely and safely.,4.0,"every thing is well organized and all items are stored properly, tools cleaning supplies and equipment are neatly arranged making it ease to acess what is needed.",4.0,"every thing is well organized and all items are stored properly, tools cleaning supplies and equipment are neatly arranged making it ease to acess what is needed.",3.0,"every thing is well organized and all items are stored properly, tools cleaning supplies and equipment are neatly arranged making it ease to acess what is needed.",4.0,"every thing is well organized and all items are stored properly, tools cleaning supplies and equipment are neatly arranged making it ease to acess what is needed.",5.0,"every thing is well organized and all items are stored properly, tools cleaning supplies and equipment are neatly arranged making it ease to acess what is needed.",4.0,"Every thing is well organized and all items are stored properly, tools cleaning supplies and equipment are neatly arranged making it ease to acess what is needed.",,,,,,,,,,,,,,,,,,,,
,Ensure that hazardous materials are stored safely and labeled properly.,4.0,Hazardous materials are stored safely.,4.0,Hazardous materials are stored safely.,4.0,Hazardous materials are stored safely.,5.0,Hazardous materials are stored safely.,4.0,every thing is well maintained and securely stored. The hazarde materials are labeled and safely organized,5.0,Hazardous materials are stored safely.,4.0,every thing is well maintained and securely stored. The hazarde materials are labeled and safely organized,5.0,Every thing is well maintained and securely stored. the hazarde materials are labeled and safely organized,4.0,Every thing is well maintained and securely stored. the hazarde materials are labeled and safely organized,5.0,Every thing is well maintained and securely stored. the hazarde materials are labeled and safely organized,5.0,every thing is well maintained and securely stored. The hazarde materials are labeled and safely organized,4.0,every thing is well maintained and securely stored. The hazarde materials are labeled and safely organized,4.0,Surveillance cameras are functioning properly.,5.0,Every thing is well maintained and securely stored. the hazarde materials are labeled and safely organized,5.0,"every thing is well organized and all items are stored properly, tools cleaning supplies and equipment are neatly arranged making it ease to acess what is needed.",4.0,"every thing is well organized and all items are stored properly, tools cleaning supplies and equipment are neatly arranged making it ease to acess what is needed.",4.0,"every thing is well organized and all items are stored properly, tools cleaning supplies and equipment are neatly arranged making it ease to acess what is needed.",4.0,"Every thing is well organized and all items are stored properly, tools cleaning supplies and equipment are neatly arranged making it ease to acess what is needed.",5.0,every thing is well maintained and securely stored. The hazarde materials are labeled and safely organized,,,,,,,,,,,,,,,,,,,,
Safety and Security:,Inspect security cameras and alarm systems for proper functioning.,4.0,Cameras are working,4.0,Cameras are working,4.0,Cameras are working,5.0,Cameras are working,4.0,all security camere=as have remain operational providing excellent coverage of key areas. alarm system have been tested requlary  and is functioning correctly.,4.0,Cameras are working,4.0,Cameras are working,4.0,Cameras are working,4.0,Cameras are working,4.0,Cameras are working,4.0,Cameras are working,3.0,,4.0,Entry and exit points are monitored by security guards to maintain safety.,4.0,Cameras are working,3.0,cameras and alam system are working,4.0,cameras and alam system are working,4.0,cameras and alam system are working,5.0,Cameras and alam system are working,4.0,Cameras and alam system are working,,,,,,,,,,,,,,,,,,,,
,Ensure that all entry and exit points are secure.,4.0,The exit and entry points are considered as security guards are there to ensure safety.,4.0,The exit and entry points are considered as security guards are there to ensure safety.,4.0,The exit and entry points are considered as security guards are there to ensure safety.,4.0,The exit and entry points are considered as security guards are there to ensure safety.,5.0,no security concern issues have been found,4.0,The exit and entry points are considered as security guards are there to ensure safety.,5.0,The exit and entry points are considered as security guards are there to ensure safety.,4.0,The exit and entry points are considered as security guards are there to ensure safety.,4.0,The exit and entry points are considered as security guards are there to ensure safety.,4.0,The exit and entry points are considered as security guards are there to ensure safety.,4.0,The exit and entry points are considered as security guards are there to ensure safety.,4.0,,5.0,The irrigation systems are operating effectively.,4.0,no security concern issues have been found,4.0,no security concern issues have been found,5.0,no security concern issues have been found,4.0,no security concern issues have been found,5.0,No security concern issues have been found,4.0,The exit and entry points are considered as security guards are there to ensure safety.,,,,,,,,,,,,,,,,,,,,
Grounds and Landscaping,,,,,,,,,,,,,,,,,,,,,,,,,,5.0,The cleaning staff are making consistent efforts to maintain cleanliness.,,,,,5.0,,,,,,,,,,,,,,,,,,,,,,,,,,,
,Check irrigation systems for proper functioning.,4.0,Irrigation system are working,4.0,Irrigation system are working,4.0,Irrigation system are working,4.0,Irrigation system are working,5.0,"rigation system has been working effectively, keeping the grounds well-watered. Seating areas have been consistently clean, with no major issues",4.0,Irrigation system are working,3.0,Irrigation system are working,4.0,Irrigation system are working,4.0,Irrigation system are working,4.0,"rigation system has been working effectively, keeping the grounds well-watered. Seating areas have been consistently clean, with no major issues",4.0,"rigation system has been working effectively, keeping the grounds well-watered. Seating areas have been consistently clean, with no major issues",4.0,"every thing is well organized and all items are stored properly, tools cleaning supplies and equipment are neatly arranged making it ease to acess what is needed.",5.0,Entry and exit points are monitored by security guards to maintain safety.,4.0,"rigation system has been working effectively, keeping the grounds well-watered. Seating areas have been consistently clean, with no major issues",4.0,"rigation system has been working effectively, keeping the grounds well-watered. Seating areas have been consistently clean, with no major issues",5.0,"rigation system has been working effectively, keeping the grounds well-watered. Seating areas have been consistently clean, with no major issues",4.0,"rigation system has been working effectively, keeping the grounds well-watered. Seating areas have been consistently clean, with no major issues",4.0,"Rigation system has been working effectively, keeping the grounds well-watered. seating areas have been consistently clean, with no major issues",4.0,"Rigation system has been working effectively, keeping the grounds well-watered. seating areas have been consistently clean, with no major issues",,,,,,,,,,,,,,,,,,,,
,Ensure that outdoor seating areas and grounds are clean and well-maintained.,4.0,The cleaners are trying to clean.,4.0,The cleaners are trying to clean.,3.0,The cleaners are trying to clean.,3.0,The cleaners are trying to clean.,5.0,"landscaping is in good condition but requires some periodic attention such as treaming overgrown plants, grass patchesand refreshing mulch.",3.0,The cleaners are trying to clean.,4.0,Out door seating areas and grounds are cleaned and  and well-maintained,4.0,"Landscaping is in good condition but requires some periodic attention such as treaming overgrown plants, grass patchesand refreshing mulch.",4.0,The cleaners are trying to clean.,4.0,"Landscaping is in good condition but requires some periodic attention such as treaming overgrown plants, grass patchesand refreshing mulch.",4.0,"Landscaping is in good condition but requires some periodic attention such as treaming overgrown plants, grass patchesand refreshing mulch.",4.0,"landscaping is in good condition but requires some periodic attention such as treaming overgrown plants, grass patchesand refreshing mulch.",5.0,The irrigation systems are operating effectively.,4.0,"Landscaping is in good condition but requires some periodic attention such as treaming overgrown plants, grass patchesand refreshing mulch.",4.0,"Landscaping is in good condition but requires some periodic attention such as treaming overgrown plants, grass patchesand refreshing mulch.",5.0,The irrigation systems are operating effectively.,4.0,"Landscaping is in good condition but requires some periodic attention such as treaming overgrown plants, grass patchesand refreshing mulch.",4.0,"Landscaping is in good condition but requires some periodic attention such as treaming overgrown plants, grass patchesand refreshing mulch.",4.0,Out door seating areas and grounds are cleaned and  and well-maintained,,,,,,,,,,,,,,,,,,,,
 ,,3.928571429,,4.035714286,,4,,4,,4.464285714,,4.428571429,,4.25,,4.464285714,,4.296296296,,4.285714286,,4.428571429,,4.464285714,,4.379310345,,4.464285714,,4.428571429,,4.379310345,,4,,4.214285714,,4.464285714,,,,,,,,,,,,,,#DIV/0!,,,,,,#DIV/0!,
,,,,,,,,,,,,,,,,,,,,,,,,,,,,,,,,,,,,,,,,,,,,,,,,,,,,,,,,,,   ,
,Monthly average,,,0.7976190476,,,,,,0.8571428571,,,,,,0.8737433862,,,,,,,,0.8868226601,,,,,,,,,,,,,,,,0.8528940887,,,,,,,,#DIV/0!,,,,,,,,,,#DIV/0!,
,Checks Done,,,3,,,,,,3,,,,,,4,,,,,,,,4,,,,,,,,,,,,,,,,,,,,,,,,,,,,,,,,,,0,
,,,,,,,,,,,,,,,,,,,,,,,,,,,,,,,,,,,,,,,,,,,,,,,,,,,,,,,,,,,
,,,,,,,,,,,,,,,,,,,,,,,,,,,,,,,,,,,,,,,,,,,,,,,,,,,,,,,,,,,
,,,,,,,,Jan,Feb,Mar,Apr,May,Jun,Jul,Aug,Sep,Oct,Nov,Dec,,,,,,,,,,,,,,,,,,,,,,,,,,,,,,,,,,,,,,,,
,Actual Facilites Checklist Score,,,,,,,0.7976190476,0.8571428571,0.8737433862,0.8868226601,0.8528940887,#DIV/0!,#DIV/0!,#DIV/0!,#DIV/0!,#DIV/0!,#DIV/0!,,,,,,,,,,,,,,,,,,,,,,,,,,,,,,,,,,,,,,,,,
,Target Facilites Checklist Score ,,,,,,,0.9,0.9,0.9,0.9,0.9,0.9,0.9,0.9,0.9,0.9,0.9,0.9,,,,,,,,,,,,,,,,,,,,,,,,,,,,,,,,,,,,,,,,
,,,,,,,,,,,,,,,,,,,,,,,,,,,,,,,,,,,,,,,,,,,,,,,,,,,,,,,,,,,
,,,,,,,,,,,,,,,,,,,,,,,,,,,,,,,,,,,,,,,,,,,,,,,,,,,,,,,,,,,
,,,,,,,,,,,,,,,,,,,,,,,,,,,,,,,,,,,,,,,,,,,,,,,,,,,,,,,,,,,
,,,,,,,,,,,,,,,,,,,,,,,,,,,,,,,,,,,,,,,,,,,,,,,,,,,,,,,,,,,
,,,,,,,,,,,,,,,,,,,,,,,,,,,,,,,,,,,,,,,,,,,,,,,,,,,,,,,,,,,
,,,,,,,,,,,,,,,,,,,,,,,,,,,,,,,,,,,,,,,,,,,,,,,,,,,,,,,,,,,
,,,,,,,,,,,,,,,,,,,,,,,,,,,,,,,,,,,,,,,,,,,,,,,,,,,,,,,,,,,
,,,,,,,,,,,,,,,,,,,,,,,,,,,,,,,,,,,,,,,,,,,,,,,,,,,,,,,,,,,
,,,,,,,,,,,,,,,,,,,,,,,,,,,,,,,,,,,,,,,,,,,,,,,,,,,,,,,,,,,
,,,,,,,,,,,,,,,,,,,,,,,,,,,,,,,,,,,,,,,,,,,,,,,,,,,,,,,,,,,
,,,,,,,,,,,,,,,,,,,,,,,,,,,,,,,,,,,,,,,,,,,,,,,,,,,,,,,,,,,
,,,,,,,,,,,,,,,,,,,,,,,,,,,,,,,,,,,,,,,,,,,,,,,,,,,,,,,,,,,
,,,,,,,,,,,,,,,,,,,,,,,,,,,,,,,,,,,,,,,,,,,,,,,,,,,,,,,,,,,
,,,,,,,,,,,,,,,,,,,,,,,,,,,,,,,,,,,,,,,,,,,,,,,,,,,,,,,,,,,
,,,,,,,,,,,,,,,,,,,,,,,,,,,,,,,,,,,,,,,,,,,,,,,,,,,,,,,,,,,
,,,,,,,,,,,,,,,,,,,,,,,,,,,,,,,,,,,,,,,,,,,,,,,,,,,,,,,,,,,
,,,,,,,,,,,,,,,,,,,,,,,,,,,,,,,,,,,,,,,,,,,,,,,,,,,,,,,,,,,
,,,,,,,,,,,,,,,,,,,,,,,,,,,,,,,,,,,,,,,,,,,,,,,,,,,,,,,,,,,
,,,,,,,,,,,,,,,,,,,,,,,,,,,,,,,,,,,,,,,,,,,,,,,,,,,,,,,,,,,
,,,,,,,,,,,,,,,,,,,,,,,,,,,,,,,,,,,,,,,,,,,,,,,,,,,,,,,,,,,
,,,,,,,,,,,,,,,,,,,,,,,,,,,,,,,,,,,,,,,,,,,,,,,,,,,,,,,,,,,
,ONLY CLEANLINESS (Q1 & Q2,,,,,,,,,,,,,,,,,,,,,,,,,,,,,,,,,,,,,,,,,,,,,,,,,,,,,,,,,,
,Discription,Average ,Percent,,,,,,,,,,,,,,,,,,,,,,,,,,,,,,,,,,,,,,,,,,,,,,,,,,,,,,,,
,Inspect the cleanliness of the playground surfaces.,4.714285714,94.28571429,,,,,,,,,,,,,,,,,,,,,,,,,,,,,,,,,,,,,,,,,,,,,,,,,,,,,,,,
,Check the cleanliness and organization of reception areas.,4.428571429,88.57142857,,,,,,,,,,,,,,,,,,,,,,,,,,,,,,,,,,,,,,,,,,,,,,,,,,,,,,,,
,Check classroom floors for cleanliness and safety hazards.,4.142857143,82.85714286,,,,,,,,,,,,,,,,,,,,,,,,,,,,,,,,,,,,,,,,,,,,,,,,,,,,,,,,
,Inspect restroom facilities for cleanliness and sanitation.,4.071428571,81.42857143,,,,,,,,,,,,,,,,,,,,,,,,,,,,,,,,,,,,,,,,,,,,,,,,,,,,,,,,
,Check the cleanliness and organization of shared spaces such as dining and assembly areas.,4.071428571,81.42857143,,,,,,,,,,,,,,,,,,,,,,,,,,,,,,,,,,,,,,,,,,,,,,,,,,,,,,,,
,Inspect maintenance rooms for cleanliness and organization. eg: ,4.214285714,84.28571429,,,,,,,,,,,,,,,,,,,,,,,,,,,,,,,,,,,,,,,,,,,,,,,,,,,,,,,,
,TOTAL,4.273809524,85.47619048,,,,,,,,,,,,,,,,,,,,,,,,,,,,,,,,,,,,,,,,,,,,,,,,,,,,,,,,
,,,,,,,,,,,,,,,,,,,,,,,,,,,,,,,,,,,,,,,,,,,,,,,,,,,,,,,,,,,
,,,,,,,,,,,,,,,,,,,,,,,,,,,,,,,,,,,,,,,,,,,,,,,,,,,,,,,,,,,
,ONLY CLEANLINESS (Q1 & Q2,,,,,,,,,,,,,,,,,,,,,,,,,,,,,,,,,,,,,,,,,,,,,,,,,,,,,,,,,,
,Discription,Average ,Percent,,,,,,,,,,,,,,,,,,,,,,,,,,,,,,,,,,,,,,,,,,,,,,,,,,,,,,,,
,Inspect security cameras and alarm systems for proper functioning.,4,80,,,,,,,,,,,,,,,,,,,,,,,,,,,,,,,,,,,,,,,,,,,,,,,,,,,,,,,,
,Ensure that all entry and exit points are secure.,4.214285714,84.28571429,,,,,,,,,,,,,,,,,,,,,,,,,,,,,,,,,,,,,,,,,,,,,,,,,,,,,,,,
,Total,,82.14285714,,,,,,,,,,,,,,,,,,,,,,,,,,,,,,,,,,,,,,,,,,,,,,,,,,,,,,,,
,,,,,,,,,,,,,,,,,,,,,,,,,,,,,,,,,,,,,,,,,,,,,,,,,,,,,,,,,,,
,,,,,,,,,,,,,,,,,,,,,,,,,,,,,,,,,,,,,,,,,,,,,,,,,,,,,,,,,,,
,,,,,,,,,,,,,,,,,,,,,,,,,,,,,,,,,,,,,,,,,,,,,,,,,,,,,,,,,,,
BOMA,,JANUARY,,,,,,FEBRUARY,,,,,,,,MARCH,,,,,,,,APRIL,,,,,,,,MAY,,,,,,,,,,JUNE,,,,,,,,JULY,,,,,,,,,
Area,Descriptors,13th - 16th, Comments,19th-23th, Comments,26th-30th, Comments,2rd-6th, Comments,9th-13th, Comments,16th-20th, Comments,23th-27th, Comments,2nd-6th, ,9th-13th, Comments,16th-20th, Comments,23th-27th, Comments,30th-3th, Comments,6th-10th, Comments,13th-17th, Comments,20th-24th, Comments,27th-1st, Comments,4th-8th, Comments,11th-15th, Comments,18th-22nd, Comments,25th-29th, Comments,1st-5th, Comments,8th-12th, Comments,15th-19th, Comments,22nd-26th, Comments,29th-3rd, Comments,6th-10th, Comments,13th-17th, Comments,20th-24th, Comments,27th-31st, Comments
Exterior Areas:,Check the condition of outdoor play equipment for any damage or safety hazards.,4.0,swings at day care need repairment for proper functioning,4.0,seesaw swings at old playground aneed to be repaired and painted,4.0,outdoor play equippment are in safety and  good condition  ,4.0,Swings at day care need repairment for proper functioning,4.0,Swing at daycare need maintenance,4.0,Swing at daycare need maintenance for good performance,4.0,Swing at daycare need maintenance for good performance,4.0,Swing at daycare need maintenance for good performance,4.0,seesaw swings at old playground aneed to be repaired and painted,4.0,outdoor play equippment are in safety and  good condition  ,4.0,Swing at daycare need maintenance for good performance,4.0,Swing at daycare need maintenance,3.0,"The areas are generally clean, but additional cleaning equipment is required.",4.0,Swing at daycare need maintenance for good performance,4.0,We have to add more swing at day care,4.0,We have to add more swing at day care,4.0,We have to add more swing at day care,4.0,Swing at daycare need maintenance for good performance,4.0,Swing at daycare need maintenance for good performance,,,,,,,,,,,,,,,,,,,,
,Inspect the cleanliness of the playground surfaces.,4.0,Cleaners should pass through their areas all the time to ensure all time cleanlines.,4.0,An inspection is underway,4.0,Cleaners should pass through their areas all the time to ensure all time cleanlines.,4.0,Cleaners should pass through their areas all the time to ensure all time cleanlines.,5.0,Areas are inspected and cleaned by cleaners effectively,5.0,Areas are cleaned but more cleanlines tools is needed,5.0,Areas are cleaned but more cleanlines tools is needed,5.0,Areas are inspected and cleaned by cleaners effectively,5.0,Cleaners should pass through their areas all the time to ensure all time cleanlines.,4.0,An inspection is underway,5.0,Cleaners should pass through their areas all the time to ensure all time cleanlines.,5.0,Cleaners should pass through their areas all the time to ensure all time cleanlines.,3.0,More rubble is needed to improve the car parking area.,4.0,Cleaners should pass through their areas all the time to ensure all time cleanlines.,4.0,Areas are inspected and cleaned by cleaners effectively,4.0,Areas are inspected and cleaned by cleaners effectively,4.0,Areas are inspected and cleaned by cleaners effectively,4.0,Areas are inspected and cleaned by cleaners effectively,4.0,Areas are cleaned but more cleanlines tools is needed,,,,,,,,,,,,,,,,,,,,
,Ensure that pathways are clear of debris and obstacles.,4.0,Rubble is required to cover the hollow parts like areas around water tapes,4.0,Pathways are clear of debris and obstacles but we need more rubble to cover the hollow parts at lower primary class and upper primary classes,4.0,Rubble is required to cover the hollow parts like areas around water tapes,4.0,Rubble is required to cover the hollow parts like areas around water tapes,5.0,Rubble is needed to cover at car parking,5.0,Rubble is needed to cover at car parking,5.0,Outdoor seating/grounds are clean and is in good condition,5.0,Outdoor seating/grounds are clean and is in good condition,5.0,Rubble is required to cover the hollow parts like areas around water tapes,4.0,Pathways are clear of debris and obstacles but we need more rubble to cover the hollow parts at lower primary class and upper primary classes,4.0,Rubble is required to cover the hollow parts like areas around water tapes,4.0,Rubble is required to cover the hollow parts like areas around water tapes,3.0,Outdoor seating and surrounding grounds are clean and well maintained.,3.0,Rubble is required to cover the hollow parts like areas around water tapes,5.0,Rubble is required to cover the hollow parts like areas around water tapes,4.0,Rubble is required to cover the hollow parts like ares around water tapes,4.0,Rubble is required to cover the hollow parts like ares around water tapes,4.0,Outdoor seating/grounds are clean and is in good condition,3.0,Outdoor seating/grounds are clean and is in good condition,,,,,,,,,,,,,,,,,,,,
,Verify that outdoor seating areas/grounds  are clean and in good condition.,4.0,We  need to add more sanitary facilities example moppers and big dust bin  in seating /ground areas.,4.0,Outdoor seating areas/grounds are clean and in good condition,4.0,Ontime reporting of cleaners and availability of sanitary facilities help the seating areas/grounds are clean and in good condition,4.0,We  need to add more sanitary facilities example moppers and big dust bin  in seating /ground areas.,5.0,Outdoor seating/grounds are clean and is in good condition,5.0,Outdoor seating/grounds are clean and is in good condition,5.0,Outdoor seating/grounds are clean and is in good condition,5.0,Outdoor seating/grounds are clean and is in good condition,5.0,We  need to add more sanitary facilities example moppers and big dust bin  in seating /ground areas.,5.0,Outdoor seating areas/grounds are clean and in good condition,4.0,Ontime reporting of cleaners and availability of sanitary facilities help the seating areas/grounds are clean and in good condition,5.0,We  need to add more sanitary facilities example moppers and big dust bin  in seating /ground areas.,4.0,Door knob repairs should be treated as an urgent maintenance matter.,4.0,Outdoor seating areas/grounds are clean and in good condition,4.0,Outdoor seating areas/grounds are clean and in good condition,4.0,Outdoor seating areas/grounds are clean and in good condition,4.0,Outdoor seating areas/grounds are clean and in good condition,4.0,Outdoor seating/grounds are clean and is in good condition,3.0,Outdoor seating/grounds are clean and is in good condition,,,,,,,,,,,,,,,,,,,,
Building Exterior:,"Inspect the condition of external walls, windows, and doors for any signs of damage or wear.",4.0,There are two windows needs locks at girls dormitory,4.0,teachers and student care takers should teach and emphasize the student the important of taking care of schools properties,4.0,Windows and doors at boys dormitory need maintenance,4.0,Attention to teachers and aunties is more than i need,5.0,Academic office wall it need to be painted,5.0,Maintenance of door knob should be taken as urgent issues,5.0,Maintenance of door knob should be taken as urgent issues especial in all classes,5.0,Maintenance of wall at receptionist office is needed also grade 2 Mikumi we have do maintenance,4.0,teachers and student care takers should teach and emphasize the student the important of taking care of schools properties,4.0,Windows and doors at boys dormitory need maintenance,4.0,Attention to teachers and aunties is more than i need,5.0,"The toilet doors in both the girls' and boys' dormitories need repairs, and waterproof curtains are also required",5.0,"Roofs and ceiling boards should be inspected regularly; for example, the lower primary computer lab ceiling board at the back requires maintenance.",5.0,"The toilet doors in both the girls' and boys' dormitories need repairs, and waterproof curtains are also required",5.0,"The toilet doors in both the girls' and boys' dormitories need repairs, and waterproof curtains are also required",4.0,"The toilet doors in both the girls' and boys' dormitories need repairs, and waterproof curtains are also required",4.0,"The toilet doors in both the girls' and boys' dormitories need repairs, and waterproof curtains are also required",4.0,Maintenance of wall at receptionist office is needed also grade 2 Mikumi we have do maintenance,3.0,Maintenance of door knob should be taken as urgent issues especial in all classes,,,,,,,,,,,,,,,,,,,,
,Check for any leaks or damage to the roof and ceiling,3.0,"Ceiling boards need to be painted, as many of them have already been installed",3.0,Well checked,3.0,"Ceiling boards need to be painted, as many of them have already been installed",3.0,"Ceiling boards need to be painted, as many of them have already been installed",5.0,roof and ceiling boards is well checked for example we have to do maintenance at lower primary computer lab ceiling board at the back,5.0,roof and ceiling boards is well checked for example we have to do maintenance at lower primary computer lab ceiling board at the back,5.0,roof and ceiling boards is well checked for example we have to do maintenance at lower primary computer lab ceiling board at the back,5.0,roof and ceiling boards is well checked for example we have to do maintenance at lower primary computer lab ceiling board at the back,5.0,Ceiling board is well checked and we have arleady done some repairment to the broken ceiling example at girls domitory,4.0,roof and ceiling boards is well checked for example we have to do maintenance at lower primary computer lab ceiling board at the back,5.0,Ceiling board is well checked and we have arleady done some repairment to the broken ceiling example at girls domitory,4.0,roof and ceiling boards is well checked for example we have to do maintenance at lower primary computer lab ceiling board at the back,5.0,Proper lighting should be added to areas with insufficient light.,5.0,roof and ceiling boards is well checked for example we have to do maintenance at lower primary computer lab ceiling board at the back,5.0,roof and ceiling boards is well checked for example we have to do maintenance at lower primary computer lab ceiling board at the back,4.0,roof and ceiling boards is well checked for example we have to do maintenance at lower primary computer lab ceiling board at the back,4.0,roof and ceiling boards is well checked for example we have to do maintenance at lower primary computer lab ceiling board at the back,5.0,roof and ceiling boards is well checked for example we have to do maintenance at lower primary computer lab ceiling board at the back,4.0,roof and ceiling boards is well checked for example we have to do maintenance at lower primary computer lab ceiling board at the back,,,,,,,,,,,,,,,,,,,,
,Ensure that outdoor lighting is functional and provides adequate illumination.,3.0,"Most of the bulbs in classrooms and dormitories have been installed, but they require regular maintenance to ensure durability.",3.0,Let's make sure we put lights in places that don't have lights at all,3.0,"Most of the bulbs in classrooms and dormitories have been installed, but they require regular maintenance to ensure durability.",3.0,"Most of the bulbs in classrooms and dormitories have been installed, but they require regular maintenance to ensure durability.",4.0,Addition of more lights is needed especial back of music room and science room,4.0,Light is very important to tose areas that there is little light,5.0,Addition of more lights is needed especial back of music room and science room,4.0,Outdoor seating/grounds are clean and is in good condition,5.0,Addition of more lights is needed especial back of music room and science room,4.0,Outdoor seating/grounds are clean and is in good condition,5.0,Addition of more lights is needed especial back of music room and science room,4.0,,3.0,Security guards should remain vigilant and promptly report incidents for further action.,3.0,Outdoor seating/grounds are clean and is in good condition,5.0,Outdoor seating/grounds are clean and is in good condition,4.0,Outdoor seating/grounds are clean and is in good condition,4.0,Outdoor seating/grounds are clean and is in good condition,5.0,Outdoor seating/grounds are clean and is in good condition,4.0,Addition of more lights is needed especial back of music room and science room,,,,,,,,,,,,,,,,,,,,
Entrances and Reception:,Verify that entrance doors are functioning properly and secure when closed.,3.0,Entrace doors are funtioning properly and secured,3.0,Security guard they should take care entrance doors and to make sure is well closed,3.0,Entrace door are well checked,3.0,Entrace doors are funtioning properly and secured,4.0,Entrace doors are well inspected,5.0,Security guard they have to insure that they working hard and report any incidents for further solving,5.0,Entrace doors are well inspected,5.0,Security guard they have to insure that they working hard and report any incidents for further solving,5.0,Entrace doors are well inspected,5.0,Security guard they have to insure that they working hard and report any incidents for further solving        ,5.0,Entrace doors are well inspected,5.0,,3.0,Cleanliness standards are being monitored effectively.,3.0,Security guard they have to insure that they working hard and report any incidents for further solving        ,5.0,Security guard they have to insure that they working hard and report any incidents for further solving        ,4.0,Security guard they have to insure that they working hard and report any incidents for further solving        ,4.0,Security guard they have to insure that they working hard and report any incidents for further solving        ,4.0,Security guard they have to insure that they working hard and report any incidents for further solving,4.0,Entrace doors are well inspected,,,,,,,,,,,,,,,,,,,,
,Check the cleanliness and organization of reception areas.,4.0,the reception area is well orgarnize and clean which maintain a welcoming atmosphere for visitors.,4.0,Cleanliness and organization of reception areas are well cleaned.,3.0,The reception area is well orgarnize and clean which maintain a welcoming atmosphere for visitors.,3.0,The reception area is well orgarnize and clean which maintain a welcoming atmosphere for visitors.,5.0,Cleanliness and organization of reception areas is checked and it is cleaned properly,5.0,Cleanliness is checked properly,5.0,Cleanliness is checked properly,5.0,Cleanliness is checked properly,5.0,Cleanliness is checked properly,5.0,Cleanliness and organization of reception areas is checked and it is cleaned properly,5.0,Cleanliness is checked properly,5.0,,4.0,Visitors are able to identify locations easily through visible signage.,4.0,Cleanliness and organization of reception areas is checked and it is cleaned properly,5.0,Security guard they have to insure that they working hard and report any incidents for further solving        ,4.0,Security guard they have to insure that they working hard and report any incidents for further solving        ,4.0,Security guard they have to insure that they working hard and report any incidents for further solving        ,5.0,Cleanliness is checked properly,3.0,Cleanliness is checked properly,,,,,,,,,,,,,,,,,,,,
,Ensure that signage is clear and visible for visitors.,4.0,All the signs announcing the school are visible .,4.0,Signage is clear and visible for visitors,4.0,All the signs announcing the school are visible .,4.0,All the signs announcing the school are visible .,5.0,Signage is clear and visible for vistors,5.0,Vistors there able to see signage,5.0,Signage is clear and visible for vistors,5.0,Vistors there able to see signage        ,,Signage is clear and visible for vistors,5.0,Vistors there able to see signage,5.0,Signage is clear and visible for vistors,5.0,,4.0,Window maintenance should be prioritized and addressed promptly.,4.0,Vistors there able to see signage,4.0,Vistors there able to see signage,4.0,Vistors there able to see signage,4.0,Vistors there able to see signage,5.0,Vistors there able to see signage        ,4.0,Signage is clear and visible for vistors,,,,,,,,,,,,,,,,,,,,
Classrooms:,"Inspect classroom doors, windows, and furniture for any damage or maintenance issues.",4.0,"Many dormitory doors need repairs, as most of their wooden parts have become worn out.",4.0,"Classroom doors, windows and furniture like in classroom teachers must insist students to take care of it",4.0,"Many dormitory doors need repairs, as most of their wooden parts have become worn out.",4.0,"Many dormitory doors need repairs, as most of their wooden parts have become worn out.",4.0,Ontime maintenance of windows at boys dormitory is needed,4.0,Maintenance of window should be taken as serious problem and solution should be taken,5.0,Ontime maintenance of windows at boys dormitory is needed,4.0,"Classroom doors, windows and furniture like in classroom teachers must insist students to take care of it",4.0,Ontime maintenance of windows at boys dormitory is needed,4.0,Ontime maintenance of windows at boys dormitory is needed,4.0,Ontime maintenance of windows at boys dormitory is needed,5.0,,4.0,Floors in classrooms and offices need repairs to improve their appearance.,3.0,"Classroom doors, windows and furniture like in classroom teachers must insist students to take care of it",4.0,Vistors there able to see signage,3.0,Vistors there able to see signage,3.0,Vistors there able to see signage,4.0,"Classroom doors, windows and furniture like in classroom teachers must insist students to take care of it",3.0,Ontime maintenance of windows at boys dormitory is needed,,,,,,,,,,,,,,,,,,,,
,Check classroom floors for cleanliness and safety hazards.,3.0,Most of the floors in the classrooms are cleaned ,3.0,Walk through of cleaners is needed to ensure all time cleanlines,4.0,Most of the floors in the classrooms are cleaned ,4.0,Most of the floors in the classrooms are cleaned ,5.0,"Maintenance of floor grade 4A,Grade 3 and finance office is needed",5.0,We have to repair floor in classes and offices so as to look good,5.0,"Maintenance of floor grade 4A,Grade 3 and finance office is needed",5.0,Walk through of cleaners is needed to ensure all time cleanlines,4.0,"Maintenance of floor grade 4a,grade 3 and finance office is needed",4.0,"Maintenance of floor grade 4a,grade 3 and finance office is needed",5.0,"Maintenance of floor grade 4A,Grade 3 and finance office is needed",4.0,,4.0,Additional trash bins are needed along the hallways.,4.0,Walk through of cleaners is needed to ensure all time cleanlines,3.0,Vistors there able to see signage,4.0,Vistors there able to see signage,3.0,Vistors there able to see signage,4.0,Walk through of cleaners is needed to ensure all time cleanlines,3.0,"Maintenance of floor grade 4A,Grade 3 and finance office is needed",,,,,,,,,,,,,,,,,,,,
,Verify that trash bins are emptied regularly and recycling procedures are followed.,4.0,The cleaners are working hard to remove dirty from the trash,4.0,More trash bin is needed to hallways,4.0,The cleaners are working hard to remove dirty from the trash,4.0,More trash bin is needed to hallways,4.0,The cleaners are working hard to remove dirty from the trash,4.0,More trash bin is needed to hallways,4.0,The cleaners are working hard to remove dirty from the trash,4.0,More trash bin is needed to hallways,4.0,The cleaners are working hard to remove dirty from the trash,4.0,The cleaners are working hard to remove dirty from the trash,4.0,"We have to add big trash bin at DH,to the gate and one at upper classes",5.0,,3.0,Hallways are kept clean and free from obstructions.,3.0,More trash bin is needed to hallways,4.0,Vistors there able to see signage,4.0,Vistors there able to see signage,4.0,Vistors there able to see signage,4.0,More trash bin is needed to hallways,4.0,Vistors there able to see signage,,,,,,,,,,,,,,,,,,,,
Hallways and Corridors:,Verify that hallways are clear of clutter and obstruction.,4.0,The roads are free of congestion and obstacles,4.0,The roads are free of congestion and obstacles,4.0,The roads are free of congestion and obstacles,4.0,The roads are free of congestion and obstacles,5.0,hallways are cleaned no clutter and no obstruction,5.0,Hallways is cleaned and there is no any obstruction,5.0,hallways are cleaned no clutter and no obstruction,5.0,The roads are free of congestion and obstacles,5.0,The roads are free of congestion and obstacles,5.0,The roads are free of congestion and obstacles,5.0,The roads are free of congestion and obstacles,5.0,,5.0,Wall paint and colors need restoration in certain areas.,5.0,hallways are cleaned no clutter and no obstruction,5.0,Vistors there able to see signage,4.0,Vistors there able to see signage,4.0,Vistors there able to see signage,4.0,The roads are free of congestion and obstacles,4.0,hallways are cleaned no clutter and no obstruction,,,,,,,,,,,,,,,,,,,,
,"Check for any damage to walls, ceilings, or flooring.",4.0,"Some walls need to be painted, such as the academic office, the boys' dormitory, and the exterior of the lower primary receptionist's office.",4.0,"Some walls need to be painted, such as the academic office, the boys' dormitory, and the exterior of the lower primary receptionist's office.",4.0,"Some walls need to be painted, such as the academic office, the boys' dormitory, and the exterior of the lower primary receptionist's office.",4.0,"Some walls need to be painted, such as the academic office, the boys' dormitory, and the exterior of the lower primary receptionist's office.",4.0,Maintenance of walls at grade 2 Mikumi is needed,4.0,We have to repair the colors on walls,5.0,Maintenance of walls at grade 2 Mikumi is needed,4.0,"Some walls need to be painted, such as the academic office, the boys' dormitory, and the exterior of the lower primary receptionist's office.",4.0,Well checked,4.0,"Some walls need to be painted, such as the academic office, the boys' dormitory, and the exterior of the lower primary receptionist's office.",4.0,"Some walls need to be painted, such as the academic office, the boys' dormitory, and the exterior of the lower primary receptionist's office.",4.0,,5.0,Hygiene facilities in the toilets should be improved by adding items such as dispensers.,5.0,Well checked,4.0,Well checked,4.0,well checked,4.0,well checked,4.0,"Some walls need to be painted, such as the academic office, the boys' dormitory, and the exterior of the lower primary receptionist's office.",4.0,Maintenance of walls at grade 2 Mikumi is needed,,,,,,,,,,,,,,,,,,,,
Restrooms:,Inspect restroom facilities for cleanliness and sanitation.,4.0,Toilet facilities for hygiene needs to be added exampl toilet dispensers,4.0,Restroom facilities for cleanliness and sanitation is well checked,4.0,Toilet facilities for hygiene needs to be added exampl toilet dispensers,4.0,Toilet facilities for hygiene needs to be added exampl toilet dispensers,4.0,"Toilets are in good working  condition, There is a fresh clean and scent in all areas and restrooms are well maintained also the wast bins were emptied and overall hygien have been met. the restrooms are sanitary and ready for use.",4.0,Toilet facilities for hygiene needs to be added exampl toilet dispensers,4.0,Well checked,4.0,Toilet facilities for hygiene needs to be added exampl toilet dispensers,4.0,Restroom facilities for cleanliness and sanitation is well checked,4.0,Toilet facilities for hygiene needs to be added exampl toilet dispensers,4.0,Toilet facilities for hygiene needs to be added exampl toilet dispensers,5.0,,3.0,Pipes in the upper primary boys’ toilets require maintenance.,3.0,"Toilets are in good working  condition, There is a fresh clean and scent in all areas and restrooms are well maintained also the wast bins were emptied and overall hygien have been met. the restrooms are sanitary and ready for use.",4.0,Toilet facilities for hygiene needs to be added exampl toilet dispensers,4.0,Toilet facilities for hygiene needs to be added exampl toilet dispensers,4.0,Toilet facilities for hygiene needs to be added exampl toilet dispensers,3.0,Toilet facilities for hygiene needs to be added exampl toilet dispensers,4.0,Well checked,,,,,,,,,,,,,,,,,,,,
,Check for any leaks or malfunctions in plumbing fixtures.,3.0,Pipes at upper primary boys toilet need maintenace,3.0,No any leaks or malfunction,4.0,Pipes at upper primary boys toilet need maintenace,4.0,Pipes at upper primary boys toilet need maintenace,4.0,"The plumbing problem is being worked on, the technicians are working hard and it will decrease to the maximum",4.0,Pipes at upper primary boys toilet need maintenace,4.0,"The plumbing problem is being worked on, the technicians are working hard and it will decrease to the maximum",4.0,Pipes at upper primary boys toilet need maintenace,3.0,No any leaks or malfunction,4.0,Pipes at upper primary boys toilet need maintenace,4.0,Pipes at upper primary boys toilet need maintenace,5.0,,3.0,"Soap, water buckets, toilet cups, and toilet paper are adequately available.",3.0,No any leaks or malfunction,4.0,No any leaks or malfunction,4.0,No any leaks or malfunction,4.0,No any leaks or malfunction,3.0,Pipes at upper primary boys toilet need maintenace,4.0,"The plumbing problem is being worked on, the technicians are working hard and it will decrease to the maximum",,,,,,,,,,,,,,,,,,,,
,"Ensure that adequate supplies such as soap, water buckets, toilet cups and toilet paper are available.",5.0,"Soap,water buckets,toilet  cups and toilet paper are available",5.0,"Soap,water buckets,toilet  cups and toilet paper are available",4.0,"Soap,water buckets,toilet  cups and toilet paper are available",4.0,"Soap,water buckets,toilet  cups and toilet paper are available",4.0,"The cleanliness and sanitation are up to standard and no immediate issues were found . all supplies include soaps toilet paper, water , dust bins and toilet cleaning equipments are well stocked. ",4.0,"Soap,water buckets,toilet  cups and toilet paper are available",4.0,"The cleanliness and sanitation are up to standard and no immediate issues were found . all supplies include soaps toilet paper, water , dust bins and toilet cleaning equipments are well stocked. ",4.0,"Soap,water buckets,toilet  cups and toilet paper are available",4.0,"Soap,water buckets,toilet  cups and toilet paper are available",4.0,"Soap,water buckets,toilet  cups and toilet paper are available",4.0,"Soap,water buckets,toilet  cups and toilet paper are available",4.0,,3.0,"Cleaners are facing challenges due to limited cleaning equipment, such as mops and soft brooms.",3.0,"The cleanliness and sanitation are up to standard and no immediate issues were found . all supplies include soaps toilet paper, water , dust bins and toilet cleaning equipments are well stocked. ",5.0,"Soap,water buckets,toilet  cups and toilet paper are available",4.0,"Soap,water buckets,toilet  cups and toilet paper are available",5.0,"Soap,water buckets,toilet  cups and toilet paper are available",4.0,"Soap,water buckets,toilet  cups and toilet paper are available",3.0,"The cleanliness and sanitation are up to standard and no immediate issues were found . all supplies include soaps toilet paper, water , dust bins and toilet cleaning equipments are well stocked. ",,,,,,,,,,,,,,,,,,,,
Common Areas:,Check the cleanliness and organization of shared spaces such as dining and assembly areas.,4.0,"Cleaners are struggling  to clean , the  challenge is that there are few  cleaning equipment moppers and soft bloom",5.0,We have to add a lawn mower,4.0,"Cleaners are struggling  to clean , the  challenge is that there are few  cleaning equipment moppers and soft bloom",4.0,"Cleaners are struggling  to clean , the  challenge is that there are few  cleaning equipment moppers and soft bloom",4.0,both dining and assembly areas are well maintained. The spaces are clean and well organized. ,4.0,"Cleaners are struggling  to clean , the  challenge is that there are few  cleaning equipment moppers and soft bloom",4.0,both dining and assembly areas are well maintained. The spaces are clean and well organized. ,4.0,Both dining and assembly areas are well maintained. the spaces are clean and well organized. ,4.0,both dining and assembly areas are well maintained. The spaces are clean and well organized. ,4.0,Both dining and assembly areas are well maintained. the spaces are clean and well organized. ,4.0,both dining and assembly areas are well maintained. The spaces are clean and well organized. ,4.0,,4.0,Seating areas show no visible damage or signs of wear.,4.0,Both dining and assembly areas are well maintained. the spaces are clean and well organized. ,5.0,both dining and assembly areas are well maintained. The spaces are clean and well organized. ,4.0,both dining and assembly areas are well maintained. The spaces are clean and well organized. ,4.0,both dining and assembly areas are well maintained. The spaces are clean and well organized. ,5.0,Both dining and assembly areas are well maintained. the spaces are clean and well organized. ,4.0,both dining and assembly areas are well maintained. The spaces are clean and well organized. ,,,,,,,,,,,,,,,,,,,,
,Inspect seating areas for any damage or wear.,5.0,No damage or wear at seating areas,5.0,Trash bins are emptied regularly and recycling procedures are followed,5.0,Trash bins are emptied regularly and recycling procedures are followed,5.0,The seating areas are in good condition though few chairs are showing some wears.,5.0,Trash bins are emptied regularly and recycling procedures are followed,5.0,No damage or wear at seating areas,5.0,Trash bins were emptied as needed and recycling procedures are followed.,5.0,Trash bins were emptied as needed and recycling procedures are followed.,5.0,The seating areas are in good condition though few chairs are showing some wears.,5.0,Trash bins were emptied as needed and recycling procedures are followed.,5.0,Trash bins were emptied as needed and recycling procedures are followed.,5.0,,4.0,"Trash bins are emptied regularly, and recycling procedures are being followed.",4.0,The seating areas are in good condition though few chairs are showing some wears.        ,5.0,The seating areas are in good condition though few chairs are showing some wears.,4.0,The seating areas are in good condition though few chairs are showing some wears.,3.0,The seating areas are in good condition though few chairs are showing some wears.,4.0,The seating areas are good and cleaned,4.0,Trash bins were emptied as needed and recycling procedures are followed.,,,,,,,,,,,,,,,,,,,,
,Verify that trash bins are emptied regularly and recycling procedures are followed.,4.0,Cleaners are working hard to emptied trash bin and they followed recycling procedures ,4.0,Trash bins are emptied regularly and recycling procedures are followed,4.0,The seating areas are good and cleaned,5.0,Cleaners are working hard to emptied trash bin and they followed recycling procedures ,5.0,Trash bins were emptied as needed and recycling procedures are followed.,5.0,Trash bins were emptied as needed and recycling procedures are followed.,5.0,Trash bins were emptied as needed and recycling procedures are followed.,5.0,Cleaners are working hard to emptied trash bin and they followed recycling procedures ,4.0,Trash bins are emptied regularly and recycling procedures are followed,4.0,The seating areas are good and cleaned,5.0,Cleaners are working hard to emptied trash bin and they followed recycling procedures ,5.0,,4.0,"Rooms are properly arranged, cleaned, and maintained in good order.",4.0,The seating areas are good and cleaned,5.0,The seating areas are good and cleaned,4.0,The seating areas are good and cleaned,3.0,The seating areas are good and cleaned,4.0,Cleaners are working hard to emptied trash bin and they followed recycling procedures ,4.0,Trash bins were emptied as needed and recycling procedures are followed.,,,,,,,,,,,,,,,,,,,,
Maintenance Rooms and Storage Areas:,Inspect maintenance rooms for cleanliness and organization. eg: ,4.0,"The rooms are in order, they are made and cleaned.",4.0,"The rooms are in order, they are made and cleaned.",4.0,"The rooms are in order, they are made and cleaned.",4.0,"The rooms are in order, they are made and cleaned.",4.0,Rooms are well maintained and organized meeting safety and efficient standards.,4.0,"The rooms are in order, they are made and cleaned.",4.0,Rooms are well maintained and organized meeting safety and efficient standards.,4.0,Rooms are well maintained and organized meeting safety and efficient standards.,4.0,Rooms are well maintained and organized meeting safety and efficient standards.,5.0,Rooms are well maintained and organized meeting safety and efficient standards.,5.0,Rooms are well maintained and organized meeting safety and efficient standards.,5.0,Rooms are well maintained and organized meeting safety and efficient standards.,3.0,"All items are neatly organized and stored correctly, making cleaning supplies, tools, and equipment easy to access.",3.0,Rooms are well maintained and organized meeting safety and efficient standards.,5.0,The seating areas are good and cleaned,4.0,The seating areas are good and cleaned,5.0,The seating areas are good and cleaned,4.0,The seating areas are good and cleaned,4.0,Rooms are well maintained and organized meeting safety and efficient standards.,,,,,,,,,,,,,,,,,,,,
,"Check the inventory of supplies and equipment for cleaning, gardening, farm",4.0,"Conducted a review of the inventory for cleaning, gardening, and farm equipment. Most essential items are available, but a few tools require replenishment or replacement to ensure smooth operations.",4.0,"Conducted a review of the inventory for cleaning, gardening, and farm equipment. most essential items are available, but a few tools require replenishment or replacement to ensure smooth operations.",4.0,"Conducted a review of the inventory for cleaning, gardening, and farm equipment. most essential items are available, but a few tools require replenishment or replacement to ensure smooth operations.",4.0,"Conducted a review of the inventory for cleaning, gardening, and farm equipment. most essential items are available, but a few tools require replenishment or replacement to ensure smooth operations.",4.0,"every thing is well organized and all items are stored properly, tools cleaning supplies and equipment are neatly arranged making it ease to acess what is needed.",4.0,"every thing is well organized and all items are stored properly, tools cleaning supplies and equipment are neatly arranged making it ease to acess what is needed.",4.0,"Conducted a review of the inventory for cleaning, gardening, and farm equipment. most essential items are available, but a few tools require replenishment or replacement to ensure smooth operations.",4.0,"every thing is well organized and all items are stored properly, tools cleaning supplies and equipment are neatly arranged making it ease to acess what is needed.",4.0,"every thing is well organized and all items are stored properly, tools cleaning supplies and equipment are neatly arranged making it ease to acess what is needed.",4.0,,4.0,"every thing is well organized and all items are stored properly, tools cleaning supplies and equipment are neatly arranged making it ease to acess what is needed.	4",4.0,"every thing is well organized and all items are stored properly, tools cleaning supplies and equipment are neatly arranged making it ease to acess what is needed.",3.0,Hazardous materials are stored securely and safely.,3.0,"every thing is well organized and all items are stored properly, tools cleaning supplies and equipment are neatly arranged making it ease to acess what is needed.",4.0,"every thing is well organized and all items are stored properly, tools cleaning supplies and equipment are neatly arranged making it ease to acess what is needed.",3.0,"every thing is well organized and all items are stored properly, tools cleaning supplies and equipment are neatly arranged making it ease to acess what is needed.",4.0,"every thing is well organized and all items are stored properly, tools cleaning supplies and equipment are neatly arranged making it ease to acess what is needed.",5.0,"every thing is well organized and all items are stored properly, tools cleaning supplies and equipment are neatly arranged making it ease to acess what is needed.",4.0,"Every thing is well organized and all items are stored properly, tools cleaning supplies and equipment are neatly arranged making it ease to acess what is needed.",,,,,,,,,,,,,,,,,,,,
,Ensure that hazardous materials are stored safely and labeled properly.,4.0,Hazardous materials are stored safely.,4.0,Hazardous materials are stored safely.,4.0,Hazardous materials are stored safely.,5.0,Hazardous materials are stored safely.,5.0,every thing is well maintained and securely stored. The hazarde materials are labeled and safely organized,5.0,Hazardous materials are stored safely.,5.0,every thing is well maintained and securely stored. The hazarde materials are labeled and safely organized,5.0,Every thing is well maintained and securely stored. the hazarde materials are labeled and safely organized,4.0,Every thing is well maintained and securely stored. the hazarde materials are labeled and safely organized,5.0,Every thing is well maintained and securely stored. the hazarde materials are labeled and safely organized,5.0,every thing is well maintained and securely stored. The hazarde materials are labeled and safely organized,4.0,every thing is well maintained and securely stored. The hazarde materials are labeled and safely organized,4.0,Surveillance cameras are functioning properly.,4.0,Every thing is well maintained and securely stored. the hazarde materials are labeled and safely organized,5.0,"every thing is well organized and all items are stored properly, tools cleaning supplies and equipment are neatly arranged making it ease to acess what is needed.",4.0,"every thing is well organized and all items are stored properly, tools cleaning supplies and equipment are neatly arranged making it ease to acess what is needed.",3.0,"every thing is well organized and all items are stored properly, tools cleaning supplies and equipment are neatly arranged making it ease to acess what is needed.",4.0,"Every thing is well organized and all items are stored properly, tools cleaning supplies and equipment are neatly arranged making it ease to acess what is needed.",4.0,every thing is well maintained and securely stored. The hazarde materials are labeled and safely organized,,,,,,,,,,,,,,,,,,,,
Safety and Security:,Inspect security cameras and alarm systems for proper functioning.,4.0,Cameras are working,4.0,Cameras are working,4.0,Cameras are working,5.0,Cameras are working,4.0,all security camere=as have remain operational providing excellent coverage of key areas. alarm system have been tested requlary  and is functioning correctly.,5.0,Cameras are working,4.0,Cameras are working,4.0,Cameras are working,4.0,Cameras are working,4.0,Cameras are working,4.0,Cameras are working,3.0,,4.0,Entry and exit points are monitored by security guards to maintain safety.,4.0,Cameras are working,3.0,cameras and alam system are working,4.0,cameras and alam system are working,4.0,cameras and alam system are working,5.0,Cameras and alam system are working,4.0,Cameras and alam system are working,,,,,,,,,,,,,,,,,,,,
,Ensure that all entry and exit points are secure.,4.0,The exit and entry points are considered as security guards are there to ensure safety.,4.0,The exit and entry points are considered as security guards are there to ensure safety.,4.0,The exit and entry points are considered as security guards are there to ensure safety.,4.0,The exit and entry points are considered as security guards are there to ensure safety.,4.0,no security concern issues have been found,4.0,The exit and entry points are considered as security guards are there to ensure safety.,4.0,The exit and entry points are considered as security guards are there to ensure safety.,4.0,The exit and entry points are considered as security guards are there to ensure safety.,4.0,The exit and entry points are considered as security guards are there to ensure safety.,4.0,The exit and entry points are considered as security guards are there to ensure safety.,4.0,The exit and entry points are considered as security guards are there to ensure safety.,4.0,,4.0,The irrigation systems are operating effectively.,4.0,no security concern issues have been found,4.0,no security concern issues have been found,4.0,no security concern issues have been found,4.0,no security concern issues have been found,5.0,No security concern issues have been found,4.0,The exit and entry points are considered as security guards are there to ensure safety.,,,,,,,,,,,,,,,,,,,,
Grounds and Landscaping,,4.0,"every thing is well organized and all items are stored properly, tools cleaning supplies and equipment are neatly arranged making it ease to acess what is needed.",4.0,"Every thing is well organized and all items are stored properly, tools cleaning supplies and equipment are neatly arranged making it ease to acess what is needed.",4.0,"Every thing is well organized and all items are stored properly, tools cleaning supplies and equipment are neatly arranged making it ease to acess what is needed.",4.0,"Every thing is well organized and all items are stored properly, tools cleaning supplies and equipment are neatly arranged making it ease to acess what is needed.",4.0,"every thing is well organized and all items are stored properly, tools cleaning supplies and equipment are neatly arranged making it ease to acess what is needed.",4.0,,4.0,,4.0,,4.0,,4.0,,4.0,,4.0,,4.0,The cleaning staff are making consistent efforts to maintain cleanliness.,4.0,"every thing is well organized and all items are stored properly, tools cleaning supplies and equipment are neatly arranged making it ease to acess what is needed.",4.0,"every thing is well organized and all items are stored properly, tools cleaning supplies and equipment are neatly arranged making it ease to acess what is needed.",4.0,"every thing is well organized and all items are stored properly, tools cleaning supplies and equipment are neatly arranged making it ease to acess what is needed.",4.0,"every thing is well organized and all items are stored properly, tools cleaning supplies and equipment are neatly arranged making it ease to acess what is needed.",4.0,"every thing is well organized and all items are stored properly, tools cleaning supplies and equipment are neatly arranged making it ease to acess what is needed.",4.0,"every thing is well organized and all items are stored properly, tools cleaning supplies and equipment are neatly arranged making it ease to acess what is needed.",,,,,,,,,,,,,,,,,,,,
,Check irrigation systems for proper functioning.,4.0,Irrigation system are working,4.0,Irrigation system are working,4.0,Irrigation system are working,4.0,Irrigation system are working,4.0,"rigation system has been working effectively, keeping the grounds well-watered. Seating areas have been consistently clean, with no major issues",4.0,Irrigation system are working,4.0,Irrigation system are working,4.0,Irrigation system are working,4.0,Irrigation system are working,4.0,"rigation system has been working effectively, keeping the grounds well-watered. Seating areas have been consistently clean, with no major issues",4.0,"rigation system has been working effectively, keeping the grounds well-watered. Seating areas have been consistently clean, with no major issues",4.0,,5.0,Entry and exit points are monitored by security guards to maintain safety.,5.0,"rigation system has been working effectively, keeping the grounds well-watered. Seating areas have been consistently clean, with no major issues",4.0,"rigation system has been working effectively, keeping the grounds well-watered. Seating areas have been consistently clean, with no major issues",4.0,"rigation system has been working effectively, keeping the grounds well-watered. Seating areas have been consistently clean, with no major issues",4.0,"rigation system has been working effectively, keeping the grounds well-watered. Seating areas have been consistently clean, with no major issues",4.0,"Rigation system has been working effectively, keeping the grounds well-watered. seating areas have been consistently clean, with no major issues",3.0,"Rigation system has been working effectively, keeping the grounds well-watered. seating areas have been consistently clean, with no major issues",,,,,,,,,,,,,,,,,,,,
,Ensure that outdoor seating areas and grounds are clean and well-maintained.,4.0,The cleaners are trying to clean.,4.0,The cleaners are trying to clean.,4.0,The cleaners are trying to clean.,4.0,The cleaners are trying to clean.,4.0,"landscaping is in good condition but requires some periodic attention such as treaming overgrown plants, grass patchesand refreshing mulch.",4.0,The cleaners are trying to clean.,4.0,Out door seating areas and grounds are cleaned and  and well-maintained,4.0,"Landscaping is in good condition but requires some periodic attention such as treaming overgrown plants, grass patchesand refreshing mulch.",4.0,The cleaners are trying to clean.,4.0,"Landscaping is in good condition but requires some periodic attention such as treaming overgrown plants, grass patchesand refreshing mulch.",4.0,"Landscaping is in good condition but requires some periodic attention such as treaming overgrown plants, grass patchesand refreshing mulch.",4.0,"landscaping is in good condition but requires some periodic attention such as treaming overgrown plants, grass patchesand refreshing mulch.",5.0,The irrigation systems are operating effectively.,5.0,"Landscaping is in good condition but requires some periodic attention such as treaming overgrown plants, grass patchesand refreshing mulch.",4.0,"Landscaping is in good condition but requires some periodic attention such as treaming overgrown plants, grass patchesand refreshing mulch.",4.0,The irrigation systems are operating effectively.,4.0,"Landscaping is in good condition but requires some periodic attention such as treaming overgrown plants, grass patchesand refreshing mulch.",4.0,"Landscaping is in good condition but requires some periodic attention such as treaming overgrown plants, grass patchesand refreshing mulch.",4.0,Out door seating areas and grounds are cleaned and  and well-maintained,,,,,,,,,,,,,,,,,,,,
 ,,3.896551724,,3.931034483,,3.896551724,,4,,4.413793103,,4.482758621,,4.551724138,,4.448275862,,4.285714286,,4.275862069,,4.413793103,,4.448275862,,3.827586207,,3.862068966,,4.379310345,,3.931034483,,3.896551724,,4.206896552,,3.724137931,,,,,,,,,,,,,,#DIV/0!,,,,,,#DIV/0!,
,,,,,,,,,,,,,,,,,,,,,,,,,,,,,,,,,,,,,,,,,,,,,,,,,,,,,,,,,,   ,
,Monthly average,,,0.7816091954,,,,,,0.8724137931,,,,,,0.871182266,,,,,,,,0.825862069,,,,,,,,,,,,,,,,0.7879310345,,,,,,,,#DIV/0!,,,,,,,,,,#DIV/0!,
,Checks Done,,,3,,,,,,3,,,,,,4,,,,,,,,4,,,,,,,,,,,,,,,,,,,,,,,,,,,,,,,,,,0,
,,,,,,,,,,,,,,,,,,,,,,,,,,,,,,,,,,,,,,,,,,,,,,,,,,,,,,,,,,,
,,,,,,,,,,,,,,,,,,,,,,,,,,,,,,,,,,,,,,,,,,,,,,,,,,,,,,,,,,,
,,,,,,,,Jan,Feb,Mar,Apr,May,Jun,Jul,Aug,Sep,Oct,Nov,Dec,,,,,,,,,,,,,,,,,,,,,,,,,,,,,,,,,,,,,,,,
,Actual Facilites Checklist Score,,,,,,,0.7816091954,0.8724137931,0.871182266,0.825862069,0.7879310345,#DIV/0!,#DIV/0!,#DIV/0!,#DIV/0!,#DIV/0!,#DIV/0!,,,,,,,,,,,,,,,,,,,,,,,,,,,,,,,,,,,,,,,,,
,Target Facilites Checklist Score ,,,,,,,0.9,0.9,0.9,0.9,0.9,0.9,0.9,0.9,0.9,0.9,0.9,0.9,,,,,,,,,,,,,,,,,,,,,,,,,,,,,,,,,,,,,,,,
,,,,,,,,,,,,,,,,,,,,,,,,,,,,,,,,,,,,,,,,,,,,,,,,,,,,,,,,,,,
,,,,,,,,,,,,,,,,,,,,,,,,,,,,,,,,,,,,,,,,,,,,,,,,,,,,,,,,,,,
,,,,,,,,,,,,,,,,,,,,,,,,,,,,,,,,,,,,,,,,,,,,,,,,,,,,,,,,,,,
,,,,,,,,,,,,,,,,,,,,,,,,,,,,,,,,,,,,,,,,,,,,,,,,,,,,,,,,,,,
,,,,,,,,,,,,,,,,,,,,,,,,,,,,,,,,,,,,,,,,,,,,,,,,,,,,,,,,,,,
,,,,,,,,,,,,,,,,,,,,,,,,,,,,,,,,,,,,,,,,,,,,,,,,,,,,,,,,,,,
,,,,,,,,,,,,,,,,,,,,,,,,,,,,,,,,,,,,,,,,,,,,,,,,,,,,,,,,,,,
,,,,,,,,,,,,,,,,,,,,,,,,,,,,,,,,,,,,,,,,,,,,,,,,,,,,,,,,,,,
,,,,,,,,,,,,,,,,,,,,,,,,,,,,,,,,,,,,,,,,,,,,,,,,,,,,,,,,,,,
,,,,,,,,,,,,,,,,,,,,,,,,,,,,,,,,,,,,,,,,,,,,,,,,,,,,,,,,,,,
,,,,,,,,,,,,,,,,,,,,,,,,,,,,,,,,,,,,,,,,,,,,,,,,,,,,,,,,,,,
,,,,,,,,,,,,,,,,,,,,,,,,,,,,,,,,,,,,,,,,,,,,,,,,,,,,,,,,,,,
,,,,,,,,,,,,,,,,,,,,,,,,,,,,,,,,,,,,,,,,,,,,,,,,,,,,,,,,,,,
,,,,,,,,,,,,,,,,,,,,,,,,,,,,,,,,,,,,,,,,,,,,,,,,,,,,,,,,,,,
,,,,,,,,,,,,,,,,,,,,,,,,,,,,,,,,,,,,,,,,,,,,,,,,,,,,,,,,,,,
,,,,,,,,,,,,,,,,,,,,,,,,,,,,,,,,,,,,,,,,,,,,,,,,,,,,,,,,,,,
,,,,,,,,,,,,,,,,,,,,,,,,,,,,,,,,,,,,,,,,,,,,,,,,,,,,,,,,,,,
,,,,,,,,,,,,,,,,,,,,,,,,,,,,,,,,,,,,,,,,,,,,,,,,,,,,,,,,,,,
,,,,,,,,,,,,,,,,,,,,,,,,,,,,,,,,,,,,,,,,,,,,,,,,,,,,,,,,,,,
,,,,,,,,,,,,,,,,,,,,,,,,,,,,,,,,,,,,,,,,,,,,,,,,,,,,,,,,,,,
,,,,,,,,,,,,,,,,,,,,,,,,,,,,,,,,,,,,,,,,,,,,,,,,,,,,,,,,,,,
,ONLY CLEANLINESS (Q1 & Q2,,,,,,,,,,,,,,,,,,,,,,,,,,,,,,,,,,,,,,,,,,,,,,,,,,,,,,,,,,
,Discription,Average ,Percent,,,,,,,,,,,,,,,,,,,,,,,,,,,,,,,,,,,,,,,,,,,,,,,,,,,,,,,,
,Inspect the cleanliness of the playground surfaces.,4.428571429,88.57142857,,,,,,,,,,,,,,,,,,,,,,,,,,,,,,,,,,,,,,,,,,,,,,,,,,,,,,,,
,Check the cleanliness and organization of reception areas.,4.428571429,88.57142857,,,,,,,,,,,,,,,,,,,,,,,,,,,,,,,,,,,,,,,,,,,,,,,,,,,,,,,,
,Check classroom floors for cleanliness and safety hazards.,4.214285714,84.28571429,,,,,,,,,,,,,,,,,,,,,,,,,,,,,,,,,,,,,,,,,,,,,,,,,,,,,,,,
,Inspect restroom facilities for cleanliness and sanitation.,3.928571429,78.57142857,,,,,,,,,,,,,,,,,,,,,,,,,,,,,,,,,,,,,,,,,,,,,,,,,,,,,,,,
,Check the cleanliness and organization of shared spaces such as dining and assembly areas.,4.071428571,81.42857143,,,,,,,,,,,,,,,,,,,,,,,,,,,,,,,,,,,,,,,,,,,,,,,,,,,,,,,,
,Inspect maintenance rooms for cleanliness and organization. eg: ,4.071428571,81.42857143,,,,,,,,,,,,,,,,,,,,,,,,,,,,,,,,,,,,,,,,,,,,,,,,,,,,,,,,
,TOTAL,4.19047619,83.80952381,,,,,,,,,,,,,,,,,,,,,,,,,,,,,,,,,,,,,,,,,,,,,,,,,,,,,,,,
,,,,,,,,,,,,,,,,,,,,,,,,,,,,,,,,,,,,,,,,,,,,,,,,,,,,,,,,,,,
,,,,,,,,,,,,,,,,,,,,,,,,,,,,,,,,,,,,,,,,,,,,,,,,,,,,,,,,,,,
,ONLY CLEANLINESS (Q1 & Q2,,,,,,,,,,,,,,,,,,,,,,,,,,,,,,,,,,,,,,,,,,,,,,,,,,,,,,,,,,
,Discription,Average ,Percent,,,,,,,,,,,,,,,,,,,,,,,,,,,,,,,,,,,,,,,,,,,,,,,,,,,,,,,,
,Inspect security cameras and alarm systems for proper functioning.,4.071428571,81.42857143,,,,,,,,,,,,,,,,,,,,,,,,,,,,,,,,,,,,,,,,,,,,,,,,,,,,,,,,
,Ensure that all entry and exit points are secure.,4,80,,,,,,,,,,,,,,,,,,,,,,,,,,,,,,,,,,,,,,,,,,,,,,,,,,,,,,,,
,Total,,80.71428571,,,,,,,,,,,,,,,,,,,,,,,,,,,,,,,,,,,,,,,,,,,,,,,,,,,,,,,,
,,,,,,,,,,,,,,,,,,,,,,,,,,,,,,,,,,,,,,,,,,,,,,,,,,,,,,,,,,,
,,,,,,,,,,,,,,,,,,,,,,,,,,,,,,,,,,,,,,,,,,,,,,,,,,,,,,,,,,,
,,,,,,,,,,,,,,,,,,,,,,,,,,,,,,,,,,,,,,,,,,,,,,,,,,,,,,,,,,,
,,,,,,,,,,,,,,,,,,,,,,,,,,,,,,,,,,,,,,,,,,,,,,,,,,,,,,,,,,,
,,,,,,,,,,,,,,,,,,,,,,,,,,,,,,,,,,,,,,,,,,,,,,,,,,,,,,,,,,,
,,,,,,,,,,,,,,,,,,,,,,,,,,,,,,,,,,,,,,,,,,,,,,,,,,,,,,,,,,,
,,,,,,,,,,,,,,,,,,,,,,,,,,,,,,,,,,,,,,,,,,,,,,,,,,,,,,,,,,,
,,,,,,,,,,,,,,,,,,,,,,,,,,,,,,,,,,,,,,,,,,,,,,,,,,,,,,,,,,,
,,,,,,,,,,,,,,,,,,,,,,,,,,,,,,,,,,,,,,,,,,,,,,,,,,,,,,,,,,,
,,,,,,,,,,,,,,,,,,,,,,,,,,,,,,,,,,,,,,,,,,,,,,,,,,,,,,,,,,,
,,,,,,,,,,,,,,,,,,,,,,,,,,,,,,,,,,,,,,,,,,,,,,,,,,,,,,,,,,,
,,,,,,,,,,,,,,,,,,,,,,,,,,,,,,,,,,,,,,,,,,,,,,,,,,,,,,,,,,,
,,,,,,,,,,,,,,,,,,,,,,,,,,,,,,,,,,,,,,,,,,,,,,,,,,,,,,,,,,,
,,,,,,,,,,,,,,,,,,,,,,,,,,,,,,,,,,,,,,,,,,,,,,,,,,,,,,,,,,,
,,,,,,,,,,,,,,,,,,,,,,,,,,,,,,,,,,,,,,,,,,,,,,,,,,,,,,,,,,,
,,,,,,,,,,,,,,,,,,,,,,,,,,,,,,,,,,,,,,,,,,,,,,,,,,,,,,,,,,,
,,,,,,,,,,,,,,,,,,,,,,,,,,,,,,,,,,,,,,,,,,,,,,,,,,,,,,,,,,,
,,,,,,,,,,,,,,,,,,,,,,,,,,,,,,,,,,,,,,,,,,,,,,,,,,,,,,,,,,,
,,,,,,,,,,,,,,,,,,,,,,,,,,,,,,,,,,,,,,,,,,,,,,,,,,,,,,,,,,,
,,,,,,,,,,,,,,,,,,,,,,,,,,,,,,,,,,,,,,,,,,,,,,,,,,,,,,,,,,,
,,,,,,,,,,,,,,,,,,,,,,,,,,,,,,,,,,,,,,,,,,,,,,,,,,,,,,,,,,,
,,,,,,,,,,,,,,,,,,,,,,,,,,,,,,,,,,,,,,,,,,,,,,,,,,,,,,,,,,,
,,,,,,,,,,,,,,,,,,,,,,,,,,,,,,,,,,,,,,,,,,,,,,,,,,,,,,,,,,,
,,,,,,,,,,,,,,,,,,,,,,,,,,,,,,,,,,,,,,,,,,,,,,,,,,,,,,,,,,,
,,,,,,,,,,,,,,,,,,,,,,,,,,,,,,,,,,,,,,,,,,,,,,,,,,,,,,,,,,,
,,,,,,,,,,,,,,,,,,,,,,,,,,,,,,,,,,,,,,,,,,,,,,,,,,,,,,,,,,,
,,,,,,,,,,,,,,,,,,,,,,,,,,,,,,,,,,,,,,,,,,,,,,,,,,,,,,,,,,,
,,,,,,,,,,,,,,,,,,,,,,,,,,,,,,,,,,,,,,,,,,,,,,,,,,,,,,,,,,,
,,,,,,,,,,,,,,,,,,,,,,,,,,,,,,,,,,,,,,,,,,,,,,,,,,,,,,,,,,,
,,,,,,,,,,,,,,,,,,,,,,,,,,,,,,,,,,,,,,,,,,,,,,,,,,,,,,,,,,,
,,,,,,,,,,,,,,,,,,,,,,,,,,,,,,,,,,,,,,,,,,,,,,,,,,,,,,,,,,,
,,,,,,,,,,,,,,,,,,,,,,,,,,,,,,,,,,,,,,,,,,,,,,,,,,,,,,,,,,,
,,,,,,,,,,,,,,,,,,,,,,,,,,,,,,,,,,,,,,,,,,,,,,,,,,,,,,,,,,,
,,,,,,,,,,,,,,,,,,,,,,,,,,,,,,,,,,,,,,,,,,,,,,,,,,,,,,,,,,,
,,,,,,,,,,,,,,,,,,,,,,,,,,,,,,,,,,,,,,,,,,,,,,,,,,,,,,,,,,,
,,,,,,,,,,,,,,,,,,,,,,,,,,,,,,,,,,,,,,,,,,,,,,,,,,,,,,,,,,,
,,,,,,,,,,,,,,,,,,,,,,,,,,,,,,,,,,,,,,,,,,,,,,,,,,,,,,,,,,,
,,,,,,,,,,,,,,,,,,,,,,,,,,,,,,,,,,,,,,,,,,,,,,,,,,,,,,,,,,,
,,,,,,,,,,,,,,,,,,,,,,,,,,,,,,,,,,,,,,,,,,,,,,,,,,,,,,,,,,,
,,,,,,,,,,,,,,,,,,,,,,,,,,,,,,,,,,,,,,,,,,,,,,,,,,,,,,,,,,,
,,,,,,,,,,,,,,,,,,,,,,,,,,,,,,,,,,,,,,,,,,,,,,,,,,,,,,,,,,,
,,,,,,,,,,,,,,,,,,,,,,,,,,,,,,,,,,,,,,,,,,,,,,,,,,,,,,,,,,,
,,,,,,,,,,,,,,,,,,,,,,,,,,,,,,,,,,,,,,,,,,,,,,,,,,,,,,,,,,,
,,,,,,,,,,,,,,,,,,,,,,,,,,,,,,,,,,,,,,,,,,,,,,,,,,,,,,,,,,,
,,,,,,,,,,,,,,,,,,,,,,,,,,,,,,,,,,,,,,,,,,,,,,,,,,,,,,,,,,,
,,,,,,,,,,,,,,,,,,,,,,,,,,,,,,,,,,,,,,,,,,,,,,,,,,,,,,,,,,,
,,,,,,,,,,,,,,,,,,,,,,,,,,,,,,,,,,,,,,,,,,,,,,,,,,,,,,,,,,,
,,,,,,,,,,,,,,,,,,,,,,,,,,,,,,,,,,,,,,,,,,,,,,,,,,,,,,,,,,,
,,,,,,,,,,,,,,,,,,,,,,,,,,,,,,,,,,,,,,,,,,,,,,,,,,,,,,,,,,,
,,,,,,,,,,,,,,,,,,,,,,,,,,,,,,,,,,,,,,,,,,,,,,,,,,,,,,,,,,,
,,,,,,,,,,,,,,,,,,,,,,,,,,,,,,,,,,,,,,,,,,,,,,,,,,,,,,,,,,,
,,,,,,,,,,,,,,,,,,,,,,,,,,,,,,,,,,,,,,,,,,,,,,,,,,,,,,,,,,,
,,,,,,,,,,,,,,,,,,,,,,,,,,,,,,,,,,,,,,,,,,,,,,,,,,,,,,,,,,,
,,,,,,,,,,,,,,,,,,,,,,,,,,,,,,,,,,,,,,,,,,,,,,,,,,,,,,,,,,,
,,,,,,,,,,,,,,,,,,,,,,,,,,,,,,,,,,,,,,,,,,,,,,,,,,,,,,,,,,,
,,,,,,,,,,,,,,,,,,,,,,,,,,,,,,,,,,,,,,,,,,,,,,,,,,,,,,,,,,,
,,,,,,,,,,,,,,,,,,,,,,,,,,,,,,,,,,,,,,,,,,,,,,,,,,,,,,,,,,,
,,,,,,,,,,,,,,,,,,,,,,,,,,,,,,,,,,,,,,,,,,,,,,,,,,,,,,,,,,,
,,,,,,,,,,,,,,,,,,,,,,,,,,,,,,,,,,,,,,,,,,,,,,,,,,,,,,,,,,,
,,,,,,,,,,,,,,,,,,,,,,,,,,,,,,,,,,,,,,,,,,,,,,,,,,,,,,,,,,,
,,,,,,,,,,,,,,,,,,,,,,,,,,,,,,,,,,,,,,,,,,,,,,,,,,,,,,,,,,,
,,,,,,,,,,,,,,,,,,,,,,,,,,,,,,,,,,,,,,,,,,,,,,,,,,,,,,,,,,,
,,,,,,,,,,,,,,,,,,,,,,,,,,,,,,,,,,,,,,,,,,,,,,,,,,,,,,,,,,,
,,,,,,,,,,,,,,,,,,,,,,,,,,,,,,,,,,,,,,,,,,,,,,,,,,,,,,,,,,,
,,,,,,,,,,,,,,,,,,,,,,,,,,,,,,,,,,,,,,,,,,,,,,,,,,,,,,,,,,,
,,,,,,,,,,,,,,,,,,,,,,,,,,,,,,,,,,,,,,,,,,,,,,,,,,,,,,,,,,,
,,,,,,,,,,,,,,,,,,,,,,,,,,,,,,,,,,,,,,,,,,,,,,,,,,,,,,,,,,,
,,,,,,,,,,,,,,,,,,,,,,,,,,,,,,,,,,,,,,,,,,,,,,,,,,,,,,,,,,,
,,,,,,,,,,,,,,,,,,,,,,,,,,,,,,,,,,,,,,,,,,,,,,,,,,,,,,,,,,,
,,,,,,,,,,,,,,,,,,,,,,,,,,,,,,,,,,,,,,,,,,,,,,,,,,,,,,,,,,,
,,,,,,,,,,,,,,,,,,,,,,,,,,,,,,,,,,,,,,,,,,,,,,,,,,,,,,,,,,,
,,,,,,,,,,,,,,,,,,,,,,,,,,,,,,,,,,,,,,,,,,,,,,,,,,,,,,,,,,,
,,,,,,,,,,,,,,,,,,,,,,,,,,,,,,,,,,,,,,,,,,,,,,,,,,,,,,,,,,,
,,,,,,,,,,,,,,,,,,,,,,,,,,,,,,,,,,,,,,,,,,,,,,,,,,,,,,,,,,,
,,,,,,,,,,,,,,,,,,,,,,,,,,,,,,,,,,,,,,,,,,,,,,,,,,,,,,,,,,,
,,,,,,,,,,,,,,,,,,,,,,,,,,,,,,,,,,,,,,,,,,,,,,,,,,,,,,,,,,,
,,,,,,,,,,,,,,,,,,,,,,,,,,,,,,,,,,,,,,,,,,,,,,,,,,,,,,,,,,,
,,,,,,,,,,,,,,,,,,,,,,,,,,,,,,,,,,,,,,,,,,,,,,,,,,,,,,,,,,,
,,,,,,,,,,,,,,,,,,,,,,,,,,,,,,,,,,,,,,,,,,,,,,,,,,,,,,,,,,,
,,,,,,,,,,,,,,,,,,,,,,,,,,,,,,,,,,,,,,,,,,,,,,,,,,,,,,,,,,,
,,,,,,,,,,,,,,,,,,,,,,,,,,,,,,,,,,,,,,,,,,,,,,,,,,,,,,,,,,,
,,,,,,,,,,,,,,,,,,,,,,,,,,,,,,,,,,,,,,,,,,,,,,,,,,,,,,,,,,,
,,,,,,,,,,,,,,,,,,,,,,,,,,,,,,,,,,,,,,,,,,,,,,,,,,,,,,,,,,,
,,,,,,,,,,,,,,,,,,,,,,,,,,,,,,,,,,,,,,,,,,,,,,,,,,,,,,,,,,,
,,,,,,,,,,,,,,,,,,,,,,,,,,,,,,,,,,,,,,,,,,,,,,,,,,,,,,,,,,,
,,,,,,,,,,,,,,,,,,,,,,,,,,,,,,,,,,,,,,,,,,,,,,,,,,,,,,,,,,,
,,,,,,,,,,,,,,,,,,,,,,,,,,,,,,,,,,,,,,,,,,,,,,,,,,,,,,,,,,,
,,,,,,,,,,,,,,,,,,,,,,,,,,,,,,,,,,,,,,,,,,,,,,,,,,,,,,,,,,,
,,,,,,,,,,,,,,,,,,,,,,,,,,,,,,,,,,,,,,,,,,,,,,,,,,,,,,,,,,,
,,,,,,,,,,,,,,,,,,,,,,,,,,,,,,,,,,,,,,,,,,,,,,,,,,,,,,,,,,,
,,,,,,,,,,,,,,,,,,,,,,,,,,,,,,,,,,,,,,,,,,,,,,,,,,,,,,,,,,,
,,,,,,,,,,,,,,,,,,,,,,,,,,,,,,,,,,,,,,,,,,,,,,,,,,,,,,,,,,,
,,,,,,,,,,,,,,,,,,,,,,,,,,,,,,,,,,,,,,,,,,,,,,,,,,,,,,,,,,,
,,,,,,,,,,,,,,,,,,,,,,,,,,,,,,,,,,,,,,,,,,,,,,,,,,,,,,,,,,,
,,,,,,,,,,,,,,,,,,,,,,,,,,,,,,,,,,,,,,,,,,,,,,,,,,,,,,,,,,,
,,,,,,,,,,,,,,,,,,,,,,,,,,,,,,,,,,,,,,,,,,,,,,,,,,,,,,,,,,,
,,,,,,,,,,,,,,,,,,,,,,,,,,,,,,,,,,,,,,,,,,,,,,,,,,,,,,,,,,,
,,,,,,,,,,,,,,,,,,,,,,,,,,,,,,,,,,,,,,,,,,,,,,,,,,,,,,,,,,,
,,,,,,,,,,,,,,,,,,,,,,,,,,,,,,,,,,,,,,,,,,,,,,,,,,,,,,,,,,,
,,,,,,,,,,,,,,,,,,,,,,,,,,,,,,,,,,,,,,,,,,,,,,,,,,,,,,,,,,,
,,,,,,,,,,,,,,,,,,,,,,,,,,,,,,,,,,,,,,,,,,,,,,,,,,,,,,,,,,,
,,,,,,,,,,,,,,,,,,,,,,,,,,,,,,,,,,,,,,,,,,,,,,,,,,,,,,,,,,,
,,,,,,,,,,,,,,,,,,,,,,,,,,,,,,,,,,,,,,,,,,,,,,,,,,,,,,,,,,,
,,,,,,,,,,,,,,,,,,,,,,,,,,,,,,,,,,,,,,,,,,,,,,,,,,,,,,,,,,,
,,,,,,,,,,,,,,,,,,,,,,,,,,,,,,,,,,,,,,,,,,,,,,,,,,,,,,,,,,,
,,,,,,,,,,,,,,,,,,,,,,,,,,,,,,,,,,,,,,,,,,,,,,,,,,,,,,,,,,,
,,,,,,,,,,,,,,,,,,,,,,,,,,,,,,,,,,,,,,,,,,,,,,,,,,,,,,,,,,,
,,,,,,,,,,,,,,,,,,,,,,,,,,,,,,,,,,,,,,,,,,,,,,,,,,,,,,,,,,,
,,,,,,,,,,,,,,,,,,,,,,,,,,,,,,,,,,,,,,,,,,,,,,,,,,,,,,,,,,,
,,,,,,,,,,,,,,,,,,,,,,,,,,,,,,,,,,,,,,,,,,,,,,,,,,,,,,,,,,,
,,,,,,,,,,,,,,,,,,,,,,,,,,,,,,,,,,,,,,,,,,,,,,,,,,,,,,,,,,,
,,,,,,,,,,,,,,,,,,,,,,,,,,,,,,,,,,,,,,,,,,,,,,,,,,,,,,,,,,,
,,,,,,,,,,,,,,,,,,,,,,,,,,,,,,,,,,,,,,,,,,,,,,,,,,,,,,,,,,,
,,,,,,,,,,,,,,,,,,,,,,,,,,,,,,,,,,,,,,,,,,,,,,,,,,,,,,,,,,,
,,,,,,,,,,,,,,,,,,,,,,,,,,,,,,,,,,,,,,,,,,,,,,,,,,,,,,,,,,,
,,,,,,,,,,,,,,,,,,,,,,,,,,,,,,,,,,,,,,,,,,,,,,,,,,,,,,,,,,,
,,,,,,,,,,,,,,,,,,,,,,,,,,,,,,,,,,,,,,,,,,,,,,,,,,,,,,,,,,,
,,,,,,,,,,,,,,,,,,,,,,,,,,,,,,,,,,,,,,,,,,,,,,,,,,,,,,,,,,,
,,,,,,,,,,,,,,,,,,,,,,,,,,,,,,,,,,,,,,,,,,,,,,,,,,,,,,,,,,,
,,,,,,,,,,,,,,,,,,,,,,,,,,,,,,,,,,,,,,,,,,,,,,,,,,,,,,,,,,,
,,,,,,,,,,,,,,,,,,,,,,,,,,,,,,,,,,,,,,,,,,,,,,,,,,,,,,,,,,,
,,,,,,,,,,,,,,,,,,,,,,,,,,,,,,,,,,,,,,,,,,,,,,,,,,,,,,,,,,,
,,,,,,,,,,,,,,,,,,,,,,,,,,,,,,,,,,,,,,,,,,,,,,,,,,,,,,,,,,,
,,,,,,,,,,,,,,,,,,,,,,,,,,,,,,,,,,,,,,,,,,,,,,,,,,,,,,,,,,,
,,,,,,,,,,,,,,,,,,,,,,,,,,,,,,,,,,,,,,,,,,,,,,,,,,,,,,,,,,,
,,,,,,,,,,,,,,,,,,,,,,,,,,,,,,,,,,,,,,,,,,,,,,,,,,,,,,,,,,,
,,,,,,,,,,,,,,,,,,,,,,,,,,,,,,,,,,,,,,,,,,,,,,,,,,,,,,,,,,,
,,,,,,,,,,,,,,,,,,,,,,,,,,,,,,,,,,,,,,,,,,,,,,,,,,,,,,,,,,,
,,,,,,,,,,,,,,,,,,,,,,,,,,,,,,,,,,,,,,,,,,,,,,,,,,,,,,,,,,,
,,,,,,,,,,,,,,,,,,,,,,,,,,,,,,,,,,,,,,,,,,,,,,,,,,,,,,,,,,,
,,,,,,,,,,,,,,,,,,,,,,,,,,,,,,,,,,,,,,,,,,,,,,,,,,,,,,,,,,,
,,,,,,,,,,,,,,,,,,,,,,,,,,,,,,,,,,,,,,,,,,,,,,,,,,,,,,,,,,,
,,,,,,,,,,,,,,,,,,,,,,,,,,,,,,,,,,,,,,,,,,,,,,,,,,,,,,,,,,,
,,,,,,,,,,,,,,,,,,,,,,,,,,,,,,,,,,,,,,,,,,,,,,,,,,,,,,,,,,,
,,,,,,,,,,,,,,,,,,,,,,,,,,,,,,,,,,,,,,,,,,,,,,,,,,,,,,,,,,,
,,,,,,,,,,,,,,,,,,,,,,,,,,,,,,,,,,,,,,,,,,,,,,,,,,,,,,,,,,,
,,,,,,,,,,,,,,,,,,,,,,,,,,,,,,,,,,,,,,,,,,,,,,,,,,,,,,,,,,,
,,,,,,,,,,,,,,,,,,,,,,,,,,,,,,,,,,,,,,,,,,,,,,,,,,,,,,,,,,,
,,,,,,,,,,,,,,,,,,,,,,,,,,,,,,,,,,,,,,,,,,,,,,,,,,,,,,,,,,,
,,,,,,,,,,,,,,,,,,,,,,,,,,,,,,,,,,,,,,,,,,,,,,,,,,,,,,,,,,,
,,,,,,,,,,,,,,,,,,,,,,,,,,,,,,,,,,,,,,,,,,,,,,,,,,,,,,,,,,,
,,,,,,,,,,,,,,,,,,,,,,,,,,,,,,,,,,,,,,,,,,,,,,,,,,,,,,,,,,,
,,,,,,,,,,,,,,,,,,,,,,,,,,,,,,,,,,,,,,,,,,,,,,,,,,,,,,,,,,,
,,,,,,,,,,,,,,,,,,,,,,,,,,,,,,,,,,,,,,,,,,,,,,,,,,,,,,,,,,,
,,,,,,,,,,,,,,,,,,,,,,,,,,,,,,,,,,,,,,,,,,,,,,,,,,,,,,,,,,,
,,,,,,,,,,,,,,,,,,,,,,,,,,,,,,,,,,,,,,,,,,,,,,,,,,,,,,,,,,,
,,,,,,,,,,,,,,,,,,,,,,,,,,,,,,,,,,,,,,,,,,,,,,,,,,,,,,,,,,,
,,,,,,,,,,,,,,,,,,,,,,,,,,,,,,,,,,,,,,,,,,,,,,,,,,,,,,,,,,,
,,,,,,,,,,,,,,,,,,,,,,,,,,,,,,,,,,,,,,,,,,,,,,,,,,,,,,,,,,,
,,,,,,,,,,,,,,,,,,,,,,,,,,,,,,,,,,,,,,,,,,,,,,,,,,,,,,,,,,,
,,,,,,,,,,,,,,,,,,,,,,,,,,,,,,,,,,,,,,,,,,,,,,,,,,,,,,,,,,,
,,,,,,,,,,,,,,,,,,,,,,,,,,,,,,,,,,,,,,,,,,,,,,,,,,,,,,,,,,,
,,,,,,,,,,,,,,,,,,,,,,,,,,,,,,,,,,,,,,,,,,,,,,,,,,,,,,,,,,,
,,,,,,,,,,,,,,,,,,,,,,,,,,,,,,,,,,,,,,,,,,,,,,,,,,,,,,,,,,,
,,,,,,,,,,,,,,,,,,,,,,,,,,,,,,,,,,,,,,,,,,,,,,,,,,,,,,,,,,,
,,,,,,,,,,,,,,,,,,,,,,,,,,,,,,,,,,,,,,,,,,,,,,,,,,,,,,,,,,,
,,,,,,,,,,,,,,,,,,,,,,,,,,,,,,,,,,,,,,,,,,,,,,,,,,,,,,,,,,,
,,,,,,,,,,,,,,,,,,,,,,,,,,,,,,,,,,,,,,,,,,,,,,,,,,,,,,,,,,,
,,,,,,,,,,,,,,,,,,,,,,,,,,,,,,,,,,,,,,,,,,,,,,,,,,,,,,,,,,,
,,,,,,,,,,,,,,,,,,,,,,,,,,,,,,,,,,,,,,,,,,,,,,,,,,,,,,,,,,,
,,,,,,,,,,,,,,,,,,,,,,,,,,,,,,,,,,,,,,,,,,,,,,,,,,,,,,,,,,,
,,,,,,,,,,,,,,,,,,,,,,,,,,,,,,,,,,,,,,,,,,,,,,,,,,,,,,,,,,,
,,,,,,,,,,,,,,,,,,,,,,,,,,,,,,,,,,,,,,,,,,,,,,,,,,,,,,,,,,,
,,,,,,,,,,,,,,,,,,,,,,,,,,,,,,,,,,,,,,,,,,,,,,,,,,,,,,,,,,,
,,,,,,,,,,,,,,,,,,,,,,,,,,,,,,,,,,,,,,,,,,,,,,,,,,,,,,,,,,,
,,,,,,,,,,,,,,,,,,,,,,,,,,,,,,,,,,,,,,,,,,,,,,,,,,,,,,,,,,,
,,,,,,,,,,,,,,,,,,,,,,,,,,,,,,,,,,,,,,,,,,,,,,,,,,,,,,,,,,,
,,,,,,,,,,,,,,,,,,,,,,,,,,,,,,,,,,,,,,,,,,,,,,,,,,,,,,,,,,,
,,,,,,,,,,,,,,,,,,,,,,,,,,,,,,,,,,,,,,,,,,,,,,,,,,,,,,,,,,,
,,,,,,,,,,,,,,,,,,,,,,,,,,,,,,,,,,,,,,,,,,,,,,,,,,,,,,,,,,,
,,,,,,,,,,,,,,,,,,,,,,,,,,,,,,,,,,,,,,,,,,,,,,,,,,,,,,,,,,,
,,,,,,,,,,,,,,,,,,,,,,,,,,,,,,,,,,,,,,,,,,,,,,,,,,,,,,,,,,,
,,,,,,,,,,,,,,,,,,,,,,,,,,,,,,,,,,,,,,,,,,,,,,,,,,,,,,,,,,,
,,,,,,,,,,,,,,,,,,,,,,,,,,,,,,,,,,,,,,,,,,,,,,,,,,,,,,,,,,,
,,,,,,,,,,,,,,,,,,,,,,,,,,,,,,,,,,,,,,,,,,,,,,,,,,,,,,,,,,,
,,,,,,,,,,,,,,,,,,,,,,,,,,,,,,,,,,,,,,,,,,,,,,,,,,,,,,,,,,,
,,,,,,,,,,,,,,,,,,,,,,,,,,,,,,,,,,,,,,,,,,,,,,,,,,,,,,,,,,,
,,,,,,,,,,,,,,,,,,,,,,,,,,,,,,,,,,,,,,,,,,,,,,,,,,,,,,,,,,,
,,,,,,,,,,,,,,,,,,,,,,,,,,,,,,,,,,,,,,,,,,,,,,,,,,,,,,,,,,,
,,,,,,,,,,,,,,,,,,,,,,,,,,,,,,,,,,,,,,,,,,,,,,,,,,,,,,,,,,,
,,,,,,,,,,,,,,,,,,,,,,,,,,,,,,,,,,,,,,,,,,,,,,,,,,,,,,,,,,,
,,,,,,,,,,,,,,,,,,,,,,,,,,,,,,,,,,,,,,,,,,,,,,,,,,,,,,,,,,,
,,,,,,,,,,,,,,,,,,,,,,,,,,,,,,,,,,,,,,,,,,,,,,,,,,,,,,,,,,,
,,,,,,,,,,,,,,,,,,,,,,,,,,,,,,,,,,,,,,,,,,,,,,,,,,,,,,,,,,,
,,,,,,,,,,,,,,,,,,,,,,,,,,,,,,,,,,,,,,,,,,,,,,,,,,,,,,,,,,,
,,,,,,,,,,,,,,,,,,,,,,,,,,,,,,,,,,,,,,,,,,,,,,,,,,,,,,,,,,,
,,,,,,,,,,,,,,,,,,,,,,,,,,,,,,,,,,,,,,,,,,,,,,,,,,,,,,,,,,,
,,,,,,,,,,,,,,,,,,,,,,,,,,,,,,,,,,,,,,,,,,,,,,,,,,,,,,,,,,,
,,,,,,,,,,,,,,,,,,,,,,,,,,,,,,,,,,,,,,,,,,,,,,,,,,,,,,,,,,,
,,,,,,,,,,,,,,,,,,,,,,,,,,,,,,,,,,,,,,,,,,,,,,,,,,,,,,,,,,,
,,,,,,,,,,,,,,,,,,,,,,,,,,,,,,,,,,,,,,,,,,,,,,,,,,,,,,,,,,,
,,,,,,,,,,,,,,,,,,,,,,,,,,,,,,,,,,,,,,,,,,,,,,,,,,,,,,,,,,,
,,,,,,,,,,,,,,,,,,,,,,,,,,,,,,,,,,,,,,,,,,,,,,,,,,,,,,,,,,,
,,,,,,,,,,,,,,,,,,,,,,,,,,,,,,,,,,,,,,,,,,,,,,,,,,,,,,,,,,,
,,,,,,,,,,,,,,,,,,,,,,,,,,,,,,,,,,,,,,,,,,,,,,,,,,,,,,,,,,,
,,,,,,,,,,,,,,,,,,,,,,,,,,,,,,,,,,,,,,,,,,,,,,,,,,,,,,,,,,,
,,,,,,,,,,,,,,,,,,,,,,,,,,,,,,,,,,,,,,,,,,,,,,,,,,,,,,,,,,,
,,,,,,,,,,,,,,,,,,,,,,,,,,,,,,,,,,,,,,,,,,,,,,,,,,,,,,,,,,,
,,,,,,,,,,,,,,,,,,,,,,,,,,,,,,,,,,,,,,,,,,,,,,,,,,,,,,,,,,,
,,,,,,,,,,,,,,,,,,,,,,,,,,,,,,,,,,,,,,,,,,,,,,,,,,,,,,,,,,,
,,,,,,,,,,,,,,,,,,,,,,,,,,,,,,,,,,,,,,,,,,,,,,,,,,,,,,,,,,,
,,,,,,,,,,,,,,,,,,,,,,,,,,,,,,,,,,,,,,,,,,,,,,,,,,,,,,,,,,,
,,,,,,,,,,,,,,,,,,,,,,,,,,,,,,,,,,,,,,,,,,,,,,,,,,,,,,,,,,,
,,,,,,,,,,,,,,,,,,,,,,,,,,,,,,,,,,,,,,,,,,,,,,,,,,,,,,,,,,,
,,,,,,,,,,,,,,,,,,,,,,,,,,,,,,,,,,,,,,,,,,,,,,,,,,,,,,,,,,,
,,,,,,,,,,,,,,,,,,,,,,,,,,,,,,,,,,,,,,,,,,,,,,,,,,,,,,,,,,,
,,,,,,,,,,,,,,,,,,,,,,,,,,,,,,,,,,,,,,,,,,,,,,,,,,,,,,,,,,,
,,,,,,,,,,,,,,,,,,,,,,,,,,,,,,,,,,,,,,,,,,,,,,,,,,,,,,,,,,,
,,,,,,,,,,,,,,,,,,,,,,,,,,,,,,,,,,,,,,,,,,,,,,,,,,,,,,,,,,,
,,,,,,,,,,,,,,,,,,,,,,,,,,,,,,,,,,,,,,,,,,,,,,,,,,,,,,,,,,,
,,,,,,,,,,,,,,,,,,,,,,,,,,,,,,,,,,,,,,,,,,,,,,,,,,,,,,,,,,,
,,,,,,,,,,,,,,,,,,,,,,,,,,,,,,,,,,,,,,,,,,,,,,,,,,,,,,,,,,,
,,,,,,,,,,,,,,,,,,,,,,,,,,,,,,,,,,,,,,,,,,,,,,,,,,,,,,,,,,,
,,,,,,,,,,,,,,,,,,,,,,,,,,,,,,,,,,,,,,,,,,,,,,,,,,,,,,,,,,,
,,,,,,,,,,,,,,,,,,,,,,,,,,,,,,,,,,,,,,,,,,,,,,,,,,,,,,,,,,,
,,,,,,,,,,,,,,,,,,,,,,,,,,,,,,,,,,,,,,,,,,,,,,,,,,,,,,,,,,,
,,,,,,,,,,,,,,,,,,,,,,,,,,,,,,,,,,,,,,,,,,,,,,,,,,,,,,,,,,,
,,,,,,,,,,,,,,,,,,,,,,,,,,,,,,,,,,,,,,,,,,,,,,,,,,,,,,,,,,,
,,,,,,,,,,,,,,,,,,,,,,,,,,,,,,,,,,,,,,,,,,,,,,,,,,,,,,,,,,,
,,,,,,,,,,,,,,,,,,,,,,,,,,,,,,,,,,,,,,,,,,,,,,,,,,,,,,,,,,,
,,,,,,,,,,,,,,,,,,,,,,,,,,,,,,,,,,,,,,,,,,,,,,,,,,,,,,,,,,,
,,,,,,,,,,,,,,,,,,,,,,,,,,,,,,,,,,,,,,,,,,,,,,,,,,,,,,,,,,,
,,,,,,,,,,,,,,,,,,,,,,,,,,,,,,,,,,,,,,,,,,,,,,,,,,,,,,,,,,,
,,,,,,,,,,,,,,,,,,,,,,,,,,,,,,,,,,,,,,,,,,,,,,,,,,,,,,,,,,,
,,,,,,,,,,,,,,,,,,,,,,,,,,,,,,,,,,,,,,,,,,,,,,,,,,,,,,,,,,,
,,,,,,,,,,,,,,,,,,,,,,,,,,,,,,,,,,,,,,,,,,,,,,,,,,,,,,,,,,,
,,,,,,,,,,,,,,,,,,,,,,,,,,,,,,,,,,,,,,,,,,,,,,,,,,,,,,,,,,,
,,,,,,,,,,,,,,,,,,,,,,,,,,,,,,,,,,,,,,,,,,,,,,,,,,,,,,,,,,,
,,,,,,,,,,,,,,,,,,,,,,,,,,,,,,,,,,,,,,,,,,,,,,,,,,,,,,,,,,,
,,,,,,,,,,,,,,,,,,,,,,,,,,,,,,,,,,,,,,,,,,,,,,,,,,,,,,,,,,,
,,,,,,,,,,,,,,,,,,,,,,,,,,,,,,,,,,,,,,,,,,,,,,,,,,,,,,,,,,,
,,,,,,,,,,,,,,,,,,,,,,,,,,,,,,,,,,,,,,,,,,,,,,,,,,,,,,,,,,,
,,,,,,,,,,,,,,,,,,,,,,,,,,,,,,,,,,,,,,,,,,,,,,,,,,,,,,,,,,,
,,,,,,,,,,,,,,,,,,,,,,,,,,,,,,,,,,,,,,,,,,,,,,,,,,,,,,,,,,,
,,,,,,,,,,,,,,,,,,,,,,,,,,,,,,,,,,,,,,,,,,,,,,,,,,,,,,,,,,,
,,,,,,,,,,,,,,,,,,,,,,,,,,,,,,,,,,,,,,,,,,,,,,,,,,,,,,,,,,,
,,,,,,,,,,,,,,,,,,,,,,,,,,,,,,,,,,,,,,,,,,,,,,,,,,,,,,,,,,,
,,,,,,,,,,,,,,,,,,,,,,,,,,,,,,,,,,,,,,,,,,,,,,,,,,,,,,,,,,,
,,,,,,,,,,,,,,,,,,,,,,,,,,,,,,,,,,,,,,,,,,,,,,,,,,,,,,,,,,,
,,,,,,,,,,,,,,,,,,,,,,,,,,,,,,,,,,,,,,,,,,,,,,,,,,,,,,,,,,,
,,,,,,,,,,,,,,,,,,,,,,,,,,,,,,,,,,,,,,,,,,,,,,,,,,,,,,,,,,,
,,,,,,,,,,,,,,,,,,,,,,,,,,,,,,,,,,,,,,,,,,,,,,,,,,,,,,,,,,,
,,,,,,,,,,,,,,,,,,,,,,,,,,,,,,,,,,,,,,,,,,,,,,,,,,,,,,,,,,,
,,,,,,,,,,,,,,,,,,,,,,,,,,,,,,,,,,,,,,,,,,,,,,,,,,,,,,,,,,,
,,,,,,,,,,,,,,,,,,,,,,,,,,,,,,,,,,,,,,,,,,,,,,,,,,,,,,,,,,,
,,,,,,,,,,,,,,,,,,,,,,,,,,,,,,,,,,,,,,,,,,,,,,,,,,,,,,,,,,,
,,,,,,,,,,,,,,,,,,,,,,,,,,,,,,,,,,,,,,,,,,,,,,,,,,,,,,,,,,,
,,,,,,,,,,,,,,,,,,,,,,,,,,,,,,,,,,,,,,,,,,,,,,,,,,,,,,,,,,,
,,,,,,,,,,,,,,,,,,,,,,,,,,,,,,,,,,,,,,,,,,,,,,,,,,,,,,,,,,,
,,,,,,,,,,,,,,,,,,,,,,,,,,,,,,,,,,,,,,,,,,,,,,,,,,,,,,,,,,,
,,,,,,,,,,,,,,,,,,,,,,,,,,,,,,,,,,,,,,,,,,,,,,,,,,,,,,,,,,,
,,,,,,,,,,,,,,,,,,,,,,,,,,,,,,,,,,,,,,,,,,,,,,,,,,,,,,,,,,,
,,,,,,,,,,,,,,,,,,,,,,,,,,,,,,,,,,,,,,,,,,,,,,,,,,,,,,,,,,,
,,,,,,,,,,,,,,,,,,,,,,,,,,,,,,,,,,,,,,,,,,,,,,,,,,,,,,,,,,,
,,,,,,,,,,,,,,,,,,,,,,,,,,,,,,,,,,,,,,,,,,,,,,,,,,,,,,,,,,,
,,,,,,,,,,,,,,,,,,,,,,,,,,,,,,,,,,,,,,,,,,,,,,,,,,,,,,,,,,,
,,,,,,,,,,,,,,,,,,,,,,,,,,,,,,,,,,,,,,,,,,,,,,,,,,,,,,,,,,,
,,,,,,,,,,,,,,,,,,,,,,,,,,,,,,,,,,,,,,,,,,,,,,,,,,,,,,,,,,,
,,,,,,,,,,,,,,,,,,,,,,,,,,,,,,,,,,,,,,,,,,,,,,,,,,,,,,,,,,,
,,,,,,,,,,,,,,,,,,,,,,,,,,,,,,,,,,,,,,,,,,,,,,,,,,,,,,,,,,,
,,,,,,,,,,,,,,,,,,,,,,,,,,,,,,,,,,,,,,,,,,,,,,,,,,,,,,,,,,,
,,,,,,,,,,,,,,,,,,,,,,,,,,,,,,,,,,,,,,,,,,,,,,,,,,,,,,,,,,,
,,,,,,,,,,,,,,,,,,,,,,,,,,,,,,,,,,,,,,,,,,,,,,,,,,,,,,,,,,,
,,,,,,,,,,,,,,,,,,,,,,,,,,,,,,,,,,,,,,,,,,,,,,,,,,,,,,,,,,,
,,,,,,,,,,,,,,,,,,,,,,,,,,,,,,,,,,,,,,,,,,,,,,,,,,,,,,,,,,,
,,,,,,,,,,,,,,,,,,,,,,,,,,,,,,,,,,,,,,,,,,,,,,,,,,,,,,,,,,,
,,,,,,,,,,,,,,,,,,,,,,,,,,,,,,,,,,,,,,,,,,,,,,,,,,,,,,,,,,,
,,,,,,,,,,,,,,,,,,,,,,,,,,,,,,,,,,,,,,,,,,,,,,,,,,,,,,,,,,,
,,,,,,,,,,,,,,,,,,,,,,,,,,,,,,,,,,,,,,,,,,,,,,,,,,,,,,,,,,,
,,,,,,,,,,,,,,,,,,,,,,,,,,,,,,,,,,,,,,,,,,,,,,,,,,,,,,,,,,,
,,,,,,,,,,,,,,,,,,,,,,,,,,,,,,,,,,,,,,,,,,,,,,,,,,,,,,,,,,,
,,,,,,,,,,,,,,,,,,,,,,,,,,,,,,,,,,,,,,,,,,,,,,,,,,,,,,,,,,,
,,,,,,,,,,,,,,,,,,,,,,,,,,,,,,,,,,,,,,,,,,,,,,,,,,,,,,,,,,,
,,,,,,,,,,,,,,,,,,,,,,,,,,,,,,,,,,,,,,,,,,,,,,,,,,,,,,,,,,,
,,,,,,,,,,,,,,,,,,,,,,,,,,,,,,,,,,,,,,,,,,,,,,,,,,,,,,,,,,,
,,,,,,,,,,,,,,,,,,,,,,,,,,,,,,,,,,,,,,,,,,,,,,,,,,,,,,,,,,,
,,,,,,,,,,,,,,,,,,,,,,,,,,,,,,,,,,,,,,,,,,,,,,,,,,,,,,,,,,,
,,,,,,,,,,,,,,,,,,,,,,,,,,,,,,,,,,,,,,,,,,,,,,,,,,,,,,,,,,,
,,,,,,,,,,,,,,,,,,,,,,,,,,,,,,,,,,,,,,,,,,,,,,,,,,,,,,,,,,,
,,,,,,,,,,,,,,,,,,,,,,,,,,,,,,,,,,,,,,,,,,,,,,,,,,,,,,,,,,,
,,,,,,,,,,,,,,,,,,,,,,,,,,,,,,,,,,,,,,,,,,,,,,,,,,,,,,,,,,,
,,,,,,,,,,,,,,,,,,,,,,,,,,,,,,,,,,,,,,,,,,,,,,,,,,,,,,,,,,,
,,,,,,,,,,,,,,,,,,,,,,,,,,,,,,,,,,,,,,,,,,,,,,,,,,,,,,,,,,,
,,,,,,,,,,,,,,,,,,,,,,,,,,,,,,,,,,,,,,,,,,,,,,,,,,,,,,,,,,,
,,,,,,,,,,,,,,,,,,,,,,,,,,,,,,,,,,,,,,,,,,,,,,,,,,,,,,,,,,,
,,,,,,,,,,,,,,,,,,,,,,,,,,,,,,,,,,,,,,,,,,,,,,,,,,,,,,,,,,,
,,,,,,,,,,,,,,,,,,,,,,,,,,,,,,,,,,,,,,,,,,,,,,,,,,,,,,,,,,,
,,,,,,,,,,,,,,,,,,,,,,,,,,,,,,,,,,,,,,,,,,,,,,,,,,,,,,,,,,,
,,,,,,,,,,,,,,,,,,,,,,,,,,,,,,,,,,,,,,,,,,,,,,,,,,,,,,,,,,,
,,,,,,,,,,,,,,,,,,,,,,,,,,,,,,,,,,,,,,,,,,,,,,,,,,,,,,,,,,,
,,,,,,,,,,,,,,,,,,,,,,,,,,,,,,,,,,,,,,,,,,,,,,,,,,,,,,,,,,,
,,,,,,,,,,,,,,,,,,,,,,,,,,,,,,,,,,,,,,,,,,,,,,,,,,,,,,,,,,,
,,,,,,,,,,,,,,,,,,,,,,,,,,,,,,,,,,,,,,,,,,,,,,,,,,,,,,,,,,,
,,,,,,,,,,,,,,,,,,,,,,,,,,,,,,,,,,,,,,,,,,,,,,,,,,,,,,,,,,,
,,,,,,,,,,,,,,,,,,,,,,,,,,,,,,,,,,,,,,,,,,,,,,,,,,,,,,,,,,,
,,,,,,,,,,,,,,,,,,,,,,,,,,,,,,,,,,,,,,,,,,,,,,,,,,,,,,,,,,,
,,,,,,,,,,,,,,,,,,,,,,,,,,,,,,,,,,,,,,,,,,,,,,,,,,,,,,,,,,,
,,,,,,,,,,,,,,,,,,,,,,,,,,,,,,,,,,,,,,,,,,,,,,,,,,,,,,,,,,,
,,,,,,,,,,,,,,,,,,,,,,,,,,,,,,,,,,,,,,,,,,,,,,,,,,,,,,,,,,,
,,,,,,,,,,,,,,,,,,,,,,,,,,,,,,,,,,,,,,,,,,,,,,,,,,,,,,,,,,,
,,,,,,,,,,,,,,,,,,,,,,,,,,,,,,,,,,,,,,,,,,,,,,,,,,,,,,,,,,,
,,,,,,,,,,,,,,,,,,,,,,,,,,,,,,,,,,,,,,,,,,,,,,,,,,,,,,,,,,,
,,,,,,,,,,,,,,,,,,,,,,,,,,,,,,,,,,,,,,,,,,,,,,,,,,,,,,,,,,,
,,,,,,,,,,,,,,,,,,,,,,,,,,,,,,,,,,,,,,,,,,,,,,,,,,,,,,,,,,,
,,,,,,,,,,,,,,,,,,,,,,,,,,,,,,,,,,,,,,,,,,,,,,,,,,,,,,,,,,,
,,,,,,,,,,,,,,,,,,,,,,,,,,,,,,,,,,,,,,,,,,,,,,,,,,,,,,,,,,,
,,,,,,,,,,,,,,,,,,,,,,,,,,,,,,,,,,,,,,,,,,,,,,,,,,,,,,,,,,,
,,,,,,,,,,,,,,,,,,,,,,,,,,,,,,,,,,,,,,,,,,,,,,,,,,,,,,,,,,,
,,,,,,,,,,,,,,,,,,,,,,,,,,,,,,,,,,,,,,,,,,,,,,,,,,,,,,,,,,,
,,,,,,,,,,,,,,,,,,,,,,,,,,,,,,,,,,,,,,,,,,,,,,,,,,,,,,,,,,,
,,,,,,,,,,,,,,,,,,,,,,,,,,,,,,,,,,,,,,,,,,,,,,,,,,,,,,,,,,,
,,,,,,,,,,,,,,,,,,,,,,,,,,,,,,,,,,,,,,,,,,,,,,,,,,,,,,,,,,,
,,,,,,,,,,,,,,,,,,,,,,,,,,,,,,,,,,,,,,,,,,,,,,,,,,,,,,,,,,,
,,,,,,,,,,,,,,,,,,,,,,,,,,,,,,,,,,,,,,,,,,,,,,,,,,,,,,,,,,,
,,,,,,,,,,,,,,,,,,,,,,,,,,,,,,,,,,,,,,,,,,,,,,,,,,,,,,,,,,,
,,,,,,,,,,,,,,,,,,,,,,,,,,,,,,,,,,,,,,,,,,,,,,,,,,,,,,,,,,,
,,,,,,,,,,,,,,,,,,,,,,,,,,,,,,,,,,,,,,,,,,,,,,,,,,,,,,,,,,,
,,,,,,,,,,,,,,,,,,,,,,,,,,,,,,,,,,,,,,,,,,,,,,,,,,,,,,,,,,,
,,,,,,,,,,,,,,,,,,,,,,,,,,,,,,,,,,,,,,,,,,,,,,,,,,,,,,,,,,,
,,,,,,,,,,,,,,,,,,,,,,,,,,,,,,,,,,,,,,,,,,,,,,,,,,,,,,,,,,,
,,,,,,,,,,,,,,,,,,,,,,,,,,,,,,,,,,,,,,,,,,,,,,,,,,,,,,,,,,,
,,,,,,,,,,,,,,,,,,,,,,,,,,,,,,,,,,,,,,,,,,,,,,,,,,,,,,,,,,,
,,,,,,,,,,,,,,,,,,,,,,,,,,,,,,,,,,,,,,,,,,,,,,,,,,,,,,,,,,,
,,,,,,,,,,,,,,,,,,,,,,,,,,,,,,,,,,,,,,,,,,,,,,,,,,,,,,,,,,,
,,,,,,,,,,,,,,,,,,,,,,,,,,,,,,,,,,,,,,,,,,,,,,,,,,,,,,,,,,,
,,,,,,,,,,,,,,,,,,,,,,,,,,,,,,,,,,,,,,,,,,,,,,,,,,,,,,,,,,,
,,,,,,,,,,,,,,,,,,,,,,,,,,,,,,,,,,,,,,,,,,,,,,,,,,,,,,,,,,,
,,,,,,,,,,,,,,,,,,,,,,,,,,,,,,,,,,,,,,,,,,,,,,,,,,,,,,,,,,,
,,,,,,,,,,,,,,,,,,,,,,,,,,,,,,,,,,,,,,,,,,,,,,,,,,,,,,,,,,,
,,,,,,,,,,,,,,,,,,,,,,,,,,,,,,,,,,,,,,,,,,,,,,,,,,,,,,,,,,,
,,,,,,,,,,,,,,,,,,,,,,,,,,,,,,,,,,,,,,,,,,,,,,,,,,,,,,,,,,,
,,,,,,,,,,,,,,,,,,,,,,,,,,,,,,,,,,,,,,,,,,,,,,,,,,,,,,,,,,,
,,,,,,,,,,,,,,,,,,,,,,,,,,,,,,,,,,,,,,,,,,,,,,,,,,,,,,,,,,,
,,,,,,,,,,,,,,,,,,,,,,,,,,,,,,,,,,,,,,,,,,,,,,,,,,,,,,,,,,,
,,,,,,,,,,,,,,,,,,,,,,,,,,,,,,,,,,,,,,,,,,,,,,,,,,,,,,,,,,,
,,,,,,,,,,,,,,,,,,,,,,,,,,,,,,,,,,,,,,,,,,,,,,,,,,,,,,,,,,,
,,,,,,,,,,,,,,,,,,,,,,,,,,,,,,,,,,,,,,,,,,,,,,,,,,,,,,,,,,,
,,,,,,,,,,,,,,,,,,,,,,,,,,,,,,,,,,,,,,,,,,,,,,,,,,,,,,,,,,,
,,,,,,,,,,,,,,,,,,,,,,,,,,,,,,,,,,,,,,,,,,,,,,,,,,,,,,,,,,,
,,,,,,,,,,,,,,,,,,,,,,,,,,,,,,,,,,,,,,,,,,,,,,,,,,,,,,,,,,,
,,,,,,,,,,,,,,,,,,,,,,,,,,,,,,,,,,,,,,,,,,,,,,,,,,,,,,,,,,,
,,,,,,,,,,,,,,,,,,,,,,,,,,,,,,,,,,,,,,,,,,,,,,,,,,,,,,,,,,,
,,,,,,,,,,,,,,,,,,,,,,,,,,,,,,,,,,,,,,,,,,,,,,,,,,,,,,,,,,,
,,,,,,,,,,,,,,,,,,,,,,,,,,,,,,,,,,,,,,,,,,,,,,,,,,,,,,,,,,,
,,,,,,,,,,,,,,,,,,,,,,,,,,,,,,,,,,,,,,,,,,,,,,,,,,,,,,,,,,,
,,,,,,,,,,,,,,,,,,,,,,,,,,,,,,,,,,,,,,,,,,,,,,,,,,,,,,,,,,,
,,,,,,,,,,,,,,,,,,,,,,,,,,,,,,,,,,,,,,,,,,,,,,,,,,,,,,,,,,,
,,,,,,,,,,,,,,,,,,,,,,,,,,,,,,,,,,,,,,,,,,,,,,,,,,,,,,,,,,,
,,,,,,,,,,,,,,,,,,,,,,,,,,,,,,,,,,,,,,,,,,,,,,,,,,,,,,,,,,,
,,,,,,,,,,,,,,,,,,,,,,,,,,,,,,,,,,,,,,,,,,,,,,,,,,,,,,,,,,,
,,,,,,,,,,,,,,,,,,,,,,,,,,,,,,,,,,,,,,,,,,,,,,,,,,,,,,,,,,,
,,,,,,,,,,,,,,,,,,,,,,,,,,,,,,,,,,,,,,,,,,,,,,,,,,,,,,,,,,,
,,,,,,,,,,,,,,,,,,,,,,,,,,,,,,,,,,,,,,,,,,,,,,,,,,,,,,,,,,,
,,,,,,,,,,,,,,,,,,,,,,,,,,,,,,,,,,,,,,,,,,,,,,,,,,,,,,,,,,,
,,,,,,,,,,,,,,,,,,,,,,,,,,,,,,,,,,,,,,,,,,,,,,,,,,,,,,,,,,,
,,,,,,,,,,,,,,,,,,,,,,,,,,,,,,,,,,,,,,,,,,,,,,,,,,,,,,,,,,,
,,,,,,,,,,,,,,,,,,,,,,,,,,,,,,,,,,,,,,,,,,,,,,,,,,,,,,,,,,,
,,,,,,,,,,,,,,,,,,,,,,,,,,,,,,,,,,,,,,,,,,,,,,,,,,,,,,,,,,,
,,,,,,,,,,,,,,,,,,,,,,,,,,,,,,,,,,,,,,,,,,,,,,,,,,,,,,,,,,,
,,,,,,,,,,,,,,,,,,,,,,,,,,,,,,,,,,,,,,,,,,,,,,,,,,,,,,,,,,,
,,,,,,,,,,,,,,,,,,,,,,,,,,,,,,,,,,,,,,,,,,,,,,,,,,,,,,,,,,,
,,,,,,,,,,,,,,,,,,,,,,,,,,,,,,,,,,,,,,,,,,,,,,,,,,,,,,,,,,,
,,,,,,,,,,,,,,,,,,,,,,,,,,,,,,,,,,,,,,,,,,,,,,,,,,,,,,,,,,,
,,,,,,,,,,,,,,,,,,,,,,,,,,,,,,,,,,,,,,,,,,,,,,,,,,,,,,,,,,,
,,,,,,,,,,,,,,,,,,,,,,,,,,,,,,,,,,,,,,,,,,,,,,,,,,,,,,,,,,,
,,,,,,,,,,,,,,,,,,,,,,,,,,,,,,,,,,,,,,,,,,,,,,,,,,,,,,,,,,,
,,,,,,,,,,,,,,,,,,,,,,,,,,,,,,,,,,,,,,,,,,,,,,,,,,,,,,,,,,,
,,,,,,,,,,,,,,,,,,,,,,,,,,,,,,,,,,,,,,,,,,,,,,,,,,,,,,,,,,,
,,,,,,,,,,,,,,,,,,,,,,,,,,,,,,,,,,,,,,,,,,,,,,,,,,,,,,,,,,,
,,,,,,,,,,,,,,,,,,,,,,,,,,,,,,,,,,,,,,,,,,,,,,,,,,,,,,,,,,,
,,,,,,,,,,,,,,,,,,,,,,,,,,,,,,,,,,,,,,,,,,,,,,,,,,,,,,,,,,,
,,,,,,,,,,,,,,,,,,,,,,,,,,,,,,,,,,,,,,,,,,,,,,,,,,,,,,,,,,,
,,,,,,,,,,,,,,,,,,,,,,,,,,,,,,,,,,,,,,,,,,,,,,,,,,,,,,,,,,,
,,,,,,,,,,,,,,,,,,,,,,,,,,,,,,,,,,,,,,,,,,,,,,,,,,,,,,,,,,,
,,,,,,,,,,,,,,,,,,,,,,,,,,,,,,,,,,,,,,,,,,,,,,,,,,,,,,,,,,,
,,,,,,,,,,,,,,,,,,,,,,,,,,,,,,,,,,,,,,,,,,,,,,,,,,,,,,,,,,,
,,,,,,,,,,,,,,,,,,,,,,,,,,,,,,,,,,,,,,,,,,,,,,,,,,,,,,,,,,,
,,,,,,,,,,,,,,,,,,,,,,,,,,,,,,,,,,,,,,,,,,,,,,,,,,,,,,,,,,,
,,,,,,,,,,,,,,,,,,,,,,,,,,,,,,,,,,,,,,,,,,,,,,,,,,,,,,,,,,,
,,,,,,,,,,,,,,,,,,,,,,,,,,,,,,,,,,,,,,,,,,,,,,,,,,,,,,,,,,,
,,,,,,,,,,,,,,,,,,,,,,,,,,,,,,,,,,,,,,,,,,,,,,,,,,,,,,,,,,,
,,,,,,,,,,,,,,,,,,,,,,,,,,,,,,,,,,,,,,,,,,,,,,,,,,,,,,,,,,,
,,,,,,,,,,,,,,,,,,,,,,,,,,,,,,,,,,,,,,,,,,,,,,,,,,,,,,,,,,,
,,,,,,,,,,,,,,,,,,,,,,,,,,,,,,,,,,,,,,,,,,,,,,,,,,,,,,,,,,,
,,,,,,,,,,,,,,,,,,,,,,,,,,,,,,,,,,,,,,,,,,,,,,,,,,,,,,,,,,,
,,,,,,,,,,,,,,,,,,,,,,,,,,,,,,,,,,,,,,,,,,,,,,,,,,,,,,,,,,,
,,,,,,,,,,,,,,,,,,,,,,,,,,,,,,,,,,,,,,,,,,,,,,,,,,,,,,,,,,,
,,,,,,,,,,,,,,,,,,,,,,,,,,,,,,,,,,,,,,,,,,,,,,,,,,,,,,,,,,,
,,,,,,,,,,,,,,,,,,,,,,,,,,,,,,,,,,,,,,,,,,,,,,,,,,,,,,,,,,,
,,,,,,,,,,,,,,,,,,,,,,,,,,,,,,,,,,,,,,,,,,,,,,,,,,,,,,,,,,,
,,,,,,,,,,,,,,,,,,,,,,,,,,,,,,,,,,,,,,,,,,,,,,,,,,,,,,,,,,,
,,,,,,,,,,,,,,,,,,,,,,,,,,,,,,,,,,,,,,,,,,,,,,,,,,,,,,,,,,,
,,,,,,,,,,,,,,,,,,,,,,,,,,,,,,,,,,,,,,,,,,,,,,,,,,,,,,,,,,,
,,,,,,,,,,,,,,,,,,,,,,,,,,,,,,,,,,,,,,,,,,,,,,,,,,,,,,,,,,,
,,,,,,,,,,,,,,,,,,,,,,,,,,,,,,,,,,,,,,,,,,,,,,,,,,,,,,,,,,,
,,,,,,,,,,,,,,,,,,,,,,,,,,,,,,,,,,,,,,,,,,,,,,,,,,,,,,,,,,,
,,,,,,,,,,,,,,,,,,,,,,,,,,,,,,,,,,,,,,,,,,,,,,,,,,,,,,,,,,,
,,,,,,,,,,,,,,,,,,,,,,,,,,,,,,,,,,,,,,,,,,,,,,,,,,,,,,,,,,,
,,,,,,,,,,,,,,,,,,,,,,,,,,,,,,,,,,,,,,,,,,,,,,,,,,,,,,,,,,,
,,,,,,,,,,,,,,,,,,,,,,,,,,,,,,,,,,,,,,,,,,,,,,,,,,,,,,,,,,,
,,,,,,,,,,,,,,,,,,,,,,,,,,,,,,,,,,,,,,,,,,,,,,,,,,,,,,,,,,,
,,,,,,,,,,,,,,,,,,,,,,,,,,,,,,,,,,,,,,,,,,,,,,,,,,,,,,,,,,,
,,,,,,,,,,,,,,,,,,,,,,,,,,,,,,,,,,,,,,,,,,,,,,,,,,,,,,,,,,,
,,,,,,,,,,,,,,,,,,,,,,,,,,,,,,,,,,,,,,,,,,,,,,,,,,,,,,,,,,,
,,,,,,,,,,,,,,,,,,,,,,,,,,,,,,,,,,,,,,,,,,,,,,,,,,,,,,,,,,,
,,,,,,,,,,,,,,,,,,,,,,,,,,,,,,,,,,,,,,,,,,,,,,,,,,,,,,,,,,,
,,,,,,,,,,,,,,,,,,,,,,,,,,,,,,,,,,,,,,,,,,,,,,,,,,,,,,,,,,,
,,,,,,,,,,,,,,,,,,,,,,,,,,,,,,,,,,,,,,,,,,,,,,,,,,,,,,,,,,,
,,,,,,,,,,,,,,,,,,,,,,,,,,,,,,,,,,,,,,,,,,,,,,,,,,,,,,,,,,,
,,,,,,,,,,,,,,,,,,,,,,,,,,,,,,,,,,,,,,,,,,,,,,,,,,,,,,,,,,,
,,,,,,,,,,,,,,,,,,,,,,,,,,,,,,,,,,,,,,,,,,,,,,,,,,,,,,,,,,,
,,,,,,,,,,,,,,,,,,,,,,,,,,,,,,,,,,,,,,,,,,,,,,,,,,,,,,,,,,,
,,,,,,,,,,,,,,,,,,,,,,,,,,,,,,,,,,,,,,,,,,,,,,,,,,,,,,,,,,,
,,,,,,,,,,,,,,,,,,,,,,,,,,,,,,,,,,,,,,,,,,,,,,,,,,,,,,,,,,,
,,,,,,,,,,,,,,,,,,,,,,,,,,,,,,,,,,,,,,,,,,,,,,,,,,,,,,,,,,,
,,,,,,,,,,,,,,,,,,,,,,,,,,,,,,,,,,,,,,,,,,,,,,,,,,,,,,,,,,,
,,,,,,,,,,,,,,,,,,,,,,,,,,,,,,,,,,,,,,,,,,,,,,,,,,,,,,,,,,,
,,,,,,,,,,,,,,,,,,,,,,,,,,,,,,,,,,,,,,,,,,,,,,,,,,,,,,,,,,,
,,,,,,,,,,,,,,,,,,,,,,,,,,,,,,,,,,,,,,,,,,,,,,,,,,,,,,,,,,,
,,,,,,,,,,,,,,,,,,,,,,,,,,,,,,,,,,,,,,,,,,,,,,,,,,,,,,,,,,,
,,,,,,,,,,,,,,,,,,,,,,,,,,,,,,,,,,,,,,,,,,,,,,,,,,,,,,,,,,,
,,,,,,,,,,,,,,,,,,,,,,,,,,,,,,,,,,,,,,,,,,,,,,,,,,,,,,,,,,,
,,,,,,,,,,,,,,,,,,,,,,,,,,,,,,,,,,,,,,,,,,,,,,,,,,,,,,,,,,,
,,,,,,,,,,,,,,,,,,,,,,,,,,,,,,,,,,,,,,,,,,,,,,,,,,,,,,,,,,,
,,,,,,,,,,,,,,,,,,,,,,,,,,,,,,,,,,,,,,,,,,,,,,,,,,,,,,,,,,,
,,,,,,,,,,,,,,,,,,,,,,,,,,,,,,,,,,,,,,,,,,,,,,,,,,,,,,,,,,,
,,,,,,,,,,,,,,,,,,,,,,,,,,,,,,,,,,,,,,,,,,,,,,,,,,,,,,,,,,,
,,,,,,,,,,,,,,,,,,,,,,,,,,,,,,,,,,,,,,,,,,,,,,,,,,,,,,,,,,,
,,,,,,,,,,,,,,,,,,,,,,,,,,,,,,,,,,,,,,,,,,,,,,,,,,,,,,,,,,,
,,,,,,,,,,,,,,,,,,,,,,,,,,,,,,,,,,,,,,,,,,,,,,,,,,,,,,,,,,,
,,,,,,,,,,,,,,,,,,,,,,,,,,,,,,,,,,,,,,,,,,,,,,,,,,,,,,,,,,,
,,,,,,,,,,,,,,,,,,,,,,,,,,,,,,,,,,,,,,,,,,,,,,,,,,,,,,,,,,,
,,,,,,,,,,,,,,,,,,,,,,,,,,,,,,,,,,,,,,,,,,,,,,,,,,,,,,,,,,,
,,,,,,,,,,,,,,,,,,,,,,,,,,,,,,,,,,,,,,,,,,,,,,,,,,,,,,,,,,,
,,,,,,,,,,,,,,,,,,,,,,,,,,,,,,,,,,,,,,,,,,,,,,,,,,,,,,,,,,,
,,,,,,,,,,,,,,,,,,,,,,,,,,,,,,,,,,,,,,,,,,,,,,,,,,,,,,,,,,,
,,,,,,,,,,,,,,,,,,,,,,,,,,,,,,,,,,,,,,,,,,,,,,,,,,,,,,,,,,,
,,,,,,,,,,,,,,,,,,,,,,,,,,,,,,,,,,,,,,,,,,,,,,,,,,,,,,,,,,,
,,,,,,,,,,,,,,,,,,,,,,,,,,,,,,,,,,,,,,,,,,,,,,,,,,,,,,,,,,,
,,,,,,,,,,,,,,,,,,,,,,,,,,,,,,,,,,,,,,,,,,,,,,,,,,,,,,,,,,,
,,,,,,,,,,,,,,,,,,,,,,,,,,,,,,,,,,,,,,,,,,,,,,,,,,,,,,,,,,,
,,,,,,,,,,,,,,,,,,,,,,,,,,,,,,,,,,,,,,,,,,,,,,,,,,,,,,,,,,,
,,,,,,,,,,,,,,,,,,,,,,,,,,,,,,,,,,,,,,,,,,,,,,,,,,,,,,,,,,,
,,,,,,,,,,,,,,,,,,,,,,,,,,,,,,,,,,,,,,,,,,,,,,,,,,,,,,,,,,,
,,,,,,,,,,,,,,,,,,,,,,,,,,,,,,,,,,,,,,,,,,,,,,,,,,,,,,,,,,,
,,,,,,,,,,,,,,,,,,,,,,,,,,,,,,,,,,,,,,,,,,,,,,,,,,,,,,,,,,,
,,,,,,,,,,,,,,,,,,,,,,,,,,,,,,,,,,,,,,,,,,,,,,,,,,,,,,,,,,,
,,,,,,,,,,,,,,,,,,,,,,,,,,,,,,,,,,,,,,,,,,,,,,,,,,,,,,,,,,,
,,,,,,,,,,,,,,,,,,,,,,,,,,,,,,,,,,,,,,,,,,,,,,,,,,,,,,,,,,,
,,,,,,,,,,,,,,,,,,,,,,,,,,,,,,,,,,,,,,,,,,,,,,,,,,,,,,,,,,,
,,,,,,,,,,,,,,,,,,,,,,,,,,,,,,,,,,,,,,,,,,,,,,,,,,,,,,,,,,,
,,,,,,,,,,,,,,,,,,,,,,,,,,,,,,,,,,,,,,,,,,,,,,,,,,,,,,,,,,,
,,,,,,,,,,,,,,,,,,,,,,,,,,,,,,,,,,,,,,,,,,,,,,,,,,,,,,,,,,,
,,,,,,,,,,,,,,,,,,,,,,,,,,,,,,,,,,,,,,,,,,,,,,,,,,,,,,,,,,,
,,,,,,,,,,,,,,,,,,,,,,,,,,,,,,,,,,,,,,,,,,,,,,,,,,,,,,,,,,,
,,,,,,,,,,,,,,,,,,,,,,,,,,,,,,,,,,,,,,,,,,,,,,,,,,,,,,,,,,,
,,,,,,,,,,,,,,,,,,,,,,,,,,,,,,,,,,,,,,,,,,,,,,,,,,,,,,,,,,,
,,,,,,,,,,,,,,,,,,,,,,,,,,,,,,,,,,,,,,,,,,,,,,,,,,,,,,,,,,,
,,,,,,,,,,,,,,,,,,,,,,,,,,,,,,,,,,,,,,,,,,,,,,,,,,,,,,,,,,,
,,,,,,,,,,,,,,,,,,,,,,,,,,,,,,,,,,,,,,,,,,,,,,,,,,,,,,,,,,,
,,,,,,,,,,,,,,,,,,,,,,,,,,,,,,,,,,,,,,,,,,,,,,,,,,,,,,,,,,,
,,,,,,,,,,,,,,,,,,,,,,,,,,,,,,,,,,,,,,,,,,,,,,,,,,,,,,,,,,,
,,,,,,,,,,,,,,,,,,,,,,,,,,,,,,,,,,,,,,,,,,,,,,,,,,,,,,,,,,,
,,,,,,,,,,,,,,,,,,,,,,,,,,,,,,,,,,,,,,,,,,,,,,,,,,,,,,,,,,,
,,,,,,,,,,,,,,,,,,,,,,,,,,,,,,,,,,,,,,,,,,,,,,,,,,,,,,,,,,,
,,,,,,,,,,,,,,,,,,,,,,,,,,,,,,,,,,,,,,,,,,,,,,,,,,,,,,,,,,,
,,,,,,,,,,,,,,,,,,,,,,,,,,,,,,,,,,,,,,,,,,,,,,,,,,,,,,,,,,,
,,,,,,,,,,,,,,,,,,,,,,,,,,,,,,,,,,,,,,,,,,,,,,,,,,,,,,,,,,,
,,,,,,,,,,,,,,,,,,,,,,,,,,,,,,,,,,,,,,,,,,,,,,,,,,,,,,,,,,,
,,,,,,,,,,,,,,,,,,,,,,,,,,,,,,,,,,,,,,,,,,,,,,,,,,,,,,,,,,,
,,,,,,,,,,,,,,,,,,,,,,,,,,,,,,,,,,,,,,,,,,,,,,,,,,,,,,,,,,,
,,,,,,,,,,,,,,,,,,,,,,,,,,,,,,,,,,,,,,,,,,,,,,,,,,,,,,,,,,,
,,,,,,,,,,,,,,,,,,,,,,,,,,,,,,,,,,,,,,,,,,,,,,,,,,,,,,,,,,,
,,,,,,,,,,,,,,,,,,,,,,,,,,,,,,,,,,,,,,,,,,,,,,,,,,,,,,,,,,,
,,,,,,,,,,,,,,,,,,,,,,,,,,,,,,,,,,,,,,,,,,,,,,,,,,,,,,,,,,,
,,,,,,,,,,,,,,,,,,,,,,,,,,,,,,,,,,,,,,,,,,,,,,,,,,,,,,,,,,,
,,,,,,,,,,,,,,,,,,,,,,,,,,,,,,,,,,,,,,,,,,,,,,,,,,,,,,,,,,,
,,,,,,,,,,,,,,,,,,,,,,,,,,,,,,,,,,,,,,,,,,,,,,,,,,,,,,,,,,,
,,,,,,,,,,,,,,,,,,,,,,,,,,,,,,,,,,,,,,,,,,,,,,,,,,,,,,,,,,,
,,,,,,,,,,,,,,,,,,,,,,,,,,,,,,,,,,,,,,,,,,,,,,,,,,,,,,,,,,,
,,,,,,,,,,,,,,,,,,,,,,,,,,,,,,,,,,,,,,,,,,,,,,,,,,,,,,,,,,,
,,,,,,,,,,,,,,,,,,,,,,,,,,,,,,,,,,,,,,,,,,,,,,,,,,,,,,,,,,,
,,,,,,,,,,,,,,,,,,,,,,,,,,,,,,,,,,,,,,,,,,,,,,,,,,,,,,,,,,,
,,,,,,,,,,,,,,,,,,,,,,,,,,,,,,,,,,,,,,,,,,,,,,,,,,,,,,,,,,,
,,,,,,,,,,,,,,,,,,,,,,,,,,,,,,,,,,,,,,,,,,,,,,,,,,,,,,,,,,,
,,,,,,,,,,,,,,,,,,,,,,,,,,,,,,,,,,,,,,,,,,,,,,,,,,,,,,,,,,,
,,,,,,,,,,,,,,,,,,,,,,,,,,,,,,,,,,,,,,,,,,,,,,,,,,,,,,,,,,,
,,,,,,,,,,,,,,,,,,,,,,,,,,,,,,,,,,,,,,,,,,,,,,,,,,,,,,,,,,,
,,,,,,,,,,,,,,,,,,,,,,,,,,,,,,,,,,,,,,,,,,,,,,,,,,,,,,,,,,,
,,,,,,,,,,,,,,,,,,,,,,,,,,,,,,,,,,,,,,,,,,,,,,,,,,,,,,,,,,,
,,,,,,,,,,,,,,,,,,,,,,,,,,,,,,,,,,,,,,,,,,,,,,,,,,,,,,,,,,,
,,,,,,,,,,,,,,,,,,,,,,,,,,,,,,,,,,,,,,,,,,,,,,,,,,,,,,,,,,,
,,,,,,,,,,,,,,,,,,,,,,,,,,,,,,,,,,,,,,,,,,,,,,,,,,,,,,,,,,,
,,,,,,,,,,,,,,,,,,,,,,,,,,,,,,,,,,,,,,,,,,,,,,,,,,,,,,,,,,,
,,,,,,,,,,,,,,,,,,,,,,,,,,,,,,,,,,,,,,,,,,,,,,,,,,,,,,,,,,,
,,,,,,,,,,,,,,,,,,,,,,,,,,,,,,,,,,,,,,,,,,,,,,,,,,,,,,,,,,,
,,,,,,,,,,,,,,,,,,,,,,,,,,,,,,,,,,,,,,,,,,,,,,,,,,,,,,,,,,,
,,,,,,,,,,,,,,,,,,,,,,,,,,,,,,,,,,,,,,,,,,,,,,,,,,,,,,,,,,,
,,,,,,,,,,,,,,,,,,,,,,,,,,,,,,,,,,,,,,,,,,,,,,,,,,,,,,,,,,,
,,,,,,,,,,,,,,,,,,,,,,,,,,,,,,,,,,,,,,,,,,,,,,,,,,,,,,,,,,,
,,,,,,,,,,,,,,,,,,,,,,,,,,,,,,,,,,,,,,,,,,,,,,,,,,,,,,,,,,,
,,,,,,,,,,,,,,,,,,,,,,,,,,,,,,,,,,,,,,,,,,,,,,,,,,,,,,,,,,,
,,,,,,,,,,,,,,,,,,,,,,,,,,,,,,,,,,,,,,,,,,,,,,,,,,,,,,,,,,,
,,,,,,,,,,,,,,,,,,,,,,,,,,,,,,,,,,,,,,,,,,,,,,,,,,,,,,,,,,,
,,,,,,,,,,,,,,,,,,,,,,,,,,,,,,,,,,,,,,,,,,,,,,,,,,,,,,,,,,,
,,,,,,,,,,,,,,,,,,,,,,,,,,,,,,,,,,,,,,,,,,,,,,,,,,,,,,,,,,,
,,,,,,,,,,,,,,,,,,,,,,,,,,,,,,,,,,,,,,,,,,,,,,,,,,,,,,,,,,,
,,,,,,,,,,,,,,,,,,,,,,,,,,,,,,,,,,,,,,,,,,,,,,,,,,,,,,,,,,,
,,,,,,,,,,,,,,,,,,,,,,,,,,,,,,,,,,,,,,,,,,,,,,,,,,,,,,,,,,,
,,,,,,,,,,,,,,,,,,,,,,,,,,,,,,,,,,,,,,,,,,,,,,,,,,,,,,,,,,,
,,,,,,,,,,,,,,,,,,,,,,,,,,,,,,,,,,,,,,,,,,,,,,,,,,,,,,,,,,,
,,,,,,,,,,,,,,,,,,,,,,,,,,,,,,,,,,,,,,,,,,,,,,,,,,,,,,,,,,,
,,,,,,,,,,,,,,,,,,,,,,,,,,,,,,,,,,,,,,,,,,,,,,,,,,,,,,,,,,,
,,,,,,,,,,,,,,,,,,,,,,,,,,,,,,,,,,,,,,,,,,,,,,,,,,,,,,,,,,,
,,,,,,,,,,,,,,,,,,,,,,,,,,,,,,,,,,,,,,,,,,,,,,,,,,,,,,,,,,,
,,,,,,,,,,,,,,,,,,,,,,,,,,,,,,,,,,,,,,,,,,,,,,,,,,,,,,,,,,,
,,,,,,,,,,,,,,,,,,,,,,,,,,,,,,,,,,,,,,,,,,,,,,,,,,,,,,,,,,,
,,,,,,,,,,,,,,,,,,,,,,,,,,,,,,,,,,,,,,,,,,,,,,,,,,,,,,,,,,,
,,,,,,,,,,,,,,,,,,,,,,,,,,,,,,,,,,,,,,,,,,,,,,,,,,,,,,,,,,,
,,,,,,,,,,,,,,,,,,,,,,,,,,,,,,,,,,,,,,,,,,,,,,,,,,,,,,,,,,,
,,,,,,,,,,,,,,,,,,,,,,,,,,,,,,,,,,,,,,,,,,,,,,,,,,,,,,,,,,,
,,,,,,,,,,,,,,,,,,,,,,,,,,,,,,,,,,,,,,,,,,,,,,,,,,,,,,,,,,,
,,,,,,,,,,,,,,,,,,,,,,,,,,,,,,,,,,,,,,,,,,,,,,,,,,,,,,,,,,,
,,,,,,,,,,,,,,,,,,,,,,,,,,,,,,,,,,,,,,,,,,,,,,,,,,,,,,,,,,,
,,,,,,,,,,,,,,,,,,,,,,,,,,,,,,,,,,,,,,,,,,,,,,,,,,,,,,,,,,,
,,,,,,,,,,,,,,,,,,,,,,,,,,,,,,,,,,,,,,,,,,,,,,,,,,,,,,,,,,,
,,,,,,,,,,,,,,,,,,,,,,,,,,,,,,,,,,,,,,,,,,,,,,,,,,,,,,,,,,,
,,,,,,,,,,,,,,,,,,,,,,,,,,,,,,,,,,,,,,,,,,,,,,,,,,,,,,,,,,,
,,,,,,,,,,,,,,,,,,,,,,,,,,,,,,,,,,,,,,,,,,,,,,,,,,,,,,,,,,,
,,,,,,,,,,,,,,,,,,,,,,,,,,,,,,,,,,,,,,,,,,,,,,,,,,,,,,,,,,,
,,,,,,,,,,,,,,,,,,,,,,,,,,,,,,,,,,,,,,,,,,,,,,,,,,,,,,,,,,,
,,,,,,,,,,,,,,,,,,,,,,,,,,,,,,,,,,,,,,,,,,,,,,,,,,,,,,,,,,,
,,,,,,,,,,,,,,,,,,,,,,,,,,,,,,,,,,,,,,,,,,,,,,,,,,,,,,,,,,,
,,,,,,,,,,,,,,,,,,,,,,,,,,,,,,,,,,,,,,,,,,,,,,,,,,,,,,,,,,,
,,,,,,,,,,,,,,,,,,,,,,,,,,,,,,,,,,,,,,,,,,,,,,,,,,,,,,,,,,,
,,,,,,,,,,,,,,,,,,,,,,,,,,,,,,,,,,,,,,,,,,,,,,,,,,,,,,,,,,,
,,,,,,,,,,,,,,,,,,,,,,,,,,,,,,,,,,,,,,,,,,,,,,,,,,,,,,,,,,,
,,,,,,,,,,,,,,,,,,,,,,,,,,,,,,,,,,,,,,,,,,,,,,,,,,,,,,,,,,,
,,,,,,,,,,,,,,,,,,,,,,,,,,,,,,,,,,,,,,,,,,,,,,,,,,,,,,,,,,,
,,,,,,,,,,,,,,,,,,,,,,,,,,,,,,,,,,,,,,,,,,,,,,,,,,,,,,,,,,,
,,,,,,,,,,,,,,,,,,,,,,,,,,,,,,,,,,,,,,,,,,,,,,,,,,,,,,,,,,,
,,,,,,,,,,,,,,,,,,,,,,,,,,,,,,,,,,,,,,,,,,,,,,,,,,,,,,,,,,,
,,,,,,,,,,,,,,,,,,,,,,,,,,,,,,,,,,,,,,,,,,,,,,,,,,,,,,,,,,,
,,,,,,,,,,,,,,,,,,,,,,,,,,,,,,,,,,,,,,,,,,,,,,,,,,,,,,,,,,,
,,,,,,,,,,,,,,,,,,,,,,,,,,,,,,,,,,,,,,,,,,,,,,,,,,,,,,,,,,,
,,,,,,,,,,,,,,,,,,,,,,,,,,,,,,,,,,,,,,,,,,,,,,,,,,,,,,,,,,,
,,,,,,,,,,,,,,,,,,,,,,,,,,,,,,,,,,,,,,,,,,,,,,,,,,,,,,,,,,,
,,,,,,,,,,,,,,,,,,,,,,,,,,,,,,,,,,,,,,,,,,,,,,,,,,,,,,,,,,,
,,,,,,,,,,,,,,,,,,,,,,,,,,,,,,,,,,,,,,,,,,,,,,,,,,,,,,,,,,,
,,,,,,,,,,,,,,,,,,,,,,,,,,,,,,,,,,,,,,,,,,,,,,,,,,,,,,,,,,,
,,,,,,,,,,,,,,,,,,,,,,,,,,,,,,,,,,,,,,,,,,,,,,,,,,,,,,,,,,,
,,,,,,,,,,,,,,,,,,,,,,,,,,,,,,,,,,,,,,,,,,,,,,,,,,,,,,,,,,,
,,,,,,,,,,,,,,,,,,,,,,,,,,,,,,,,,,,,,,,,,,,,,,,,,,,,,,,,,,,
,,,,,,,,,,,,,,,,,,,,,,,,,,,,,,,,,,,,,,,,,,,,,,,,,,,,,,,,,,,
,,,,,,,,,,,,,,,,,,,,,,,,,,,,,,,,,,,,,,,,,,,,,,,,,,,,,,,,,,,
,,,,,,,,,,,,,,,,,,,,,,,,,,,,,,,,,,,,,,,,,,,,,,,,,,,,,,,,,,,
,,,,,,,,,,,,,,,,,,,,,,,,,,,,,,,,,,,,,,,,,,,,,,,,,,,,,,,,,,,
,,,,,,,,,,,,,,,,,,,,,,,,,,,,,,,,,,,,,,,,,,,,,,,,,,,,,,,,,,,
,,,,,,,,,,,,,,,,,,,,,,,,,,,,,,,,,,,,,,,,,,,,,,,,,,,,,,,,,,,
,,,,,,,,,,,,,,,,,,,,,,,,,,,,,,,,,,,,,,,,,,,,,,,,,,,,,,,,,,,
,,,,,,,,,,,,,,,,,,,,,,,,,,,,,,,,,,,,,,,,,,,,,,,,,,,,,,,,,,,
,,,,,,,,,,,,,,,,,,,,,,,,,,,,,,,,,,,,,,,,,,,,,,,,,,,,,,,,,,,
,,,,,,,,,,,,,,,,,,,,,,,,,,,,,,,,,,,,,,,,,,,,,,,,,,,,,,,,,,,
,,,,,,,,,,,,,,,,,,,,,,,,,,,,,,,,,,,,,,,,,,,,,,,,,,,,,,,,,,,
,,,,,,,,,,,,,,,,,,,,,,,,,,,,,,,,,,,,,,,,,,,,,,,,,,,,,,,,,,,
,,,,,,,,,,,,,,,,,,,,,,,,,,,,,,,,,,,,,,,,,,,,,,,,,,,,,,,,,,,
,,,,,,,,,,,,,,,,,,,,,,,,,,,,,,,,,,,,,,,,,,,,,,,,,,,,,,,,,,,
,,,,,,,,,,,,,,,,,,,,,,,,,,,,,,,,,,,,,,,,,,,,,,,,,,,,,,,,,,,
,,,,,,,,,,,,,,,,,,,,,,,,,,,,,,,,,,,,,,,,,,,,,,,,,,,,,,,,,,,
,,,,,,,,,,,,,,,,,,,,,,,,,,,,,,,,,,,,,,,,,,,,,,,,,,,,,,,,,,,
,,,,,,,,,,,,,,,,,,,,,,,,,,,,,,,,,,,,,,,,,,,,,,,,,,,,,,,,,,,
,,,,,,,,,,,,,,,,,,,,,,,,,,,,,,,,,,,,,,,,,,,,,,,,,,,,,,,,,,,
,,,,,,,,,,,,,,,,,,,,,,,,,,,,,,,,,,,,,,,,,,,,,,,,,,,,,,,,,,,
,,,,,,,,,,,,,,,,,,,,,,,,,,,,,,,,,,,,,,,,,,,,,,,,,,,,,,,,,,,
,,,,,,,,,,,,,,,,,,,,,,,,,,,,,,,,,,,,,,,,,,,,,,,,,,,,,,,,,,,
,,,,,,,,,,,,,,,,,,,,,,,,,,,,,,,,,,,,,,,,,,,,,,,,,,,,,,,,,,,
,,,,,,,,,,,,,,,,,,,,,,,,,,,,,,,,,,,,,,,,,,,,,,,,,,,,,,,,,,,
,,,,,,,,,,,,,,,,,,,,,,,,,,,,,,,,,,,,,,,,,,,,,,,,,,,,,,,,,,,
,,,,,,,,,,,,,,,,,,,,,,,,,,,,,,,,,,,,,,,,,,,,,,,,,,,,,,,,,,,
,,,,,,,,,,,,,,,,,,,,,,,,,,,,,,,,,,,,,,,,,,,,,,,,,,,,,,,,,,,
,,,,,,,,,,,,,,,,,,,,,,,,,,,,,,,,,,,,,,,,,,,,,,,,,,,,,,,,,,,
,,,,,,,,,,,,,,,,,,,,,,,,,,,,,,,,,,,,,,,,,,,,,,,,,,,,,,,,,,,
,,,,,,,,,,,,,,,,,,,,,,,,,,,,,,,,,,,,,,,,,,,,,,,,,,,,,,,,,,,
,,,,,,,,,,,,,,,,,,,,,,,,,,,,,,,,,,,,,,,,,,,,,,,,,,,,,,,,,,,
,,,,,,,,,,,,,,,,,,,,,,,,,,,,,,,,,,,,,,,,,,,,,,,,,,,,,,,,,,,
,,,,,,,,,,,,,,,,,,,,,,,,,,,,,,,,,,,,,,,,,,,,,,,,,,,,,,,,,,,
,,,,,,,,,,,,,,,,,,,,,,,,,,,,,,,,,,,,,,,,,,,,,,,,,,,,,,,,,,,
