"  ","","","CURRENT IN USE","","","","","","","","","","","","","","","","","USARIVER","Kikatiti route DYW","","","","","","","","","","","","","","","Nshupu Route  - EBP","","","","","","","","","","","","","","","Kiwawa - APW","","","","","","","","","","","","","","","Tengeru ","","","","","","","","","","","","","","","Kambini - BHM"," ","","","","","","","","","","","","","","Moshono - CPP","","","","","","","","","","","","","","","Mianzini - DDA","","","","","","","","","","","","","","","Sabato - BAE","","","","","","","","","","","","","","","Nkoaranga - BUF","","","","","","","","","","","","","","","Ebenezer - DSD","","","","","","","","","","","","","","","","Young Boys - BAE","","","","","","","","","","","","","","","","ARUSHA MODERN","MOROMBO ROUTE (EBM)","","","","","","","","","","","","","","","AM SAKINA (CHE)","","","","","","","","","","","","","","","AM NGARAMTONI (BMC)","","","","","","","","","","","","","","","AM MOSHONO (DKS)","","","","","","","","","","","","","","","MBEGU","KIJENGE","","","","","","","","","","","","","","","KIJENGE Back up","Hiace DKS","","","","","","","","","","","","","","ILBORU (Normal route)","","","","","","","","","","","","","","","ILBORU - Back up)","Coaster Che","","","","","","","","","","","","","","BOMA","","","","","","","","","","","","","","","TOTAL","611"
"","","Campus","BUS NO","BUS TYPE","","","","","ROUTE","DRIVER","BUS ATTENDANT","BUS ATTENDANT POSITION","OWNER","","","","","","","","NAME OF STUDENT","STATUS","PLATE NO","PHONE No","GRADE","DESTINATION","","","","GPS","LAT/LONG","","DISTANCE CATEGORY","","","NAME OF STUDENT","STATUS","PLATE NO","","GRADE","DESTINATION","","","","GPS","LAT/LONG","","DISTANCE CATEGORY","","","NAME OF STUDENT","STATUS","PLATE NO","","GRADE","DESTINATION","","","","LAT/LONG","","","DISTANCE CATEGORY","","","NAME OF STUDENT","STATUS","PLATE NO","","GRADE","DESTINATION","","TIME - EVENING","","GPS","LAT/LONG","","DISTANCE CATEGORY","","","NAME OF STUDENT","STATUS","PLATE NO","PHONE No","GRADE","DESTINATION","","","","GPS","LAT/LONG","","DISTANCE CATEGORY","","","NAME OF STUDENT","STATUS","PLATE NO","PHONE No","GRADE","DESTINATION","","","","GPS","LAT/LONG","","DISTANCE CATEGORY","","STATUS","NAME OF STUDENT","STATUS","PLATE NO","","GRADE","DESTINATION","","TIME - EVENING","","GPS","LAT/LONG","","DISTANCE CATEGORY","","","NAME OF STUDENT","STATUS","PLATE NO","","GRADE","DESTINATION","TIME - MORNING","TIME - EVENING","","GPS","LAT/LONG","","DISTANCE CATEGORY","","","NAME OF STUDENT","STATUS","PLATE NO","","GRADE","DESTINATION","","","","GPS","LAT/LONG","","DISTANCE CATEGORY","","","NAME OF STUDENT","STATUS","","PLATE NO","PHONE No","GRADE","DESTINATION","","","","GPS","LAT/LONG","","DISTANCE CATEGORY","","","NAME OF STUDENT","STATUS","","PLATE NO","","GRADE","DESTINATION","","","","GPS","LAT/LONG","","DISTANCE CATEGORY","","","","NAME OF STUDENT","STATUS","PLATE NO","PHONE No","GRADE","DESTINATION","","","","GPS","LAT/LONG","","DISTANCE CATEGORY","","","NAME OF STUDENT","STATUS","PLATE NO","","GRADE","DESTINATION","","","","GPS","LAT/LONG","","DISTANCE CATEGORY","","","NAME OF STUDENT","STATUS","PLATE NO","","GRADE","DESTINATION","","","","GPS","LAT/LONG","","DISTANCE CATEGORY","","","NAME OF STUDENT","STATUS","PLATE NO","","GRADE","DESTINATION","","TIME - EVENING","","","","","DISTANCE CATEGORY","","","","NAME OF STUDENT","STATUS","PLATE NO","","GRADE","DESTINATION","","","","GPS","LAT/LONG","","DISTANCE CATEGORY","","","NAME OF STUDENT","STATUS","PLATE NO","","GRADE","DESTINATION","TIME - MORNING","TIME - EVENING","","GPS","LAT/LONG","","DISTANCE CATEGORY","","","NAME OF STUDENT","STATUS","PLATE NO","","GRADE","DESTINATION","","","","GPS","LAT/LONG","","DISTANCE CATEGORY","","","NAME OF STUDENT","STATUS","PLATE NO","","GRADE","DESTINATION","","","","GPS","LAT/LONG","","DISTANCE CATEGORY","","","NAME OF STUDENT","STATUS","PLATE NO","","GRADE","DESTINATION","TIME - MORNING","TIME - EVENING","","LAT/LONG","LAT/LONG","","DISTANCE CATEGORY","","","Usariver","419"
"","1","Usariver","T 910 APW -","COASTER","30","45","43","2","Kiwawa","Erick Levis","Happy Max","Cleaner","SLA","","","","","","","","Usariver School","","","","","","","","","3°21'37.6""S 36°51'55.4""E","-3.360444, 36.865389","","","","","Usariver School","","","","","","","","","3°21'37.6""S 36°51'55.4""E","-3.360444, 36.865389","","","","","Usariver School","","","","","","","","","3°21'37.6""S 36°51'55.4""E","-3.360444, 36.865389","","","","","Usariver School","","","","","","","","","3°21'37.6""S 36°51'55.4""E","-3.360444, 36.865389","","","","","Usariver School","","","","","","","","","3°21'37.6""S 36°51'55.4""E","-3.360444, 36.865389","","","","","Usariver School","","","","","","","","","3°21'37.6""S 36°51'55.4""E","-3.360444, 36.865389","","","","","Usariver School","","","","","","","","","3°21'37.6""S 36°51'55.4""E","-3.360444, 36.865389","","","","","Usariver School","","","","","","","","","3°21'37.6""S 36°51'55.4""E","-3.360444, 36.865389","","","","","Usariver School","","","","","","","","","3°21'37.6""S 36°51'55.4""E","-3.360444, 36.865389","","","","","Usariver School","","","","","","","","","","3°21'37.6""S 36°51'55.4""E","-3.360444, 36.865389","","","","","Usariver School","","","","","","","","","","3°21'37.6""S 36°51'55.4""E","-3.360444, 36.865389","","","","","","Arusha Modern","","","","","","","","","3°21'42.6""S 36°39'39.7""E","-3.361833, 36.661028","","","","","Arusha Modern","","","","","","","","","3°21'42.6""S 36°39'39.7""E","-3.361833, 36.661028","","","","","Arusha Modern","","","","","","","","","3°21'42.6""S 36°39'39.7""E","","","","","","Arusha Modern","","","","","","","","","3°21'42.6""S 36°39'39.7""E","","","","","","","Kijenge - Campus","","","","","","","","","3°22'58.4""S 36°42'38.8""E","-3.382889, 36.710778","","","","","Kijenge - Campus","","","","","","","","","3°22'58.4""S 36°42'38.8""E","-3.382889, 36.710778","","","","","Ilboru - Campus","","","","","","9:00","2:50","","3°21'10.4""S 36°41'21.7""E","-3.352889, 36.689361","","","","","Ilboru - Campus","","","","","","9:00","2:50","","3°21'10.4""S 36°41'21.7""E","-3.352889, 36.689361","","","","","Boma Campus","","","","","","","","","-3.341250, 37.145500","","","","","","Arusha Modern","119"
"","2","Usariver","CPP","COASTER","30","45","33","12","East Africa - Moshono","George","Sarafina","Cleaner ","Karume","","","","","","","","Brighter Elias Sriagi","","T108 DYW","0754418250 / 0713898333","kg1","Kibao cha 51","","","1/13/2026","3°22'36.1""S 36°54'09.4""E","-3.376694, 36.902611","4.5","0 to 5","550,000","","KENDRICK GELLEO GODSTONE","Two ways","T326 EBP","755970902","KG2","GATE WAY","7:55:00 AM","4:39:00 PM","1/13/2026","3°22'03""S 36°50'56""E","-3.367500, 36.848889","2.0","0 to 5","550,000","","ANNACHARITY VICTOR WIKETYE","Two ways","T910 APW","","KG2","Mali Asili","6:20","4:20","1/13/2026","3°19'31""S 36°52'26""E","-3.325278, 36.873889","4","0 to 5","550,000","","LAURAH JEREMIAH PALLANGYO","Two ways","T348 DKS","","G1","Tengeru darajani","6:36","17:11 PM","1/13/2026","3°21'48""S 36°47'02""E","-3.363333, 36.783889","9","6 to 10","700,000","","IVAN FRANK WILSON","Two ways","T236 BHM","764481026","KG2","Kwa Aloyce juu","","","1/13/2026","3°21'58""S 36°53'00""E","-3.366111, 36.883333","2","0 to 5","550,000","","DUNCAN VICTOR KISAMO","Two ways","T418 EBM","0764645159 - 0787079498","G3","SIARA","6:00","6:20","1/13/2026","3°23'12.7""S 36°50'10.8""E","-3.386861, 36.836333","4","0 to 5","550,000","","Arianna Godlove Kirimbo","Two ways","T 226 CPP","767257180","G1","Shangarai - Ambreni","6:45","4:20","1/13/2026","3°22'27""S 36°45'19""E","-3.374167, 36.755278","12","11 to 15","800,000","","BRUNO SYLVESTER NYANGAKA","Two ways","T585 BAE","","G2","Sabato chini","6:00","05:10 pm","1/13/2026","3°22'03""S 36°53'30""E","-3.367500, 36.891667","3","0 to 5","550,000","","TRISHA OBADIA MBISE","Two ways","","","KG2","Vaneria kwa ndani","8:00","4:00","1/13/2026","3°21'53.0""S 36°51'57.0""E","-3.364722, 36.865833","0.5","0 to 5","550,000","","GLORY ABISAI SWAI","","","DYW","0752358870","G4","EBENEZER ORPHANAGE","","","1/13/2026","3°21'14.3""S 36°54'32.8""E","-3.353972, 36.909111","5","0 to 5","550,000","","DAVID LUKUBA","","7","BAE - Young boys","788507873","G5","Ngongongare (Young boys)","8:10","3:50","1/13/2026","3°19'18""S 36°52'59""E","-3.321667, 36.883056","5","0 to 5","550,000","","","YVONNE PETER MICHAEL","Two ways","T418EBM","766217130","G4","Shamsi","7:50","3:55","1/13/2026","3°22'12.8""S 36°39'53.4""E","-3.370222, 36.664833","1.0","0 to 5","550,000","","JOVIN ORGENESS MASSAWE","Two ways","T199CHE","787884859","G6","Kiding'a","6:17","5:14","1/13/2026","3°19'36.4""S 36°41'08.2""E","-3.326778, 36.685611","5","0 to 5","550,000","","ABIB ALLY MALISA","Two ways","T400BMC","752624990","G3","Ngaramtoni","5:52","5:45","1/13/2026","3°19'24.3""S 36°38'13.5""E","-3.323417, 36.637083","5.0","6 to 10","700,000","","RODNEY JOVINUS JOSEPHAT","Two ways","T348DKS","752207908","G1","Boma Siara ","6:20","","1/13/2026","3°22'27.3""S 36°45'10.0""E","-3.374250, 36.752778","10.3","11 to 15","800,000","","","Lee  Linus Woisso","One way","T814DVA","657374159","Baby","Kaloleni","","16:05","1/13/2026","3°22'03.2""S 36°41'13.9""E","-3.367556, 36.687194","3.12","0 to 5","550,000","","Liam Keith Bethuel","Two ways","T814DVA","754740679","Baby","Sinoni College","AM","AM","1/13/2026","3°21'31.7""S 36°42'53.3""E","-3.358806, 36.714806","2.71","0 to 5","550,000","","RYAN FRANK BAGUMA","Two ways","","763370027","baby","Kiding'a","7:39","2:54","1/13/2026","3°19'41.7""S 36°41'09.3""E","-3.328250, 36.685917","2.77","0 to 5","550,000","","ELON FAUSTIN MMARI","Two ways","","764170011","baby","Sakina","7:15","3:00","1/13/2026","3°21'39.7""S 36°40'32.2""E","-3.361028, 36.675611","1.77","0 to 5","550,000","","DENCY ALBERT GRAYSON","","","618250774","KG2","CCM","","","1/13/2026","-3.338928, 37.122979","","2.51","0 to 5","550,000","","Kijenge ","31"
"","2.1","Usariver","Coaster BAE - Young boys","Coaster","30","45","25","20","Ngongongare","Elibariki","Anna Willium","Cleaner","Karume","","","","","","","","TRAVIS AZIZ SWAI","","T108 DYW","679927956","KG2","Maji ya Chai (Dampo)","7:35","4:30","1/13/2026","3°22'36.1""S 36°54'09.4""E","-3.376694, 36.902611","4.5","0 to 5","550,000","","Ellen Eliwo Sumari","Two ways","T326 EBP","784479030","KG2","Sangananu","7:05:00 AM","4:22:00 AM","1/13/2026","3°21'12""S 36°51'26""E","-3.353333, 36.857222","1.2","0 to 5","550,000","","JESSICA MOURICE MZALIA","Two ways","T910 APW","789460118","G4","KIWAWA","6:10","4:30","1/13/2026","3°20'52""S 36°52'33""E","-3.347778, 36.875833","2","0 to 5","550,000","","IVAN GODLOVE MALYA","Two ways","T348 DKS","714472478","KG2","Tengeru mifugo","7:32","16:34 PM","1/13/2026","3°23'14""S 36°47'56""E","-3.387222, 36.798889","8","6 to 10","700,000","","MALCOLM JOSEPH NDEKETERA","Two ways","T236 BHM","768903190","G2","Kambi ya pili bar mpya","","","1/13/2026","3°21'58""S 36°52'58""E","-3.366111, 36.882778","2","0 to 5","550,000","","Ephraim Paul Mrutu","Two ways","T418 EBM","0683915732 - 0784679414","G2","MOSHONO STAND","6:15","5:45","1/13/2026","3°23'33""S 36°44'02""E","-3.392500, 36.733889","15","16 to 20","900,000","","REGAN SUNDAY  MBISE","Two ways","T 226 CPP","763758693","G3","SHANGARAI","6:58","5:26","1/13/2026","3°22'33""S 36°45'10""E","-3.375833, 36.752778","13","11 to 15","800,000","","THAWABU RAJABU Naroro","One way","T585 BAE","782123700","G3","St. Francis Juu","6:05","","1/13/2026","3°22'27""S 36°53'22""E","-3.374167, 36.889444","3","0 to 5","550,000","","Endrica Deogratious Kessy","Two ways","","744493030","G4","Makumira","7:35","4:55","1/13/2026","3°22'46.4""S 36°49'46.3""E","-3.379556, 36.829528","4.5","0 to 5","550,000","","ENJO ELIBARIKI PALLANGYO","Two ways","","DYW","0752358870","G5","EBENEZER ORPHANAGE","6:35","16:30","1/13/2026","3°21'14.3""S 36°54'32.8""E","-3.353972, 36.909111","5","0 to 5","550,000","","IQRAH FARAJI TUPA","","7","BAE - Young boys","788507873","G5","Ngongongare (Young boys)","8:10","3:50","1/13/2026","3°19'18""S 36°52'59""E","-3.321667, 36.883056","5","0 to 5","550,000","","","ANGEL JACKSON MAWOLE","Two ways","T418EBM","717189192","KG1","Shamsi","7:49","","1/13/2026","3°22'21.5""S 36°39'54.6""E","-3.372639, 36.665167","1.3","0 to 5","550,000","","ALVIN ORGENESS MASSAWE","Two ways","T199CHE","787884859","G2","Kiding'a","6:17","5:14","1/13/2026","3°19'36.4""S 36°41'08.2""E","-3.326778, 36.685611","4.8","0 to 5","550,000","","TAHIR FUAD ABDALLAH","One way","T400BMC","","kg1","Njia ya shule - Mringa sec","","5:42","1/13/2026","3°19'31.6""S 36°38'02.4""E","-3.325444, 36.634000","5.0","6 to 10","700,000","","AVIYAH DAMIAN DANIEL","Two ways","T348DKS","762674416","G2","sanawari","7:20","","1/13/2026","3°21'27.0""S 36°41'39.3""E","-3.357500, 36.694250","3.7","0 to 5","550,000","","","Rodrick Mosses Kahana","Two ways","T814DVA","719600966","Baby","Olomitu","6:45","18:48","1/13/2026","3°22'47.9""S 36°43'36.0""E","-3.379972, 36.726667","1.79","0 to 5","550,000","","Geovanne Godlisten Tillya","Two ways","T814DVA","714611312","Kg 1","Kijenge chini(CCM)","AM","AM","1/13/2026","3°22'13.6""S 36°42'30.0""E","-3.370444, 36.708333","1.41","0 to 5","550,000","","SIDNEY GOODLUCK KIMARO","Two ways","","752656554","baby","Kiding'a","7:32","2:47","1/13/2026","3°19'42.1""S 36°41'02.3""E","-3.328361, 36.683972","2.79","0 to 5","550,000","","CYRUS CARLSON ROBERT","Two ways","","687369601","Baby","Florida","8:51","3:37","1/13/2026","3°21'59.5""S 36°40'50.2""E","-3.366528, 36.680611","1.8","0 to 5","550,000","","PATRICIAL STEVEN MCHAKI","","","618250774","KG2","CCM","","","1/13/2026","-3.338928, 37.122979","","2.51","0 to 5","550,000","","Ilboru","19"
"","3","Usariver","T 326 EBP","ROSA","30","45","46","-1","Nshupu via Usariver","Sisty Massawe","Sara Thomas","Cleaner","SLA","","","","","","","","MELVINA NADHIRI GUNDA","","T108 DYW","0684435822 - 0769409428","KG1","M/chai Dampo","7:35","4:30","1/13/2026","3°22'22.9""S 36°53'57.3""E","-3.373028, 36.899250","4.0","0 to 5","550,000","","GEMMALYN PETER SHAYO","Two ways","T326 EBP","755641977","G2","MUUNGANO PRIMARY","6:50:00 AM","4:38:00 AM","1/13/2026","3°22'02""S 36°51'14""E","-3.367222, 36.853889","1.5","0 to 5","550,000","","PEACE ELIPOKEA NASSARY","Two ways","T910 APW","","G3","Kiwawa","6:06","4:25","1/13/2026","3°20'28""S 36°53'12""E","-3.341111, 36.886667","3","0 to 5","550,000","","Yusra Ahmad Gido","Two ways","T348 DKS","656879822","G1","Tengeru Mifugo","7:33","16:32 PM","1/13/2026","3°23'06""S 36°48'04""E","-3.385000, 36.801111","8","6 to 10","700,000","","IVAN FRANK LYIMO","Two ways","T236 BHM","753898035","G2","Kambi ya pili bar mpya kushoto","","","1/13/2026","3°21'59""S 36°52'46""E","-3.366389, 36.879444","2","0 to 5","550,000","","Lobulu Lelemai Laizer","Two ways","T418 EBM","0788302287 - 0754643557","KG2","MALAIKA","6:45","5:30","1/13/2026","3°25'40""S 36°44'21""E","-3.427778, 36.739167","16","16 to 20","900,000","","Nicholaus Pater isaay","Two ways","T 226 CPP","","G6","Peace point","6:55","17:20PM","1/13/2026","3°22'22.4""S 36°45'22.0""E","-3.372889, 36.756111","12","11 to 15","800,000","","Aseembusara RAJABU Naroro","One way","T585 BAE","782123700","KG1","St. Francis Juu","6:20","","1/13/2026","3°21'32""S 36°53'45""E","-3.358889, 36.895833","3","0 to 5","550,000","","EILEEN DEOGRATIUS KESSY","Two ways","","744493030","G2","Makumira","7:15","16:49","1/13/2026","3°22'46.4""S 36°49'46.3""E","-3.379556, 36.829528","4.5","0 to 5","550,000","","VINCENT KAIKO SAUDI ","Two ways","","DYW","0752358870","G2","EBENEZER ORPHANAGE","6:35","16:33","1/13/2026","3°21'26.5""S 36°54'38.2""E","-3.357361, 36.910611","5","6 to 10","700,000","","MANSOUR MOHAMMED KAMBI","","7","BAE - Young boys","788507873","G5","Ngongongare (Young boys)","8:10","3:50","1/13/2026","3°19'18""S 36°52'59""E","-3.321667, 36.883056","5","0 to 5","550,000","","","ANDREW SIMON MAEDA","Two ways","T418EBM","767138195","G1","Majengo ya chini","7:40","5:54","1/13/2026","3°22'43.6""S 36°39'23.3""E","-3.378778, 36.656472","2.0","0 to 5","550,000","","NIA NOAH LEKEN","Two ways","T199CHE","652257444","G3","Kiding'a","6:23","5:10","1/13/2026","3°19'41.8""S 36°40'59.1""E","-3.328278, 36.683083","4.5","0 to 5","550,000","","DANIEL WILLIAM KAMARU","Two ways","T400BMC","754480095","G6","Dodoma road","","","1/13/2026","3°19'53.4""S 36°38'08.7""E","-3.331500, 36.635750","4.4","0 to 5","550,000","","AIDAN FULGENCE BIZIMGAMBE","Two ways","T348DKS","763255608","","Sanawari ","7:10","","1/13/2026","3°21'32.6""S 36°42'06.1""E","-3.359056, 36.701694","4.5","0 to 5","550,000","","","Renelle Japhet Naftal","Two ways","T814DVA","713424276","Baby","Moshono -bright future","7:50","","1/13/2026","3°22'51.7""S 36°44'14.6""E","-3.381028, 36.737389","2.96","0 to 5","550,000","","Arriel Nelson Meena","Two ways","T814DVA","758784868","Baby","Kijenge-Tindigani","AM","AM","1/13/2026","3°22'26.7""S 36°42'41.9""E","-3.374083, 36.711639","0.98","0 to 5","550,000","","CHRISTABELLA GODWIN GADI","Two ways","","653734835","KG1","Sanawari","7:58","3:17","1/13/2026","3°20'36.7""S 36°41'12.1""E","-3.343528, 36.686694","1.08","0 to 5","550,000","","GODFACE ALEX","Two ways","","","kg 2","Mianzini","6:54","3:47","1/13/2026","3°21'22.7""S 36°41'03.4""E","-3.356306, 36.684278","0.68","0 to 5","550,000","","STANLEY DEOGRATIUS CHAMI","","","756262850","G2","KANISA CATHOLIC","","","1/13/2026","-3.360768, 37.143512","","2.18","0 to 5","550,000","","Boma","23"
"","4","Usariver","DDA","Coaster","30","45","27","18","Town - Sakina","New Driver","Edivina Godus","Care taker","Karume","","","","","","","","ETHAN IMANI BAHARIA","","T108 DYW","764309626","G2","Munio","7:48","4:15","1/13/2026","3°22'08.0""S 36°53'28.2""E","-3.368889, 36.891167","3.0","0 to 5","550,000","","Prisca Gabriel Mungure","Two ways","T326 EBP","757528416","G2","Nshupu","6:23:00 AM","5:59:00 PM","1/13/2026","3°20'49""S 36°50'04""E","-3.346944, 36.834444","3.8","0 to 5","550,000","","MERCY KANAEL AKYOO","Two ways","T910 APW","789757058","G1","Mangusha","6:28","5:00","1/13/2026","3°20'48""S 36°52'38""E","-3.346667, 36.877222","2","0 to 5","550,000","","RYAN PAUL MANGARE","Two ways","T348 DKS","755084011","G2","Manyata","7:46","16:18 PM","1/13/2026","3°23'51""S 36°50'07""E","-3.397500, 36.835278","5","6 to 10","700,000","","Ebeneza Elia Mbise","One way","T236 BHM","768846910","G1","Kambi ya pili Bar Mpya","6:22","16:38","1/13/2026","3°22'00""S 36°52'51""E","-3.366667, 36.880833","2","0 to 5","550,000","","GOODLUCK DANIEL MWAMBONEKE","Two ways","T418 EBM","713526810","G5","Mlangarini","7:20","5:00","1/13/2026","3°25'33""S 36°47'12""E","-3.425833, 36.786667","11","11 to 15","800,000","","Elianor Edward Rothbletz","Two ways","T 226 CPP","759217239","KG2","Shangarai Mount Meru","7:08","5:15","1/13/2026","3°22'33.4""S 36°45'30.5""E","-3.375944, 36.758472","12","11 to 15","800,000","","JOEL JEREMIANS KEPHA","One way","T585 BAE","624027277","G4","KWA BOMU","6:25","","1/13/2026","3°21'38""S 36°53'50""E","-3.360556, 36.897222","4","0 to 5","550,000","","Camilla Fitiael Ayo","Two ways","","687401027","KG1","Jayden daycare kwa juu","7:05","16:58","1/13/2026","3°21'55.7""S 36°48'57.5""E","-3.365472, 36.815972","5.5","6 to 10","700,000","","JOVAN JULIUS LAIZER","Two ways","","DYW","0752358870","G5","EBENEZER ORPHANAGE","6:35","16:33","1/13/2026","3°21'26.5""S 36°54'38.2""E","-3.357361, 36.910611","5","6 to 10","700,000","","HAFIDH MOHAMED SIRAJI","","7","BAE - Young boys","788507873","G4","Ngongongare (Young boys)","8:10","3:50","1/13/2026","3°19'18""S 36°52'59""E","-3.321667, 36.883056","5","0 to 5","550,000","","","ARTHUR SIMON MAEDA","Two ways","T418EBM","767138195","G4","Majengo ya chini","7:40","5:54","1/13/2026","3°22'43.6""S 36°39'23.3""E","-3.378778, 36.656472","2.0","0 to 5","550,000","","ARYA ELIBARIKI MICHAEL","Two ways","T199CHE","768268818","G1","Mianzini juu","6:29","4:54","1/13/2026","3°20'32.7""S 36°40'56.1""E","-3.342417, 36.682250","3.2","0 to 5","550,000","","IVAN HERIEL SAWE","Two ways","T400BMC","715325651","G 1","Masai Land","","","1/13/2026","3°20'02.9""S 36°39'03.9""E","-3.334139, 36.651083","3.3","0 to 5","550,000","","ARTHUR AMON JACKSON","Two ways","T348DKS","752827748","G1","Soweto Ndani","7:40","","1/13/2026","3°21'44.4""S 36°41'16.1""E","-3.362333, 36.687806","3.0","0 to 5","550,000","","","Faith Andrew Kerenge","Two ways","T814DVA","766189427","kg 1","Malaika-kiserani","6:50","18:41","1/13/2026","3°22'51.7""S 36°44'14.6""E","-3.381028, 36.737389","2.96","0 to 5","550,000","","Lara Clemence Massawe","Two ways","T814DVA","753181886","Kg1","Kijeenge chini","AM","AM","1/13/2026","3°22'30.8""S 36°42'32.8""E","-3.375222, 36.709111","0.87","0 to 5","550,000","","MAVERICK DEODATUS WILLIAM","One way","","763113086","KG1","Ilboru","","3:08","1/13/2026","3°20'36.9""S 36°41'12.0""E","-3.343583, 36.686667","1.08","0 to 5","550,000","","GEOVANY FAUSTINI MMARI","Two ways","","764170011","KG1","Sakina","7:15","3:00","1/13/2026","3°21'39.7""S 36°40'32.2""E","-3.361028, 36.675611","1.77","0 to 5","550,000","","NASRI KARIM UKIO","","","755458522","G1","MWAMUDU ISMAIL","","","1/13/2026","-3.339397, 37.151744","","0.72","0 to 5","550,000","","",""
"","5","Usariver","T 108 DYW","ROSA","30","45","46","-1","Kikatiti","Jackson Juma","Monica Majaliwa","Talent Teacher","SLA","","","","","","","","BRYSON NADHIR","","T108 DYW","0689335684","KG2","KIKATITI","","","1/13/2026","3°22'22.9""S 36°53'57.3""E","-3.373028, 36.899250","4.0","0 to 5","550,000","","RAVID RAPHAEL SHEKIBULA","Two ways","T326 EBP","754206005","G5","USARIVER SECONDARY","6:50:00 AM","4:43:00 PM","1/13/2026","3°21'56""S 36°51'13""E","-3.365556, 36.853611","1.4","0 to 5","550,000","","LOYCE MARK KITOMARI","Two ways","T910 APW","789757058","G1","Mangusha","7:20","5:00","1/13/2026","3°20'03""S 36°52'02""E","-3.334167, 36.867222","3","0 to 5","550,000","","NORMOPOI MUSESEI ","One way","T348 DKS","780576333","G3","HELP FOR THE MAASAI","7:26","","1/13/2026","3°23'00.3""S 36°47'42.0""E","-3.383417, 36.795000","8","6 to 10","700,000","","GLORY ELIA MBISE","One way","T236 BHM","768846910","G4","Kambi ya pili bar mpya kushoto","","","1/13/2026","3°21'59""S 36°52'46""E","-3.366389, 36.879444","2","0 to 5","550,000","","Joan Erick Urio","One way","T418 EBM","655902542","G4","By-Bass Mshikamano","7:40","","1/13/2026","3°23'11.3""S 36°50'16.3""E","-3.386472, 36.837861","4","0 to 5","550,000","","Elliot Edward Rothbletz","Two ways","T 226 CPP","","G4","Shangarai Mount Meru","7:08","5:15","1/13/2026","3°22'33.4""S 36°45'30.5""E","-3.375944, 36.758472","12","11 to 15","800,000","","LIVART EMMANUEL PALLANGYO   ","One way","T585 BAE","692660828","G6","KWA BOMU","6:31","","1/13/2026","3°21'27""S 36°53'23""E","-3.357500, 36.889722","3","0 to 5","550,000","","GIAN MOTUKU MOLOLO","Two ways","","789278694","KG1","Chama - Poli","6:57","","1/13/2026","3°20'57.6""S 36°48'45.9""E","-3.349333, 36.812750","6.0","6 to 10","700,000","","JENIFER JULIUS LAIZER","Two ways","","DYW","0752358870","G4","EBENEZER ORPHANAGE","6:35","16:33","1/13/2026","3°21'26.5""S 36°54'38.2""E","-3.357361, 36.910611","5","6 to 10","700,000","","MUHSIN MOHAMED MUHANDO","","7","BAE - Young boys","788507873","G6","Ngongongare (Young boys)","8:10","3:50","1/13/2026","3°19'18""S 36°52'59""E","-3.321667, 36.883056","5","0 to 5","550,000","","","SAIFUDDIN KHUZEIMA MOHAMEDALI","One way","T418EBM","621017595","G2","Majengo ya chini","7:39","","1/13/2026","3°23'06.2""S 36°39'13.0""E","-3.385056, 36.653611","2.7","0 to 5","550,000","","BENEDICT AGOSTINO NGOWI","Two ways","T199CHE","628583294","G2","Kwa Mtei","7:40","3:56","1/13/2026","3°20'55.0""S 36°40'17.5""E","-3.348611, 36.671528","1.9","0 to 5","550,000","","ISABELLA JEREMIAH KINGONI","One way","T400BMC","","KG1","Kwa one, Saitabau ","","5:04","1/13/2026","3°20'09.3""S 36°39'14.8""E","-3.335917, 36.654111","3.0","0 to 5","550,000","","HAMZA WAZIRI HAMZA","Two ways","T348DKS","758530019","G3","Mt meru Hotel","7:05","","1/13/2026","3°21'45.1""S 36°43'03.9""E","-3.362528, 36.717750","6.3","6 to 10","700,000","","","Ronel Jovinus Josephat","Two ways","T814DVA","752207908","Baby","Suye","8:00","5:00","1/13/2026","3°22'56.5""S 36°43'47.0""E","-3.382361, 36.729722","2.1","0 to 5","550,000","","Finley Emmanuel","Two ways","T814DVA","719221031","Kg 1","Kijenge -Stereo","AM","AM","1/13/2026","3°22'30.8""S 36°42'32.8""E","-3.375222, 36.709111","0.87","0 to 5","550,000","","LODUVO MERINYO KIVUYO","Two ways","","768416408","baby","Ilboru","7:49","3:08","1/13/2026","3°20'36.9""S 36°41'12.0""E","-3.343583, 36.686667","1.08","0 to 5","550,000","","","","","","","","","","","","","","","","","IBRAHIMU YUSUPH SHEMAHONGE","","","712939532","KG2","JIWENI","","","1/13/2026","-3.326870, 37.133266","","2.1","0 to 5","550,000","","",""
"","6","Usariver","Rental Hiace","HIACE","16","30","28","2","Tengeru","James Moshiro","Rehema","Cleaner","Moshiro","","","","","","","","ANEESA  MWIKA KABONGO","","T108 DYW","","KG2","KIKATITI","","","1/13/2026","3°22'36.1""S 36°54'09.4""E","-3.376694, 36.902611","4.5","0 to 5","550,000","","KENDRICK ANDREW KITALY","Two ways","T326 EBP","759287448","G3","BETHLEHEM","6:55:00 AM","7:00:00 PM","1/13/2026","3°21'46""S 36°51'17""E","-3.362778, 36.854722","1.2","0 to 5","550,000","","PRECIOUS MARK KITOMARI","Two ways","T910 APW","769326535","KG1","Napoco","7:20","5:10","1/13/2026","3°20'03""S 36°52'02""E","-3.334167, 36.867222","3","0 to 5","550,000","","NOSIM PAULO SANDI ","One way","T348 DKS","780576333","G3","HELP FOR THE MAASAI","7:26","","1/13/2026","3°23'00.3""S 36°47'42.0""E","-3.383417, 36.795000","8","6 to 10","700,000","","CHRISTIAN ELISANTE AYO","Two ways","T236 BHM","765693313","G3","Kambini juu (Aimbora)","6:11","16:15","1/13/2026","3°21'51""S 36°52'41""E","-3.364167, 36.878056","1","0 to 5","550,000","","Wendy Maole Kessy","Two ways","EBM","769324248","DC","Chekereni","","","1/13/2026","3°24'13.2""S 36°45'31.0""E","-3.403667, 36.758611","13","11 to 15","800,000","","Ariana Godlove Kirimbo","Two ways","T 226 CPP","767257180","KG2","Tengeru  ","6:45","4:20","1/13/2026","3°22'27""S 36°45'19""E","-3.374167, 36.755278","12","11 to 15","800,000","","LOURIN CALVIN LEMA","Two ways","T585 BAE","","G3","KWA BOMU","6:36","04:53 pm","1/13/2026","3°22'14""S 36°50'15""E","-3.370556, 36.837500","3","0 to 5","550,000","","Joleen Emmanuel Mbuya","Two ways","","","KG2","Jayden daycare kwa juu","7:05","17:10","1/13/2026","3°21'49.6""S 36°48'57.1""E","-3.363778, 36.815861","5.5","6 to 10","700,000","","PRECIOUUS AMOS MOLLEEL","Two ways","","DYW","0752358870","G6","EBENEZER ORPHANAGE","6:39","16:35","1/13/2026","3°21'54.7""S 36°54'31.7""E","-3.365194, 36.908806","5","0 to 5","550,000","","RAMSON OLAIS LOWASA","","7","BAE - Young boys","788507873","G4","Ngongongare (Young boys)","8:10","3:50","1/13/2026","3°19'18""S 36°52'59""E","-3.321667, 36.883056","5","0 to 5","550,000","","","COLLINS MAXIMILLIAN MTIKA","One way","T418EBM","758047595","Kg 2","JR","7:25","","1/13/2026","3°23'19.9""S 36°39'43.1""E","-3.388861, 36.661972","3.0","0 to 5","550,000","","STEPHANIE STEPHEN COLMAN","Two ways","T199CHE","624983992","G 5","Samunge","7:14","4:35","1/13/2026","3°20'56.6""S 36°40'16.4""E","-3.349056, 36.671222","1.8","0 to 5","550,000","","GABRIELLA JEREMIAH KINGONI","One way","T400BMC","","KG1","Kwa one, Saitabau ","","5:04","1/13/2026","3°20'09.3""S 36°39'14.8""E","-3.335917, 36.654111","3.0","0 to 5","550,000","","SHANTEL FURAHA ONESHA","Two ways","T348DKS","768780594","G1","Riks club","6:45","","1/13/2026","3°21'54.6""S 36°42'34.7""E","-3.365167, 36.709639","5.4","6 to 10","700,000","","","Michelle Oscar Shayo","Two ways","T814DVA","717946887","Baby","Mopau","","16:57","1/13/2026","3°23'01.8""S 36°43'30.8""E","-3.383833, 36.725222","1.61","0 to 5","550,000","","Raely michael Thomas","Two ways","T814DVA","687385130","Baby","Kambi ya chupa","6:35","","2/2/2026","3°22'29.5""S 36°44'51.2""E","-3.374861, 36.747556","4.18","0 to 5","550,000","","JAYDEN ERNEST LOMAYANI","Two ways","","763706498","baby","Ortoto","7:23","3:03","1/13/2026","3°20'37.4""S 36°41'12.1""E","-3.343722, 36.686694","1.06","0 to 5","550,000","","","","","","","","","","","","","","","","","WISEMAN ELIAMINI ISRAEL ","","","769004033","KG2","sadala","","","1/13/2026","-3.311163, 37.188592","","5.84","6 to 10","700,000","","",""
"","7","Usariver","BAE","COASTER","30","45","35","10","Sabato- Bango latigo","Elibariki","Anna wilium","Cleaner","Karume","","","","","","","","YASHRAJI MOSES NONGA","","T108 DYW","","G1","KIKATITI","","","1/13/2026","3°22'36.1""S 36°54'09.4""E","-3.376694, 36.902611","4.5","0 to 5","550,000","","KESSIA ANDREW KITALY","Two ways","T326 EBP","759287448","KG2","Magadirisho","6:54:00 AM","4:45:00 PM","1/13/2026","3°21'46""S 36°51'17""E","-3.362778, 36.854722","1.2","0 to 5","550,000","","Harvey Josephat Hayuma","One way","T910 APW","756027647","DC","kiwawa","6:30","","1/13/2026","3°20'39""S 36°52'23""E","-3.344167, 36.873056","2","0 to 5","550,000","","NENGAI TOMBOI KAPEI ","One way","T348 DKS","780576333","G3","HELP FOR THE MAASAI","7:26","","1/13/2026","3°23'00.3""S 36°47'42.0""E","-3.383417, 36.795000","8","6 to 10","700,000","","ELLIOT MATTHEW KAIJUNGA","Two ways","T236 BHM","0629735728 - 0783087052","KG1","Aimbora","","4:29","1/13/2026","3°21'25""S 36°52'42""E","-3.356944, 36.878333","1","0 to 5","550,000","","IAN SAMIJI MBEEJE","Two ways","T418 EBM","744493030","G4","Kiserian","","","1/13/2026","3°25'53.2""S 36°44'56.7""E","-3.431444, 36.749083","15","16 to 20","900,000","","DELIGHT ALEX","Two ways","T 226 CPP","694289312","G1","Mianzini Msikitini","6:00","18:20","1/13/2026","3°21'15""S 36°42'22""E","-3.354167, 36.706111","18","16 to 20","900,000","","MEGAN WILBARD MRUMA","","T585 BAE","767086372","G1","Bango la tigo","","","1/13/2026","3°22'32""S 36°53'15""E","-3.375556, 36.887500","3","0 to 5","550,000","","AGAPE ELIBARIKI MAFIE","Two ways","","765447630","G6","CHAMA NKOARANGA","6:55","17:17","1/13/2026","3°20'53.0""S 36°48'43.6""E","-3.348056, 36.812111","6.1","6 to 10","700,000","","VICTORIA JEMSI MLALI","Two ways","","DYW","0752358870","G5","EBENEZER ORPHANAGE","6:35","16:20","1/13/2026","3°21'26.5""S 36°54'38.2""E","-3.357361, 36.910611","5","6 to 10","700,000","","RAMSON JOSEPH","","7","BAE - Young boys","788507873","G5","Ngongongare (Young boys)","8:10","3:50","1/13/2026","3°19'18""S 36°52'59""E","-3.321667, 36.883056","5","0 to 5","550,000","","","EDEN NELSON MEDUKENYA","Two ways","T418EBM","787717152","G4","Olasiti","7:20","5:46","1/13/2026","3°23'39.1""S 36°39'13.1""E","-3.394194, 36.653639","3.7","0 to 5","550,000","","BLESSIA LUFUNYO LUPENZA","Two ways","T199CHE","623134598","G2","Samunge","7:12","4:35","1/13/2026","3°21'03.3""S 36°40'28.5""E","-3.350917, 36.674583","1.9","0 to 5","550,000","","ETHALINE ELIREHEMA MELEJACK","Two ways","T400BMC","","G1","Mti Mkubwa ","6:34","4:56","1/13/2026","3°20'28.2""S 36°39'29.6""E","-3.341167, 36.658222","2.3","0 to 5","550,000","","CLARISA SLYVESTAR AKIDA","Two ways","T348DKS","742250020","G1","Parachichi","8:05","","1/13/2026","3°21'56.1""S 36°40'16.6""E","-3.365583, 36.671278","1.2","0 to 5","550,000","","","Jemima Peter Malak","One way","T814DVA","","Baby","Kiwanda cha bia","","15:52","1/13/2026","3°23'14.2""S 36°41'49.5""E","-3.387278, 36.697083","1.6","0 to 5","550,000","","","","","","","","","","","","","","","","","MWANAKOMBO ABDUL","Two ways","","675760454","KG1","Masailand","6:35","4:41","1/13/2026","3°20'47.3""S 36°37'55.9""E","-3.346472, 36.632194","6.39","6 to 10","700,000","","","","","","","","","","","","","","","","","KENICE KENEDY BITULO","","","712955976","G1","sadala","","","1/13/2026","-3.303431, 37.198031","","7.19","6 to 10","700,000","","",""
"","8","Usariver","BHM","COASTER","30","45","57","-12","Kambini","Ally","Anna Noel","Cleaner","Karume","","","","","","","","AKEEM MWIKA KABONGO","","T108 DYW","","G3","KIKATITI","","","1/13/2026","3°22'36.1""S 36°54'09.4""E","-3.376694, 36.902611","4.5","0 to 5","550,000","","DIVINE NICKSON URASSA","Two ways","T326 EBP","788536569","G4","KELLYS HOUSE","6:32:00 AM","5:18:00 AM","1/13/2026","3°22'10""S 36°50'37""E","-3.369444, 36.843611","2.6","0 to 5","550,000","","Gianna Behoest Kyara","Two ways","T910 APW","","KG1","ST. jude","","","1/13/2026","3°20'31.6""S 36°52'42.3""E","-3.342111, 36.878417","3","0 to 5","550,000","","LUCY SADIRA LEKISHON ","One way","T348 DKS","780576333","G1","HELP FOR THE MAASAI","7:26","","1/13/2026","3°23'00.3""S 36°47'42.0""E","-3.383417, 36.795000","8","6 to 10","700,000","","FAITH ALOYCE BUKWIMBA","One way","T236 BHM","753581458","G4","Kambi ya pili juu mnarani kushoto","","","1/13/2026","3°21'40""S 36°52'31""E","-3.361111, 36.875278","1","0 to 5","550,000","","GIAN GERVAS SAMIJI","Two ways","T418 EBM","0679810524 / 0769630456","KG2","MACHINJIONI","","","1/13/2026","3°23'15.0""S 36°51'33.1""E","-3.387500, 36.859194","3","0 to 5","550,000","","GINA ARISTIDES KESSY","Two ways","T 226 CPP","715161190","G5","Chama maksoro","7:20","16:40PM","1/13/2026","3°23'30""S 36°46'37""E","-3.391667, 36.776944","10","11 to 15","800,000","","PILI JUMA","Two ways","T585 BAE","","","Kwa bomu","6:47","04:23 pm","1/13/2026","3°22'16""S 36°52'59""E","-3.371111, 36.883056","2","0 to 5","550,000","","Lilac Israel Pallangyo","Two ways","","","KG2","Kwa Siliyo (Kimbii)","7:00","17:12","1/13/2026","3°21'25.2""S 36°48'53.0""E","-3.357000, 36.814722","5.6","6 to 10","700,000","","GODLUCK JAMES MLALI","Two ways","","DYW","0752358870","G2","EBENEZER ORPHANAGE","6:35","16:33","1/13/2026","3°21'26.5""S 36°54'38.2""E","-3.357361, 36.910611","5","6 to 10","700,000","","BRIGHTON BOSCO NASSARY","","","BAE - Young boys","","KG2","Seminary","","","1/13/2026","3°19'36.9""S 36°52'34.0""E","-3.326917, 36.876111","4","0 to 5","550,000","","","FAITH MALAIKA EVANS","One way","T418EBM","762517361","G4","Olasiti","7:20","","1/13/2026","3°23'19.9""S 36°39'43.1""E","-3.388861, 36.661972","3.0","0 to 5","550,000","","MIKE ABEL LUNDU","One way","T199CHE","764726980","G2","Mianzini nxt to Daniel","","5:30","1/13/2026","3°21'10.1""S 36°41'21.2""E","-3.352806, 36.689222","3.3","0 to 5","","","ARIELLE CALVIN HAMPHREY","Two ways","T400BMC","784224609","Kg1","Kwa iddi","7:14","4:46","1/13/2026","3°20'45.5""S 36°39'07.7""E","-3.345972, 36.652139","2.0","0 to 5","550,000","","CRYSTAL CARLSON ROBERT","Two ways","T348DKS","687369601","G1","Magorofani National Housing","7:55","","1/13/2026","3°21'58.4""S 36°40'43.7""E","-3.366222, 36.678806","2.0","0 to 5","550,000","","","Gian -Emmanuel  Peter","Two ways","T814DVA","719418843","kg1","Mwanama","8:25","15:43","1/13/2026","3°23'15.1""S 36°42'33.8""E","-3.387528, 36.709389","0.54","0 to 5","550,000","","","","","","","","","","","","","","","","","COLLINS  BENIGNUS NGOWI","Two ways","","754399000","baby","ilboru kitongoji cha meriti","7:12","3:55","1/13/2026","3°21'03.7""S 36°40'48.5""E","-3.351028, 36.680139","1.04","0 to 5","550,000","","","","","","","","","","","","","","","","","ARABELLA PATRICK","","","621660341","Baby","CCM","","","1/13/2026","-3.345059, 37.130022","","1.77","0 to 5","550,000","","",""
"","9","Usariver","DSD","Coaster","30","45","42","3","Maji ya chai Tuvaila","Iddi","Glory","Cleaner","Karume","","","","","","","","ROGATE PHILEMON LAIZER","","T108 DYW","746687319","KG2","Kikatiti","6:20","5:52","1/13/2026","3°23'38.6""S 36°56'43.1""E","-3.394056, 36.945306","9.6","6 to 10","700,000","","ASHFARAYNA ABUBAKARI MLELI","Two ways","T326 EBP","766510672","KG1","Tanesco","7:35:00 AM","4:29:00 PM","1/13/2026","3°21'59""S 36°51'31""E","-3.366389, 36.858611","1.0","0 to 5","550,000","","AVIGAYIL ATUBWENE MWAISUMO","Two ways","T910 APW","","KG1","SAFARI NJEMA","6:18","5:10","1/13/2026","3°20'59.6""S 36°52'36.8""E","-3.349889, 36.876889","2","0 to 5","550,000","","MAURINE SADIRA LEKISHON","One way","T348 DKS","780576333","G2","HELP FOR THE MAASAI","7:26","","1/13/2026","3°23'00.3""S 36°47'42.0""E","-3.383417, 36.795000","8","6 to 10","700,000","","FAIDRA ALOYCE BUKWIMBA","Two ways","T236 BHM","753581458","G2","Kambi ya pili juu mnarani kushoto","6:30","4:30","1/13/2026","3°21'40""S 36°52'31""E","-3.361111, 36.875278","1","0 to 5","550,000","","KAUTHAR HUSSEIN HAMZA","Two ways","T418 EBM","0621469851 / 0619530466","","machinjioni","","","1/13/2026","3°23'15.0""S 36°51'33.1""E","-3.387500, 36.859194","3","0 to 5","550,000","","Eliana Adrew Yamsebo","Two ways","T 226 CPP","","KG1","Kambi ya chupa madukani","7:00","17:28","1/13/2026","3°22'34.3""S 36°44'50.1""E","-3.376194, 36.747250","13","11 to 15","800,000","","Elvin Msafiri Mushi","Two ways","T585 BAE","744536127","KG2","River trees","6:47","04:26 pm","1/13/2026","3°22'26""S 36°53'01""E","-3.373889, 36.883611","3","0 to 5","550,000","","DANIEL MOSES PALLANGYO","Two ways","","789199449","G2","Poli","6:45","17:12","1/13/2026","3°20'06.8""S 36°48'56.9""E","-3.335222, 36.815806","6.2","6 to 10","700,000","","ELISHA HOLYDAY MAKULE","Two ways","","DYW","0752358870","G4","EBENEZER ORPHANAGE","6:35","16:35","1/13/2026","3°21'03.2""S 36°54'35.9""E","-3.350889, 36.909972","5","6 to 10","700,000","","PRAYGOD KIKOIS ELIPHAS","","7","BAE - Young boys","788507873","G6","Ngongongare (Young boys)","8:10","3:50","1/13/2026","3°19'18""S 36°52'59""E","-3.321667, 36.883056","5","0 to 5","550,000","","","HOPE MALAIKA EVANS","One way","T418EBM","766435292","G5","Olasiti","7:20","","1/13/2026","3°23'39.1""S 36°39'13.1""E","-3.394194, 36.653639","3.7","0 to 5","550,000","","NASIBU HAMZA HUSSEIN","Two ways","T199CHE","697267713","kg2","mianzini","6:50","5:00","1/13/2026","3°21'10.6""S 36°41'07.8""E","-3.352944, 36.685500","2.9","0 to 5","550,000","","HENRY PIUS MONJARE","Two ways","T400BMC","757385790","G1","Kwa rajabu","6:44","4:29","1/13/2026","3°20'45.6""S 36°39'43.2""E","-3.346000, 36.662000","1.8","0 to 5","550,000","","ENOCK REGINALD LUCAS","Two ways","T348DKS","687361305","KG2","Parachichi","8:00","","1/13/2026","3°21'59.3""S 36°40'19.5""E","-3.366472, 36.672083","1.3","0 to 5","550,000","","","Jayden Emmanuel Mamuya","Two ways","T814DVA","623418380","Baby","Kijenge -Mwanama","7:20","","1/13/2026","3°23'15.9""S 36°42'58.1""E","-3.387750, 36.716139","0.8","0 to 5","550,000","","","","","","","","","","","","","","","","","ARIA EDWIN FRANK","Two ways","","768688982","baby","Sanawari","8:06","3:24","1/13/2026","3°21'10.4""S 36°41'49.5""E","-3.352889, 36.697083","0.86","0 to 5","550,000","","","","","","","","","","","","","","","","","ELINAH ERICK MLENGE","","","623771595","G2","Kibaoni","","","1/13/2026","-3.342980, 37.157305","","1.32","0 to 5","550,000","","",""
"","10","Usariver","Rental Coaster BUF) - Nkoaranga","Coaster","30","45","37","8","Nkoaranga","Hamisi","Asia","Cleaner","Karume","","","","","","","","KENDRICK ANSELM NYENZA","","T108 DYW","747311592","G1","KIKATITI","6:26","6:00","1/13/2026","3°23'24.6""S 36°56'58.7""E","-3.390167, 36.949639","9.9","6 to 10","700,000","","GIANNA INNOCENT SHAYO","Two ways","T326 EBP","754546314","KG2","Usa River","7:17:00 AM","4:03:00 AM","1/13/2026","3°21'59""S 36°51'31""E","-3.366389, 36.858611","1.0","0 to 5","550,000","","Demetria Demetrius Kessy","","T910 APW","769326535","G3","Napoko","","","1/13/2026","3°20'42.0""S 36°52'49.2""E","-3.345000, 36.880333","2","0 to 5","550,000","","JOAN SABAYA VUSINDAU ","One way","T348 DKS","780576333","G2","HELP FOR THE MAASAI","7:26","","1/13/2026","3°23'00.3""S 36°47'42.0""E","-3.383417, 36.795000","8","6 to 10","700,000","","Grace Lameck John","Two ways","T236 BHM","0753975212","G1","Kambi ya pili juu","","","1/13/2026","3°21'42""S 36°52'54""E","-3.361667, 36.881667","2","0 to 5","550,000","","NADYA SALUM SHOMARI","Two ways","T418 EBM","0659642212 / 0759908233","","kona ya mbuguni","","","1/13/2026","3°24'28.5""S 36°49'18.5""E","-3.407917, 36.821806","7","6 to 10","700,000","","CHARLOTTE EVANCE NIWAEL","Two ways","T 226 CPP","755568860","G1","Tengeru Hospitali","7:52","16:27","1/13/2026","3°22'22.6""S 36°47'05.4""E","-3.372944, 36.784833","9","6 to 10","700,000","","Ethan Msafiri Mushi","Two ways","T585 BAE","744536127","G4","River trees","7:04","04:30 pm","1/13/2026","3°22'43""S 36°53'01""E","-3.378611, 36.883611","3","0 to 5","550,000","","Hilda Peter Waswa","Two ways","T147 DEP","7107005005","KG1","sun of Hope - Leganga","7:20","4:30","1/13/2026","3°21'53.0""S 36°51'57.0""E","-3.364722, 36.865833","0.5","0 to 5","550,000","","JAKONIA JULIUS PETER ","Two ways","","DYW","0752358870","KG1","EBENEZER ORPHANAGE ","6:35","","1/13/2026","3°21'26.5""S 36°54'38.2""E","-3.357361, 36.910611","5","6 to 10","700,000","","ATHENA LIVINGSTONE GILBERT","Two ways","7","BAE - Young boys","766143171","KG1","Ngongongare (Young boys)","8:15","3:50","1/13/2026","3°19'18""S 36°52'59""E","-3.321667, 36.883056","5","0 to 5","550,000","","","ELIZABETH SHEDRACK SHIRIMA","Two ways","T418EBM","757631467","G4","Lucky Vicent ","6:54","5:30","1/13/2026","3°23'41.1""S 36°39'17.2""E","-3.394750, 36.654778","3.7","0 to 5","550,000","","ALICE ELISA LAANYONI","Two ways","T199CHE","754238732","G1","ilboru mwisho wa lamii","6:37","5:30","1/13/2026","3°21'12.0""S 36°41'21.3""E","-3.353333, 36.689250","3.3","0 to 5","550,000","","SHOHAM AHAZ JOTHAM","Two ways","T400BMC","787348131","KG1","Kwa idd juu ","7:04","4:41","1/13/2026","3°20'47.5""S 36°39'16.6""E","-3.346528, 36.654611","1.8","0 to 5","550,000","","ELISHA REGINALD LUCAS","Two ways","T348DKS","687361305","KG2","Parachichi","8:00","","1/13/2026","3°21'59.3""S 36°40'19.5""E","-3.366472, 36.672083","1.3","0 to 5","550,000","","","Khair Rashid pallangyo","Two ways","T814DVA","788507873","Kg 1","Kijenge-Mwanama","8:20","15:45","1/16/2026","3°23'16.9""S 36°42'25.6""E","-3.388028, 36.707111","0.7","0 to 5","550,000","","","","","","","","","","","","","","","","","JILLY NENJIVAI BARAKA","Two ways","","682623601","KG1","Mianzini","7:15","3:43","1/13/2026","3°21'31.7""S 36°41'02.2""E","-3.358806, 36.683944","0.89","0 to 5","550,000","","","","","","","","","","","","","","","","","GIANNA ABDULIRASULI MBUA","","","655532283","KG2","CCM","","","1/13/2026","-3.355484, 37.102674","","5.01","6 to 10","700,000","","",""
"","11","Arusha Modern","Coaster  CHE","Coaster ","30","40","33","7","Sakina","Longida","Shamimu","Cleaner","SLA","","","","","","","","SHONCY LYANGA SHANALINGIGWA","","T108 DYW","782321811","G4","Kwa Pallangyo","6:47","5:23","1/13/2026","3°23'23.3""S 36°55'28.2""E","-3.389806, 36.924500","7.3","6 to 10","700,000","","Brightness Fransis Shio","Two ways","T326 EBP","686790172","G1","Magadirisho","7:15:00 AM","4:50:00 PM","1/13/2026","3°21'51.1""S 36°51'21.9""E","-3.364194, 36.856083","1.1","0 to 5","550,000","","Jeremiah David Mshana","","APW","743102957","G2","Mangusha","","","1/13/2026","3°19'52.6""S 36°52'11.6""E","-3.331278, 36.869889","3","0 to 5","550,000","","MICKEY EDWARD AYO","Two ways","T348 DKS","620414419","KG2","Nguruma","6:57","16:57 PM","1/13/2026","3°23'00.3""S 36°47'42.0""E","-3.383417, 36.795000","8","6 to 10","700,000","","Ebenezer Lameck John","Two ways","T236 BHM","0753975212","KG1","Kambi ya pili juu","","","1/13/2026","3°21'42""S 36°52'54""E","-3.361667, 36.881667","2","0 to 5","550,000","","LIONE SAINGA SEDOYEKA","Two ways","T418 EBM","","","MOSHONO STAND","","","1/13/2026","3°23'21.4""S 36°44'12.9""E","-3.389278, 36.736917","15","11 to 15","800,000","","LEEROY ARISTIDES KESSY","Two ways","T 226 CPP","715161190","G1","Maksoru","7:20","16:40PM","1/13/2026","3°23'29.5""S 36°46'36.1""E","-3.391528, 36.776694","10","11 to 15","800,000","","NATHAN PASCHAL SHAYO","","T585 BAE","719976437","G4","Bango la tigo","","","1/13/2026","3°22'32""S 36°53'15""E","-3.375556, 36.887500","3","0 to 5","550,000","","Veronica Comfort Swai","Two ways","T147 DEP","658542522","G2","Leganga Mjimwema","7:40","4:28","1/13/2026","3°22'42.3""S 36°50'57.1""E","-3.378417, 36.849194","2.7","0 to 5","550,000","","MESHACK PETER LAIZER ","Two ways","","DYW","0752358870","G6","EBENEZER ORPHANAGE ","6:35","16:33","1/13/2026","3°21'26.5""S 36°54'38.2""E","-3.357361, 36.910611","5","6 to 10","700,000","","Alexa Livingstone","Two ways","7","BAE - Young boys","766143171","KG2","Ngongongare (Young boys)","8:15","3:50","1/13/2026","3°19'18""S 36°52'59""E","-3.321667, 36.883056","5","0 to 5","550,000","","","MELISA SHEDRACK SHIRIMA","Two ways","T418EBM","757631467","G4","Lucky Vicent ","6:54","5:30","1/13/2026","3°23'41.1""S 36°39'17.2""E","-3.394750, 36.654778","3.7","0 to 5","550,000","","NANICE GILIA RONJI MLANGWA","Two ways","T199CHE","","G1","ilboru mwisho wa lamii","6:37","5:33","1/13/2026","3°21'12.0""S 36°41'21.3""E","-3.353333, 36.689250","3.3","0 to 5","550,000","","SARAH MAXIMILIAN MJELWA","Two ways","T400BMC","789541524","KG1","Kwa Iddi, kilimanjaro school","7:08","4:42","1/13/2026","3°20'49.6""S 36°39'13.5""E","-3.347111, 36.653750","1.8","0 to 5","550,000","","MANAL AHMED MAHMOUD","Two ways","T348DKS","767750750","G6","Soko kuu","7:50","","1/13/2026","3°22'18.0""S 36°41'09.8""E","-3.371667, 36.686056","3.0","0 to 5","550,000","","","Serene leopold sumawe","Two ways","T814DVA","784146244","Baby","Banana-Darajani","8:10","","2/2/2026","3°23'32.7""S 36°43'25.1""E","-3.392417, 36.723639","1.78","0 to 5","550,000","","","","","","","","","","","","","","","","","ELIANA LUWIKYENSIA MUSHI","Two ways","","712351994","Baby","Kaloleni","8:47","3:30","1/13/2026","3°21'43.2""S 36°41'28.8""E","-3.362000, 36.691333","1.04","0 to 5","550,000","","","","","","","","","","","","","","","","","PETRONILA ONAEL ","","","713096159","G2","SALA NA MAKAZI","","","1/13/2026","","","5","0 to 5","550,000","","",""
"","12","Arusha Modern","Hiace EBM","Hiace","16","30","28","2","Morombo","Swai","Adeliqueen","Cleaner","SLA","","","","","","","","SHILLO LYANGA SHANALIMGIGWA","","T108 DYW","782321811","G2","Kwa Pallangyo","6:47","5:23","1/13/2026","3°23'26""S 36°55'08""E","-3.390556, 36.918889","6.8","6 to 10","700,000","","Erine Erick Mjuni","Two ways","T326 EBP","","G2","Leganga - Kangaroo Bar","7:58:00 AM","4:30:00 PM","1/13/2026","3°22'16.3""S 36°50'55.5""E","-3.371194, 36.848750","2.2","0 to 5","550,000","","Johnson David Mshana","","APW","747373027","KG2","Esther Memorial","","","1/13/2026","3°19'52.6""S 36°52'11.6""E","-3.331278, 36.869889","3","0 to 5","550,000","","WINNER ABRAHAM KITOMARY","One way","T348 DKS","780576333","KG2","HELP FOR THE MAASAI","7:26","","1/13/2026","3°23'00.3""S 36°47'42.0""E","-3.383417, 36.795000","8","6 to 10","700,000","","GLORY EMMANUEL SARAKIKYA","Two ways","T236 BHM","693077137","G1","Kambi ya 2, Lucky vicent","6:30","","1/13/2026","3°21'40""S 36°52'54""E","-3.361111, 36.881667","2","0 to 5","550,000","","CATHERINE GODLOVE AKYOO","Two ways","T418 EBM","","","kona ya mbuguni","","","1/13/2026","3°24'12.0""S 36°49'16.4""E","-3.403333, 36.821222","7","6 to 10","700,000","","IVY MARTIN MKEA","Two ways","T 226 CPP","","KG2","Chama Magorofani","7:40","16:29PM","1/13/2026","3°22'26.6""S 36°46'38.6""E","-3.374056, 36.777389","10","6 to 10","700,000","","MAYNARD BONIFACE MWASI","Two ways","T585 BAE","765268766","G6","Sabato Chini","7:20","04:05 pm","1/13/2026","3°22'21""S 36°51'57""E","-3.372500, 36.865833","1","0 to 5","550,000","","Shaban Issa Kibwana","Two ways","DEP","717028607","KG1","Leganga karibu na Gym","7:40","4:20","1/13/2026","3°22'42.3""S 36°50'57.1""E","-3.378417, 36.849194","2.7","0 to 5","550,000","","FAITH ZAKAYO SUMARI ","Two ways","","DYW","0752358870","G3","EBENEZER ORPHANAGE ","6:57","16:48","1/13/2026","3°22'05.2""S 36°54'17.4""E","-3.368111, 36.904833","4","0 to 5","550,000","","Imran Omar Athuman","","7","BAE - Young boys","753743450","G6","Young boys","","","1/13/2026","3°19'18""S 36°52'59""E","-3.321667, 36.883056","5","0 to 5","550,000","","","ETHAN BASILI SLAA","Two ways","T418EBM","0682147660","G5","Olasiti","6:40","5:17","1/13/2026","3°24'35.3""S 36°39'14.9""E","-3.409806, 36.654139","5.4","6 to 10","700,000","","DANIEL JOEL RONJI MLANGWA","Two ways","T199CHE","","G1","ilboru mwisho wa lamii","6:37","5:33","1/13/2026","3°21'12.0""S 36°41'21.3""E","-3.353333, 36.689250","3.3","0 to 5","550,000","","NANCY THOMAS SAMWEL","Two ways","T400BMC","695991777","kg2","Kwa Rajabu ","6:55","4:25","1/13/2026","3°20'52.5""S 36°39'43.4""E","-3.347917, 36.662056","1.6","0 to 5","550,000","","RODRICK RIDAS LAIZER","Two ways","T348DKS","","G1","Kwa Mollel","7:35","","1/13/2026","3°21'31.4""S 36°41'13.1""E","-3.358722, 36.686972","2.9","0 to 5","550,000","","","Khadya Inaya pallangyo","Two ways","T814DVA","788507873","Baby","Moshono st,jude","7:35","","1/16/2026","3°23'33.1""S 36°44'16.0""E","-3.392528, 36.737778","3.18","0 to 5","550,000","","","","","","","","","","","","","","","","","GABRIEL OTTO MASSAWE","Two ways","","759171209","KG1","Ngulelo","8:26","","1/13/2026","3°22'02.0""S 36°43'57.8""E","-3.367222, 36.732722","5.07","6 to 10","700,000","","","","","","","","","","","","","","","","","JAYDEN CHRISTIAN","","","670516446","KG2","DORCUS","","","1/13/2026","-3.368566, 37.139873","","3.1","0 to 5","550,000","","",""
"","13","Arusha Modern","Hiace DKS","Hiace","16","30","32","-2","Moshono ","Melekizedeki","Marriam","Cleaner","SLA","","","","","","","","EUGINIA OBED ANGISISYE","","T108 DYW","0719844724/0676012096","KG1","Kwa Pallangyo","6:50","5:20","1/13/2026","3°23'23.3""S 36°55'28.2""E","-3.389806, 36.924500","7.3","6 to 10","700,000","","DANIEL JONAS SUMARY","Two ways","T326 EBP","756440303","G6","NSHUPU","6:15:00 AM","5:42:00 PM","1/13/2026","3°22'05""S 36°50'53""E","-3.368056, 36.848056","2.1","0 to 5","550,000","","Princess Simon","Two ways","APW","621996153","KG1","Ngongongare Gosheni","6:40","4:50","1/13/2026","3°20'11.0""S 36°53'05.5""E","-3.336389, 36.884861","3","0 to 5","550,000","","NAIROSHI MUSIANDO MAKESENI","One way","T348 DKS","780576333","G1","HELP FOR THE MAASAI","7:26","","1/13/2026","3°23'00.3""S 36°47'42.0""E","-3.383417, 36.795000","8","6 to 10","700,000","","Precious Emmanuel Sarakikya","Two ways","4:30","693077137","KG1","Kambi ya 2, Lucky vicent","6:55","17:11","1/13/2026","3°21'40""S 36°52'54""E","-3.361111, 36.881667","2","0 to 5","550,000","","AMORA REWARD MINJA ","Two ways","T418 EBM","","","MACHINJIONI","","","1/13/2026","3°22'54.5""S 36°51'21.6""E","-3.381806, 36.856000","3","0 to 5","550,000","","JEREMIAH CHARLES SAMWELI","Two ways","T 226 CPP","","G4","TENGERU","7:50","16:26","1/13/2026","3°22'06.0""S 36°47'05.5""E","-3.368333, 36.784861","9","6 to 10","700,000","","TEDRICK EMANUEL TSINGAY","Two ways","T585 BAE","746499102","KG2","Bango la tigo","7:10","04;05 PM","1/13/2026","3°22'21""S 36°51'57""E","-3.372500, 36.865833","1","0 to 5","550,000","","JORDAN FRANCIS UDIO","","DEP","","KG2","Leganga Mji mwema","","","1/13/2026","3°22'36.4""S 36°51'06.2""E","-3.376778, 36.851722","2.4","0 to 5","550,000","","Faizal Mohamed Kabongo","Two ways","","T236 BHM","623395658","G2","EBENEZER ORPHANAGE","6:21","16:20","1/13/2026","3°21'44""S 36°54'31""E","-3.362222, 36.908611","5","0 to 5","550,000","","Robert Mollel","","","BAE - Young boys","","G2","Mangusha","","","1/13/2026","3°19'52.6""S 36°52'11.6""E","-3.331278, 36.869889","3","0 to 5","550,000","","","SIMON BASIL SLAA","Two ways","T418EBM","0682147660","G1","Olasiti","6:40","5:17","1/13/2026","3°24'35.3""S 36°39'14.9""E","-3.409806, 36.654139","5.4","6 to 10","700,000","","RYAN DEMETRIUS KANYANKOLE","Two ways","T199CHE","769021518","G2","mianzini","6:52","4:58","1/13/2026","3°21'13.6""S 36°41'06.5""E","-3.353778, 36.685139","2.8","0 to 5","550,000","","CALEB CHRISANT GLADSON","Two ways","T400BMC","753038055","G4","Arusha Meet","7:27","","1/13/2026","3°21'12.3""S 36°39'28.9""E","-3.353417, 36.658028","1.0","0 to 5","550,000","","IVAN EZEKIEL KITOMARY","Two ways","T348DKS","766809380","","Kambi ya chupa","6:30","","1/13/2026","3°22'27.3""S 36°45'10.0""E","-3.374250, 36.752778","10.3","11 to 15","800,000","","","Khahili Rshid pallangyo","Two ways","T814DVA","","Baby","Moshono st,jude","7:35","","1/16/2026","3°23'33.1""S 36°44'16.0""E","-3.392528, 36.737778","3.18","0 to 5","550,000","","","","","","","","","","","","","","","","","GIANNA PAUL VICTOR","Two ways","","713473718","baby","Sakina","6:53","4:15","1/13/2026","3°22'18.4""S 36°40'03.6""E","-3.371778, 36.667667","3.2","0 to 5","550,000","","","","","","","","","","","","","","","","","ALWIYA HOSSEN","","","767018434","KG1","DORCUS","","","1/13/2026","-3.358147, 37.140015","","1.98","0 to 5","550,000","","",""
"","14","Arusha Modern","Rental Hiace ","Hiace","16","30","26","4","Ngaramtoni","Sebastian","Vannesa","Cleaner","Rental","","","","","","","","JUNIOUR YUSTINO MATHIAS","","T108 DYW","746469739","KG2","Maroroni highway","6:50","5:20","1/13/2026","3°23'21.5""S 36°55'22.5""E","-3.389306, 36.922917","7.2","6 to 10","700,000","","Joan Justin Ringo","Two ways","EBP","673634621","DC","Tanesco Usa","7:40:00 AM","4:31:00 PM","1/13/2026","3°22'03.0""S 36°52'01.0""E","-3.367500, 36.866944","0.8","0 to 5","550,000","","Joan Fredrick Kitomari","Two ways","APW","786906687","G5","Mangusha","7:30","5:40","1/13/2026","3°19'52.6""S 36°52'11.6""E","-3.331278, 36.869889","3","0 to 5","550,000","","NOSIMU ISAYA LENDOROME","One way","T348 DKS","780576333","KG2","HELP FOR THE MAASAI","7:26","","1/13/2026","3°23'00.3""S 36°47'42.0""E","-3.383417, 36.795000","8","6 to 10","700,000","","SAMORI  SANKOFA  HARPPER","Two ways","T236 BHM","766083205","G3","Kambi ya 2, Lucky vicent","6:40","16:40","1/13/2026","3°21'42""S 36°52'54""E","-3.361667, 36.881667","2","0 to 5","550,000","","RODNEY MOSES KAHANA","One way","T418 EBM","","G3","olomitu","","","1/13/2026","3°25'28.9""S 36°45'39.5""E","-3.424694, 36.760972","14","11 to 15","800,000","","MILKA CHARLES NANGAI","Two ways","T 226 CPP","789589452","G1","TENGERU","7:50","16:26PM","1/13/2026","3°22'06.0""S 36°47'05.5""E","-3.368333, 36.784861","9","6 to 10","700,000","","ZUHURA KARIM MACHAKE","Two ways","T585 BAE","746499102","G1","M/chai St Fransis","7:25","03:57 pm","1/13/2026","3°22'13""S 36°52'12""E","-3.370278, 36.870000","1","0 to 5","550,000","","Kylie Goodluck Nnko","One way","DEP","","Daycare","Nkoaranga","","16:38","1/13/2026","3°21'55.7""S 36°48'57.5""E","-3.365472, 36.815972","5.5","6 to 10","700,000","","Venus Oward Clemence","Two ways","","T236 BHM","0762721350 - 0612049919","KG1","M/Chai Tenkini","6:41","16:36","1/13/2026","3°21'54.7""S 36°54'31.7""E","-3.365194, 36.908806","5","0 to 5","550,000","","Claraskyla Primi Salayta","","","BAE - Young boys","","G3","Mapembe","","","1/13/2026","3°20'12.7""S 36°51'40.5""E","-3.336861, 36.861250","3","0 to 5","550,000","","","LAURINE BASILI SLAA","Two ways","T418EBM","0622566397","kg1","Olasiti","6:40","5:17","1/13/2026","3°24'49.6""S 36°38'20.8""E","-3.413778, 36.639111","6.3","6 to 10","700,000","","GOODLUCK PETER MREMA","Two ways","T199CHE","783158800","G5","mianzini","7:05","4:38","1/13/2026","3°21'16.4""S 36°40'29.0""E","-3.354556, 36.674722","1.7","0 to 5","550,000","","IVY AMBAKISYE ASIMUSYE","One way","T400BMC","754424632","G2","St. Agustine","","4:17","1/13/2026","3°21'13.2""S 36°39'46.1""E","-3.353667, 36.662806","0.9","0 to 5","550,000","","MALIHA MOHAMED SEIF","Two ways","T348DKS","774275648","G2","Moshono","6:05","","1/13/2026","3°22'50.3""S 36°43'34.4""E","-3.380639, 36.726222","7.5","6 to 10","700,000","","","Briant Boniface Mwaisabila","Two ways","T814DVA","766564521","Baby","Banana-Daraja","8:15","16:46","1/13/2026","3°23'34.7""S 36°43'22.5""E","-3.392972, 36.722917","1.75","0 to 5","550,000","","","","","","","","","","","","","","","","","TAMIM BAKARI KILA","Two ways","","718766587","baby","kisongo","6:22","5:03","1/13/2026","3°23'09.0""S 36°38'15.1""E","-3.385833, 36.637528","6.82","6 to 10","700,000","","","","","","","","","","","","","","","","","PRAYGOD EMMANUEL KAZOKA","","","769756975","G1","SOMALI ","","","1/13/2026","-3.342980, 37.157305","","1.32","0 to 5","550,000","","",""
"","15","Kijenge","HIACE - Normal route","Hiace","30","30","31","-1","Kijenge","Agaeli","Heavenlight","Teacher","Rental","","","","","","","","FAITH ROBERT SEVERE","","T108 DYW","711688031","G5","Njia y Ng'ombe","6:51","5:21","1/13/2026","3°23'10.8""S 36°54'22.8""E","-3.386333, 36.906333","5.4","6 to 10","700,000","","GLORY GEORGE NYITI","Two ways","EBP","692016068","DC","Leganga","7:59:00 AM","4:30:00 PM","1/13/2026","3°21'59""S 36°51'31""E","-3.366389, 36.858611","1.0","0 to 5","550,000","","JULIETH PHILBERT MBEYELA","Two ways","APW","","G3","kiwawa","6:20","4:20","1/13/2026","3°18'51.9""S 36°52'38.2""E","-3.314417, 36.877278","5","6 to 10","700,000","","JACKSON ISAYA LENDOROME ","One way","T348 DKS","780576333","KG2","HELP FOR THE MAASAI","7:26","","1/13/2026","3°23'00.3""S 36°47'42.0""E","-3.383417, 36.795000","8","6 to 10","700,000","","Ariel Mungele ","Two ways","T236 BHM","786923091/0767286141","DC","Kambi ya 2, Lucky vicent","","","1/13/2026","3°21'40""S 36°52'54""E","-3.361111, 36.881667","2","0 to 5","550,000","","AVIEL ERICK MAYUNGA","Two ways","T418 EBM","","G1","MLANGARINI","","","1/13/2026","3°25'53.0""S 36°47'16.8""E","-3.431389, 36.788000","12","11 to 15","800,000","","AKSA CHARLES NANGAI","Two ways","T 226 CPP","789589452","KG1","TENGERU","7:50","16:26PM","1/13/2026","3°22'06.0""S 36°47'05.5""E","-3.368333, 36.784861","9","6 to 10","700,000","","Madeline albright Lenny","Two ways","T585 BAE","","KG2","Kwa bomu","7:30","16:25","1/13/2026","3°22'03""S 36°51'59""E","-3.367500, 36.866389","1","0 to 5","550,000","","AGATHA REINHARD KIMARO","Two ways","DEP","752051826","G2","Leganga Mji mwema","7:30","","1/13/2026","3°22'40.7""S 36°50'50.5""E","-3.377972, 36.847361","2.8","0 to 5","550,000","","GODWIN ISACK TITUS","One way","","T236 BHM","765737147","G4","Tuvaila mji mpya","","","1/13/2026","3°22'15""S 36°52'53""E","-3.370833, 36.881389","2","0 to 5","550,000","","MICHELLE NASARI","","","BAE - Young boys","","G3","Mangusha","","","1/13/2026","3°19'52.6""S 36°52'11.6""E","-3.331278, 36.869889","3","0 to 5","550,000","","","FRANK DAMIANO ALOYCE","Two ways","T418EBM","786995588","G6","Murieth ","5:47","4:33","1/13/2026","3°24'49.6""S 36°38'20.8""E","-3.413778, 36.639111","6.3","6 to 10","700,000","","MAYSA  YAHYA  ABDALAH","Two ways","T199CHE","747333081","G3","mianzini","7:01","4:44","1/13/2026","3°21'19.9""S 36°40'56.9""E","-3.355528, 36.682472","2.5","0 to 5","550,000","","GABRIEL VICTOR KESSY","Two ways","T400BMC","789095778","kg1","Mgodini, dukani kwa dany ","7:43","4:09","1/13/2026","3°21'15.1""S 36°40'01.9""E","-3.354194, 36.667194","1.1","0 to 5","550,000","","Suhail Seif Mohd","Two ways","T348DKS","774275648","","Moshono","6:05","","1/13/2026","3°22'50.3""S 36°43'34.4""E","-3.380639, 36.726222","7.5","6 to 10","700,000","","","Briden Boniface Mwaisabila","Two ways","T814DVA","766564521","Baby","Banana-Daraja","8:15","16:46","1/13/2026","3°23'34.7""S 36°43'22.5""E","-3.392972, 36.722917","1.75","0 to 5","550,000","","","","","","","","","","","","","","","","","DEREK PRINCE MUTHENGI","Two ways","","744100841","baby","Kiding'a","7:36","2:46","1/13/2026","3°19'42.1""S 36°41'02.3""E","-3.328361, 36.683972","2.79","0 to 5","550,000","","","","","","","","","","","","","","","","","GENENIS GIFT ","","","754951188","G2","CHINI YA ST. FRANSIS","","","1/13/2026","-3.358823, 37.116284","","3.79","0 to 5","550,000","","",""
"","","Kijenge","Hiaace DKS - Back up","Hiace","30","6","6","0","Kijenge","Melekizedeki","Marriam","Cleaner","SLA","","","","","","","","BRIGITA PROSPER MUSHI","","T108 DYW","762549790","G2","MARORONI","7:00","","1/13/2026","3°23'31.4""S 36°54'51.8""E","-3.392056, 36.914389","6.5","6 to 10","700,000","","BARAKA GEORGE NYITI","Two ways","EBP","692016068","KG2","Leganga","7:59:00 AM","4:30:00 PM","1/13/2026","3°22'08.5""S 36°50'51.4""E","-3.369028, 36.847611","2.2","0 to 5","550,000","","ESTHER PELLAGY MARANDU","Two ways","APW","","G5","Sanawari/Umoja","6:10","4:30","1/13/2026","3°20'31.1""S 36°52'60.0""E","-3.341972, 36.883333","3","0 to 5","550,000","","FAHD SHABAN MUYA","Two ways","T348 DKS","659579181","G1","USA-RIVER","7:56","16:07 PM","1/13/2026","3°22'18.4""S 36°51'30.2""E","-3.371778, 36.858389","1","0 to 5","550,000","","Bella Mungele","Two ways","T236 BHM","786923091/0767286141","DC","Kambi ya 2, Lucky vicent","","","1/13/2026","3°21'40""S 36°52'54""E","-3.361111, 36.881667","2","0 to 5","550,000","","GIANN CHAGWA","Two ways","T418 EBM","747197226","G5","MACHINJIONI/KWA SADALA","","","1/13/2026","3°25'53.0""S 36°47'16.8""E","-3.431389, 36.788000","12","11 to 15","800,000","","FIDEL GODWIN KAAYA","Two ways","T 226 CPP","755568860","G3","TENGERU","7:52","16:27PM","1/13/2026","3°22'22.6""S 36°47'05.4""E","-3.372944, 36.784833","9","6 to 10","700,000","","TRISTAN EMANUEL TSINGAY","One way","T585 BAE","","G2","Bango la Tigo","","16:42","1/13/2026","3°22'00""S 36°52'01""E","-3.366667, 36.866944","1","0 to 5","550,000","","GADIEL ERICK KITUTU","Two ways","DEP","716053575","G2","Day care kwa juu","","","1/13/2026","3°21'49.6""S 36°48'57.1""E","-3.363778, 36.815861","5.5","6 to 10","700,000","","Goodluck ISACK TITUS","Two ways","","T236 BHM","765737147","KG1","Tuvaila mji mpya","","","1/13/2026","3°22'15""S 36°52'53""E","-3.370833, 36.881389","2","0 to 5","550,000","","ETHAN NASARY","","","BAE - Young boys","","","Mangusha","","","1/13/2026","3°19'52.6""S 36°52'11.6""E","-3.331278, 36.869889","3","0 to 5","550,000","","","CATHERINE CLEMENT CHAWE","Two ways","T418EBM","0755755887","G1","oljoro","6:21","5:05","1/13/2026","3°26'01.6""S 36°40'47.2""E","-3.433778, 36.679778","8.3","6 to 10","700,000","","ELIZABETH MICHAEL MANTHI","Two ways","T199CHE","754889392","G3","Mianzini","7:00","4:49","1/13/2026","3°21'20.7""S 36°40'58.4""E","-3.355750, 36.682889","2.5","0 to 5","550,000","","GEOVANNA GEOPHREY CLAUDE","One way","T400BMC","767699797","","Majengo juu2","","3:43","1/13/2026","3°22'10.8""S 36°39'43.9""E","-3.369667, 36.662194","0.9","0 to 5","550,000","","BENSON VITUS MGAYA","Two ways","T348DKS","658473386","Kg2","Sanawari Maduka matatu","7:15","","1/13/2026","3°21'16.3""S 36°39'39.9""E","-3.354528, 36.661083","0.8","0 to 5","550,000","","","Joline Kelvin Mshingwe","Two ways","T814DVA","757237382","Baby","Banana","8:15","16:46","1/13/2026","3°23'35.1""S 36°43'22.4""E","-3.393083, 36.722889","1.76","0 to 5","550,000","","","","","","","","","","","","","","","","","TYLER EMMANUEL MSUYA","Two ways","","743947248","baby","Mula","","","","3°19'52.7""S 36°40'43.1""E","-3.331313, 36.678635","","","","","","","","","","","","","","","","","","","","HOLINESS  WILLISON ","","","757026508","KG2","KIBAONI","","","1/13/2026","-3.315292, 37.147225","","2.89","0 to 5","550,000","","",""
"","16","Ilboru","HIACE - Normal route","Hiace","16","16","19","-3","Iliboru","Goodluck","Sofia","Caretaker","Rental","","","","","","","","GRACE MICHAEL LEMILYA","","T108 DYW","754015976","G1","MARORONI","7:01","5:07","1/13/2026","3°23'32.3""S 36°54'51.9""E","-3.392306, 36.914417","6.5","6 to 10","700,000","","Jayden Gidion Minja","Two ways","EBP","","G1","Sangananu","7:20:00 AM","4:59:00 PM","1/13/2026","3°21'53""S 36°42'20""E","-3.364722, 36.705556","17.8","16 to 20","900,000","","CARMIELA NICHOLAUS NNKO","Two ways","APW","754464700","KG1","Steps","","","1/13/2026","3°20'31.6""S 36°52'47.1""E","-3.342111, 36.879750","3","0 to 5","550,000","","FARDEEN IQBAL SHAH","Two ways","T348 DKS","763552898","G1","USA-RIVER","7:58","16:04 PM","1/13/2026","3°22'18.4""S 36°51'30.2""E","-3.371778, 36.858389","1","0 to 5","550,000","","Paxton Joseph Sumari","Two ways","T236 BHM","757666463","G1","Aimbora Kanisani","6:41","17:11","1/13/2026","3°21'45""S 36°52'55""E","-3.362500, 36.881944","2","0 to 5","550,000","","KAUTHAR HUSSEIN HAMZA","Two ways","T418 EBM","T418 EBM","747197226","MACHINJIONI/KWA SADALA","","","1/13/2026","3°23'01.5""S 36°51'25.0""E","-3.383750, 36.856944","3","0 to 5","550,000","","NEHEMIA CHARLES","Two ways","T 226 CPP","798589452","G3","TENGERU","7:50","16:26PM","1/13/2026","3°22'06.0""S 36°47'05.5""E","-3.368333, 36.784861","9","6 to 10","700,000","","Abigael P. Manongi","One way","T585 BAE","","G3","Kwa Bomu","06:20 am","","1/13/2026","3°22'00""S 36°52'01""E","-3.366667, 36.866944","1","0 to 5","550,000","","HANNIEL ERICK KITUTU","Two ways","DEP","716053575","G1","Day care kwa juu","","","1/13/2026","3°21'49.6""S 36°48'57.1""E","-3.363778, 36.815861","5.5","6 to 10","700,000","","NICOLE ELISANTE MUNGURE","One way","","T236 BHM","714731324","KG1","Njia ya ngombe","","","1/13/2026","3°22'21.1""S 36°54'32.8""E","-3.372528, 36.909111","5","6 to 10","700,000","","YUSUPH	JUSTINE	ZAKARIA","","","BAE - Young boys","788507873","","Young boys","","","1/13/2026","3°19'18""S 36°52'59""E","-3.321667, 36.883056","5","0 to 5","550,000","","","CONIAH CLEMENT CHAWE","Two ways","T418EBM","0658228007","G1","oljoro","6:21","5:05","1/13/2026","3°27'01.0""S 36°39'19.5""E","-3.450278, 36.655417","9.9","6 to 10","700,000","","ARYAN RAMADHAN ","Two ways","T199CHE","785838395","G1","Silentin Songambele","","4:54","1/13/2026","3°21'20.9""S 36°40'06.9""E","-3.355806, 36.668583","1.1","0 to 5","550,000","","KIAN BRYSON LYATUU","Two ways","T400BMC","","G1","Soseji Geti la polisi","7:47","3:54","1/13/2026","3°21'47.9""S 36°39'33.8""E","-3.363306, 36.659389","0.2","0 to 5","550,000","","CHLOE RICHARD KINEMO","Two ways","T348DKS","785572428","G6","Mwanama","5:55","","1/13/2026","3°23'26.1""S 36°43'05.6""E","-3.390583, 36.718222","7.1","6 to 10","700,000","","","Brenda Daniel Megwani","Two ways","T814DVA","","Baby","Moshono Laizer","7:30","","1/13/2026","3°23'56.0""S 36°44'33.2""E","-3.398889, 36.742556","3.95","0 to 5","550,000","","","","","","","","","","","","","","","","","GIAN ORGENESS MASSAWE","Two ways","","782120030","baby","Kiding'a","7:35","2:50","12/5/2026","-3.352766, 36.689286","","","","","","","","","","","","","","","","","","","","","ALDRICH LAMECK KIHUNRWA","","","766207633","G2","","","","1/13/2026","-3.324757, 37.140666","","1.91","0 to 5","550,000","","",""
"","","Ilboru","Coasster CHE - Back up","Coaster","30","4","4","0","Iliboru","Longida","Adeliqueen","Cleaner","SLA","","","","","","","","CANDY CALVIN MUNGE","","T108 DYW","768752156","KG1","Maroroni chini","7:03","5:15","1/13/2026","3°23'38.6""S 36°56'43.1""E","-3.394056, 36.945306","9.6","6 to 10","700,000","","Flavia Hillary Fulgence","Two ways","EBP","769186784","KG1","Usa Tanesco","7:43:00 AM","4:30:00 PM","1/13/2026","3°20'43""S 36°49'57""E","-3.345278, 36.832500","4.0","0 to 5","550,000","","IAN JACKSON MAFIE","Two ways","APW","","G5","St. Judy (Kiwawa)","7:00","5:25","1/13/2026","3°20'12.7""S 36°51'40.5""E","-3.336861, 36.861250","3","0 to 5","550,000","","Jonathan Elisha Mugini","Two ways","T348 DKS","659246040","KG2","Kwa fundi","7:26","17:05 PM","1/13/2026","3°21'48""S 36°47'02""E","-3.363333, 36.783889","9","6 to 10","700,000","","GRACE TALIA ISABWA","Two ways","T236 BHM","752321995","G3","Kambi ya pili chini","","","1/13/2026","3°22'20""S 36°52'47""E","-3.372222, 36.879722","2","0 to 5","550,000","","REBECA MWAKYOKOLA","Two ways","T418 EBM","0653273683/0788888923","KG2","MLANGARINI","","","1/13/2026","3°25'55.5""S 36°47'21.0""E","-3.432083, 36.789167","12","11 to 15","800,000","","CELINE PHILIP MAKUNGI","One way","T 226 CPP","693452911","G5","SANGS","7:45","-","1/13/2026","3°22'06.0""S 36°47'05.5""E","-3.368333, 36.784861","9","6 to 10","700,000","","ARAFAT KARIM MACHAKE","Two ways","T585 BAE","","G3","ST. FRANCIS","6:20","04:22 pm","1/13/2026","3°22'03""S 36°51'59""E","-3.367500, 36.866389","1","0 to 5","550,000","","TRAVIS JOVIN MUKISA","One way","DEP","624126236","G1","Leganga -Sun of hope","","","1/13/2026","3°22'39.1""S 36°51'08.0""E","-3.377528, 36.852222","2.4","0 to 5","550,000","","ALLAN ELIREHEMA MBISE","Two ways","","T236 BHM","766347491","G4","Tuvaila","6:43","16:57","1/13/2026","3°22'06""S 36°54'22""E","-3.368333, 36.906111","5","0 to 5","550,000","","RICHARD JAMES","","","BAE - Young boys","788507873","","Young boys","","","1/13/2026","3°19'18""S 36°52'59""E","-3.321667, 36.883056","5","0 to 5","550,000","","","NORMAN HAMISI","Two ways","T418EBM","0714090798","G6","Murieth ","6:05","4:45","1/13/2026","3°26'14.2""S 36°40'27.6""E","-3.437278, 36.674333","8.5","6 to 10","700,000","","MIGUEL DEOGRATIUS KYARA","Two ways","T199CHE","624024830","G3","mianzini","6:54","4:47","1/13/2026","3°21'21.5""S 36°41'03.5""E","-3.355972, 36.684306","2.7","0 to 5","550,000","","NASINYARI DENIS KIDIRI","Two ways","T400BMC","","G1","Majengo Soko la mahindi","8:01","3:47","1/13/2026","3°22'02.0""S 36°39'26.8""E","-3.367222, 36.657444","0.7","0 to 5","550,000","","ISRAEL GEOFREY KIULA","Two ways","T348DKS","657929899","G2","sinoni lemara","5:45","","1/13/2026","3°24'34.0""S 36°41'57.2""E","-3.409444, 36.699222","6.8","6 to 10","700,000","","","Isabella Daniel Megwani","Two ways","T814DVA","","Baby","Moshono Laizer","7:30","","1/13/2026","3°23'56.0""S 36°44'33.2""E","-3.398889, 36.742556","3.95","0 to 5","550,000","","","","","","","","","","","","","","","","","ETHAN GOODLUCK","Two ways","","744800005","baby","Osaka B","","","","3°20'22.2""S 36°41'33.5""E","-3.339503, 36.692632","","","","","","","","","","","","","","","","","","","","YASSER HAROON MBUYU","","","654768783","Baby","SANYA STATION(SOMALIA)","","","1/13/2026","-3.355341, 37.107109","","4.54","0 to 5","550,000","","",""
"","17","Boma","HIACE","Hiace","30","30","23","7","Sadala","Noel","","","","","","","","","","","RAPHAELA FILBERT MOMBURI","","T108 DYW","758708998","G1","Njia ya ng'ombe Chin","7:10","5:00","1/13/2026","3°23'18.1""S 36°54'39.6""E","-3.388361, 36.911000","5.9","6 to 10","700,000","","Ian Goefrey Mosses","Two ways","EBP","713947450","G5","Leganga - Satuna Lodge","6:30:00 AM","5:46:00 PM","1/13/2026","3°22'03.0""S 36°50'40.6""E","-3.367500, 36.844611","2.4","0 to 5","550,000","","ALVIN   ALEX  DANGA","Two ways","T910 APW","682676893","KG2","NKOANENKOLI","7:19","5:00","1/13/2026","3°20'01.5""S 36°52'08.5""E","-3.333750, 36.869028","3","0 to 5","550,000","","PRECIOUS HUMPHREY KAAYA","Two ways","T348 DKS","","G6","SING'ISI","6:36","17:11 PM","1/13/2026","3°21'29.9""S 36°46'17.7""E","-3.358306, 36.771583","10","11 to 15","800,000","","HAITHAM ABTWALIB NGUA","","T236 BHM","767028579","KG1","Makaranga kambi ya 1","","","1/13/2026","3°21'41.1""S 36°52'51.8""E","-3.361417, 36.881056","2","0 to 5","550,000","","AURELIA MWAKYOKOLA","Two ways","T418 EBM","0653273683/0788888923","KG2","MLANGARINI","","","1/13/2026","3°25'55.5""S 36°47'21.0""E","-3.432083, 36.789167","12","11 to 15","800,000","","KENJI FRANK TEULING","Two ways","T 226 CPP","755905654","DC","SHANGARAI","7:04","17:14","1/13/2026","3°22'29.3""S 36°45'28.4""E","-3.374806, 36.757889","12","11 to 15","800,000","","RYAN ANOLD JOSEPH","One way","T585 BAE","758813849","KG2","KWA BOMU","6:30","","1/13/2026","3°21'26.9""S 36°53'15.6""E","-3.357472, 36.887667","2","0 to 5","550,000","","HELLEN ZAKARIA MKEVE ","Two ways","DEP","","kg1","Lenganga hospital","7:25","16:39","1/13/2026","3°22'28.9""S 36°50'54.4""E","-3.374694, 36.848444","2.5","0 to 5","550,000","","MILKA ELIREHEMA MBISE","Two ways","","T236 BHM","766347491","G3","Tuvaila","6:53","16:52","1/13/2026","3°22'06""S 36°54'22""E","-3.368333, 36.906111","5","0 to 5","550,000","","ATHUMAN MZEE","","","BAE - Young boys","788507873","","Young boys","","","1/13/2026","3°19'18""S 36°52'59""E","-3.321667, 36.883056","5","0 to 5","550,000","","","NUAHIM HAMISI","Two ways","T418EBM","0714090798","G3","Murieth ","6:05","4:45","1/13/2026","3°26'14.2""S 36°40'27.6""E","-3.437278, 36.674333","8.5","6 to 10","700,000","","NOLAN OLAIS ","Two ways","T199CHE","759086223","G6","Silentin Songambele","7:44","4:08","1/13/2026","3°21'27.2""S 36°40'17.9""E","-3.357556, 36.671639","1.3","0 to 5","550,000","","CAMILA JOSEPHAT KIMARO","Two ways","T400BMC","754788944","KG2 ","Zahanati ya Elerai","8:04","3:50","1/13/2026","3°22'03.8""S 36°39'30.5""E","-3.367722, 36.658472","0.7","0 to 5","550,000","","LENNOX JOSEPH POLE","Two ways","T348DKS","755326818","Kg1","Sekei Big Y","6:50","","1/13/2026","3°21'41.5""S 36°42'43.4""E","-3.361528, 36.712056","5.7","6 to 10","700,000","","","Alora  Frank cosmas","Two ways","T814DVA","769877282","Baby","Peru-Nanja","7:15","18:04","1/16/2026","3°24'11.8""S 36°43'51.4""E","-3.403278, 36.730944","3.19","0 to 5","550,000","","","","","","","","","","","","","","","","","FEISAL RAMATHAN","Two ways","","768010987","Baby","Kidinga secondary","","","","","","","","","","","","","","","","","","","","","","","","","ISAN NASRI RUGEMALIRA ","","","717722702","G2","SADALA","","","1/13/2026","","","","6 to 10","700,000","","",""
"","","Total","Usariver","","316","480","419","61","","","","","","0","","","","","","","Amaris Albert Maeda","","T108 DYW","745893573","G7","Njia ya ng'ombe Chin","7:13","4:53","1/13/2026","3°23'00.8""S 36°54'30.4""E","-3.383556, 36.908444","5.4","6 to 10","700,000","","GENEVIEVE PETER SHAYO","Two ways","EBP","757528414","","USARIVER SECONDARY","6:50:00 AM","4:40:00 PM","1/13/2026","3°21'51.4""S 36°51'10.8""E","-3.364278, 36.853000","1.4","0 to 5","550,000","","PHYLLIS LAMECK","","T910 APW","717873159","Kg","IMBASENI KITUO CHA KATI","","","1/13/2026","3°20'04.6""S 36°52'08.9""E","-3.334611, 36.869139","3","0 to 5","550,000","","ADDILYN REUBEN PALLANGYO","Two ways","T348 DKS","","KG1","Nguruma","7:02","16:52 PM","1/13/2026","3°23'43.5""S 36°48'20.1""E","-3.395417, 36.805583","8","6 to 10","700,000","","Dylan Frank Mlemwa","Two ways","T236 BHM","754546167 0767990439","KG1","Kambi ya pili - Bar mpya","7:00","16:38","1/13/2026","3°21'41.1""S 36°52'51.8""E","-3.361417, 36.881056","2","0 to 5","550,000","","TAWFIQ MADATI","Two ways","T418 EBM","788996088","G1","machinjiaoni","","","1/13/2026","3°22'53.0""S 36°51'21.3""E","-3.381389, 36.855917","3","0 to 5","550,000","","GEOVANN PETER","Two ways","T 226 CPP","767661817","KG1","KWA POLE","7:08 AM","17:10PM","1/13/2026","3°22'08.7""S 36°45'45.9""E","-3.369083, 36.762750","11","11 to 15","800,000","","HERBETH NKOE NICOLAUS","","T585 BAE","","kg1","Bango la tigo","","","1/13/2026","3°22'32""S 36°53'15""E","-3.375556, 36.887500","3","0 to 5","550,000","","BRIELLE MUTATIRO KUMBATA","Two ways","","685717264","DC","Blue SKy","7:30","16:24","1/13/2026","3°22'46.0""S 36°50'40.9""E","-3.379444, 36.844694","3.1","0 to 5","550,000","","IVANA FABIAN","Two ways","","T236 BHM","716747338","G3","Tuvaila mji mpya","6:43","17:01","1/13/2026","3°22'06.8""S 36°54'19.6""E","-3.368556, 36.905444","5","0 to 5","550,000","","ALVAH  ALEN MSAFIRI","","","BAE - Young boys","","","Seminary","","","1/13/2026","3°19'18""S 36°52'59""E","-3.321667, 36.883056","5","0 to 5","550,000","","","TRAVIS  ANDREW  HOZA","Two ways","T418EBM","763756464","KG1","Njiro ndogo","5:55","4:38","1/13/2026","3°22'19.3""S 36°41'09.7""E","-3.372028, 36.686028","3.0","0 to 5","550,000","","NURIAN OLAIS ","Two ways","T199CHE","759086223","G2","Silentin Songambele","7:44","4:08","1/13/2026","3°21'27.2""S 36°40'17.9""E","-3.357556, 36.671639","1.3","0 to 5","550,000","","BRIANA CLEOPA","Two ways","T400BMC","752472044","G1","kwa Njiba juu","6:24","5:09","1/13/2026","3°20'13.4""S 36°39'28.3""E","-3.337056, 36.657861","2.8","0 to 5","550,000","","RAYMOND EMMANUEL MGHOGHO","Two ways","T348DKS","763971380","G6","Bomasiara","6:15","","1/13/2026","3°22'44.8""S 36°43'37.5""E","-3.379111, 36.727083","7.6","6 to 10","700,000","","","Pharelle Alfred chelele","Two ways","T814DVA","757754147","Baby","Laizer madukani","","","1/13/2026","3°24'45.3""S 36°44'14.0""E","-3.412583, 36.737222","4.42","0 to 5","550,000","","","","","","","","","","","","","","","","","","","","","","","","","","","","","","","","","","","","","","","","","","","","","","","DANIEL","","","","","","","","","","","","","","","",""
"","","Total","Arusha Modern","","78","130","119","11","","","","","","0","","","","","","","DONALD ZEFANIA BARAVUGA","","T108 DYW","683266798","G1","Njia ya Ng'ombe","7:16","4:50","1/13/2026","3°22'51""S 36°54'41""E","-3.380833, 36.911389","5.6","6 to 10","700,000","","GIANNA ELIEZER TALUKA","Two ways","EBP","","KG2","DIKDIK","7:58:00 AM","4:38:00 AM","1/13/2026","3°22'01.3""S 36°50'58.8""E","-3.367028, 36.849667","1.9","0 to 5","550,000","","CLARA NICHOLAUS NNKO","","","","G5","kiwawa","","","1/13/2026","3°18'51.9""S 36°52'38.2""E","-3.314417, 36.877278","5","6 to 10","700,000","","ELYN ELIA LEMBOTO","Two ways","T348 DKS","756355878","KG1","AKER","7:09","16:54 AM","1/13/2026","3°21'50.4""S 36°46'22.0""E","-3.364000, 36.772778","10","11 to 15","800,000","","HEAVENLIGHT FRANK MIGWARA","Two ways","T236 BHM","747851013","DC","Kambi ya pili","6:11","16:30","1/13/2026","3°21'37.5""S 36°52'53.7""E","-3.360417, 36.881583","2","0 to 5","550,000","","YAHYA HAJI YAHYA","Two ways","","","","Machinjioni","","","1/13/2026","3°22'38.4""S 36°51'14.4""E","-3.377333, 36.854000","2","0 to 5","550,000","","PRECIOUS OISSO","Two ways","T 226 CPP","767806611","G1","KIMANDOLU","6:25 AM","17:40PM","1/13/2026","3°21'43.9""S 36°43'06.0""E","-3.362194, 36.718333","16","16 to 20","900,000","","AMARAMATHA  KISOKA","","T585 BAE","","G3","Bango la tigo","","","1/13/2026","3°22'14""S 36°53'04""E","-3.370556, 36.884444","2","0 to 5","550,000","","TALLYA ISRAEL PALLANGYO","Two ways","","787683516","","Kwa Siliyo (Kimbii)","","","1/13/2026","3°21'25.2""S 36°48'53.0""E","-3.357000, 36.814722","5.6","6 to 10","700,000","","Alice Hilary Tesha","Two ways","","BHM","749511920","KG1","Maji ya Chai mji mpya","6:46","16:45","1/13/2026","3°22'05.8""S 36°54'29.2""E","-3.368278, 36.908111","5","0 to 5","550,000","","JOHNSON DAUDI","Two ways","","BAE - Young boys","788507873","","Young boys","7:18","","1/13/2026","3°19'18""S 36°52'59""E","-3.321667, 36.883056","5","0 to 5","550,000","","","NAJAT RAMATHAN","Two ways","T418EBM","0782947474","G2","Morombo","7:01","5:40","1/13/2026","3°25'00.8""S 36°39'37.0""E","-3.416889, 36.660278","6.1","6 to 10","700,000","","ARIANA EMMANUEL KAVISHE","One way","T199CHE","","kg1","silent in","","3:47","1/13/2026","3°21'28.0""S 36°40'08.4""E","-3.357778, 36.669000","1.0","0 to 5","550,000","","BRIGHTNESS CLEOPA","One way","T400BMC","752472044","G4","kwa Njiba juu","6:24","","1/13/2026","3°20'13.4""S 36°39'28.3""E","-3.337056, 36.657861","2.8","0 to 5","550,000","","ROLAKE ALUKO ","Two ways","T348DKS","757268200","G2","Darajani","8:10","","1/13/2026","3°21'46.1""S 36°40'21.0""E","-3.362806, 36.672500","1.3","0 to 5","550,000","","","Alver  Rick Moiro","Two ways","T814DVA","762339957","Baby","Mwanama -Cocacola","6:00","16:29","1/20/2026","3°24'48.4""S 36°43'16.2""E","-3.413444, 36.721167","3.59","0 to 5","550,000","","","","","","","","","","","","","","","","","","","","","","","","","","","","","","","","","","","","","","","","","","","","","","","HARRIS","","","","","","","","","","","","","","","",""
"","","Total","Kijenge","","60","36","37","-1","","","","","","0","","","","","","","Miguel M Mkufya","","T108 DYW","0787806017 / 0767727761","G4","Maroroni","","","1/13/2026","3°23'15.0""S 36°55'07.5""E","-3.387500, 36.918750","6.6","6 to 10","700,000","","RYAN JOACHIM MARANDU","","EBP","","G3","Magadirisho","","","1/13/2026","3°21'47.8""S 36°51'18.6""E","-3.363278, 36.855167","1.2","0 to 5","550,000","","BRAYTON ELON LAIZER","","","","DC","Kiwawa","","","1/13/2026","3°18'51.9""S 36°52'38.2""E","-3.314417, 36.877278","5","6 to 10","700,000","","EIAN ELIA LEMBOTO","Two ways","T348 DKS","760740203","KG 2","AKER","7:09","16:54 AM","1/13/2026","3°21'29.9""S 36°46'17.7""E","-3.358306, 36.771583","10","11 to 15","800,000","","LISA ELISANTE MASSAY","Two ways","T236 BHM","767868931","G5","Kambi ya pili Bar mpya","7:00","16:00","1/13/2026","3°22'08.9""S 36°52'42.1""E","-3.369139, 36.878361","2","0 to 5","550,000","","DAYLAN KANIKE ELIAKIM","Two ways","","","KG2","Machinjioni","","","1/13/2026","3°23'05.8""S 36°51'28.1""E","-3.384944, 36.857806","3","0 to 5","550,000","","JAYLEEN INNOCENT","Two ways","T 226 CPP","","G2","BARABARA MPYA","6:55 AM","17:20PM","1/13/2026","3°22'22.4""S 36°45'22.0""E","-3.372889, 36.756111","12","11 to 15","800,000","","FRANKLIN JONAS SARAKIKYA","","","","","LUMEN","","","1/13/2026","3°21'38""S 36°53'50""E","-3.360556, 36.897222","4","0 to 5","550,000","","RAYAN       DAMAS","Two ways","","762830249","","Kwa Lyimo","7:25","16:37","1/13/2026","3°22'31.1""S 36°51'00.6""E","-3.375306, 36.850167","2.4","0 to 5","550,000","","Alen Hilary Tesha","Two ways","","BHM","762746622","DC","Maji ya Chai mji mpya","6:46","16:45","1/13/2026","3°22'05.8""S 36°54'29.2""E","-3.368278, 36.908111","5","0 to 5","550,000","","JONAS JOSEPH","Two ways","","BAE - Young boys","788507873","","Young boys","","","1/13/2026","3°19'18""S 36°52'59""E","-3.321667, 36.883056","5","0 to 5","550,000","","","OMARY KASSIM","Two ways","T418EBM","0693862881","kg 2","Sombetini","7:11","4:00","1/13/2026","3°22'57.1""S 36°40'09.3""E","-3.382528, 36.669250","5.0","0 to 5","550,000","","IVANA RICHARD PHILLIPH","Two ways","T199CHE","719401680","kg1","silent in","7:35","4:17","1/13/2026","3°21'32.8""S 36°40'16.1""E","-3.359111, 36.671139","1.2","0 to 5","550,000","","IAN WILSON SWAI","One way","T400BMC","754200972","G 3","Majengo Soko la mahindi","","","11/5/2026","3°22'02.0""S 36°39'26.8""E","","","","","","OMORALA OLATUNJI","Two ways","T348DKS","757268200","Kg 1","Darajani","8:10","","1/13/2026","3°21'46.1""S 36°40'21.0""E","-3.362806, 36.672500","1.3","0 to 5","550,000","","","Melisa Richard  Mollel","Two ways","T814DVA","","Baby","Moshono-Laizer","7:00","18:21","1/13/2026","3°25'42.7""S 36°43'55.5""E","-3.428528, 36.732083","5.6","6 to 10","700,000","","","","","","","","","","","","","","","","","","","","","","","","","","","","","","","","","","","","","","","","","","","","","","","MARCUS","","","","","","","","","","","","","","","",""
"","","Total","Ilboru","","46","20","23","-3","","","","","","0","","","","","","","MYLA MICHAEL MKUFYA","","T108 DYW","0787806017 / 0767727761","KG1","","","","1/13/2026","3°23'15.0""S 36°55'07.5""E","-3.387500, 36.918750","6.6","6 to 10","700,000","","JAYDEN JEREMIAH","One way","EBP","","g4","MOMELLA","","3:44:00 PM","1/13/2026","3°22'03.0""S 36°52'01.0""E","-3.367500, 36.866944","0.8","0 to 5","550,000","","BRAYDEN NADHIRI GUNDA","","","","DC","Kiwawa","","","1/13/2026","3°20'54.7""S 36°52'44.4""E","-3.348528, 36.879000","2","0 to 5","550,000","","CHRISTIAN MANASE MLUMBA","Two ways","T348 DKS","787216790","KG 1","AKER","6:59","16:48 AM","1/13/2026","3°21'29.9""S 36°46'17.7""E","-3.358306, 36.771583","10","11 to 15","800,000","","MELEJI LESSERIANI LAIZER","Two ways","T236 BHM","766968345","G1","Mnarani Arudeco","6:29","16:40","1/13/2026","3°21'37.5""S 36°52'53.7""E","-3.360417, 36.881583","2","0 to 5","550,000","","ELGIVER BROWN MWASHAMBWA","Two ways","","","","Machnjioni","","","1/13/2026","3°22'53.0""S 36°51'21.3""E","-3.381389, 36.855917","3","0 to 5","550,000","","VALERIA  JOHN EMANUEL","Two ways","T226 CCP","689813328","KG2","SOKO LA NDIZI/KIDEE LAUNDRY","7:30","16:55","1/13/2026","3°22'29.2""S 36°46'08.0""E","-3.374778, 36.768889","11","11 to 15","800,000","","IAN  C. LEMA","","","","KG 2","","","","1/13/2026","3°21'46.6""S 36°53'32.9""E","-3.362944, 36.892472","3","0 to 5","550,000","","HARIKA  GIDION  CHALIGHA","Two ways","","744727944","G1","Kwa Lyimo","7:25","16:37","1/13/2026","3°22'33.1""S 36°51'01.2""E","-3.375861, 36.850333","2.4","0 to 5","550,000","","HAPPYNESS DICKSON TEMBA","Two ways","","T236 BHM","752358870","G6","Tankin","6:40","16:37","1/13/2026","3°21'48.6""S 36°54'31.8""E","-3.363500, 36.908833","5","0 to 5","550,000","","SAMSON JOSEPH","Two ways","","BAE - Young boys","788507873","","Young boys","","","1/13/2026","3°19'18""S 36°52'59""E","-3.321667, 36.883056","5","0 to 5","550,000","","","CLARA MUSSA","Two ways","T418EBM","622552607","","Olasiti","","","8/7/20226","3°24'31.1""S 36°38'22.8""E","-3.408639, 36.639667","5.7","6 to 10","700,000","","FAISAL RASHID MUNGA","Two ways","T199CHE","757637010","G1","Mangurueni","7:26","4:24","1/13/2026","3°21'32.9""S 36°40'25.0""E","-3.359139, 36.673611","1.4","0 to 5","550,000","","JOLINE LEMBRIS","Two ways","T400BMC","787851806","KG 1","Kwa Iddi","","","11/5/2026","","","","","","","EILEEN MECKFASON","One way","T348DKS","765572426","G2","Arusha secondary","","","1/13/2026","3°22'27.9""S 36°41'13.1""E","-3.374417, 36.686972","3.2","0 to 5","550,000","","","Chidwick faraja ngomuo","One way","T814DVA","652193552","Baby","Suye-Pentagon","","","2/2/2026","3°22'40.0""S 36°43'03.5""E","-3.377778, 36.717639","0.95","0 to 5","550,000","","","","","","","","","","","","","","","","","","","","","","","","","","","","","","","","","","","","","","","","","","","","","","","IVANA","","","","","","","","","","","","","","","",""
"","","Total","Boma","","30","30","23","7","","","","","","0","","","","","","","Baraka Rajabu Mahaja","","T108 DYW","0754690370","G2","Njia ng'ombe","7:40","4:58","1/13/2026","3°23'10.8""S 36°54'22.8""E","-3.386333, 36.906333","5.4","6 to 10","700,000","","ALAIA ZABRON MWITA ","Two ways","EBP","","KG1","LEGANGA/POSTA ","7:50:00 AM","5:27:00 PM","1/13/2026","3°22'20.1""S 36°50'39.0""E","-3.372250, 36.844167","2.7","0 to 5","550,000","","BERNADETHER JEREMIAH","","","","","Kiwawa","","","1/13/2026","3°20'52.5""S 36°52'37.4""E","-3.347917, 36.877056","2","0 to 5","550,000","","PRECIOUS HUMPHREY KAAYA","Two ways","T348 DKS","692197657","G2","AKERI","6:36","17:11 AM","1/13/2026","3°21'54.7""S 36°46'23.9""E","-3.365194, 36.773306","10","11 to 15","800,000","","FAITH ABEL SHILIL","Two ways","T236 BHM","624008055","KG1","Kambi ya pili bar mpya","7:00","16:20","1/13/2026","3°21'56.0""S 36°52'56.8""E","-3.365556, 36.882444","2","0 to 5","550,000","","IVAN ELIREHEMA AKYOO","Two ways","","","G6","Machinjioni","","","1/13/2026","3°22'56.5""S 36°51'22.2""E","-3.382361, 36.856167","3","0 to 5","550,000","","GEBHARD  PETER","Two ways","T226 CCP","767661817","DC","KWAPOLE","7:08 AM","17:10PM","1/13/2026","3°22'09.1""S 36°45'46.2""E","-3.369194, 36.762833","11","11 to 15","800,000","","LOURIN C. LEMA","","","","G3","","","","1/13/2026","3°21'46.6""S 36°53'32.9""E","-3.362944, 36.892472","3","0 to 5","550,000","","CRISPIN YUDA PALLANGYO","","","","","Kwa Lyimo","","","1/13/2026","3°22'34.3""S 36°50'59.5""E","-3.376194, 36.849861","2.5","0 to 5","550,000","","SOPHIA HASSAN UCHECHE","Two ways","","T236 BHM","752299935","G1","M/CHAI MJI MPYA","6:50","16:50","1/13/2026","3°22'03.1""S 36°54'10.7""E","-3.367528, 36.902972","4","0 to 5","550,000","","IMRAN OMARY IDD","Two ways","","BAE - Young boys","788507873","","Young boys","","","1/13/2026","3°19'18""S 36°52'59""E","-3.321667, 36.883056","5","0 to 5","550,000","","","BELATRIX MUSSA","Two ways","T418EBM","717582477","","Olasiti","","","8/7/2026","3°24'31.1""S 36°38'22.8""E","-3.408639, 36.639667","5.7","6 to 10","700,000","","DAHYAN ABDALLAH ","One way","T199CHE","762813076","kg2","mianzini","6:56","","1/13/2026","3°21'35.6""S 36°41'02.3""E","-3.359889, 36.683972","2.6","0 to 5","550,000","","GEOVANNY GEOPHREY CLAUDE","One way","T400BMC","788760506","","Majengo juu2","","3:43","","3°21'12.5""S 36°39'28.5""E","","","","","","DEMETRI DENIS","Two ways","T348DKS","","G1","Moshono","","","11/3/2026","3°23'42.4""S 36°44'24.1""E","","13.4","11 to 15","800,000","","","Aiden Antoni  Mtui","One way","T814DVA","752481463","Baby","Siara","","16:55","1/13/2026","3°23'05.7""S 36°43'28.0""E","-3.384917, 36.724444","1.53","0 to 5","550,000","","","","","","","","","","","","","","","","","","","","","","","","","","","","","","","","","","","","","","","","","","","","","","","","","","","","","","","","","","","","","","",""
"","","Main Total","","","530","696","621","75","","","","","","0","","","","","","","CHARISSA JOSEPH SIFAEL","","DYW","762004766","KG1","Katiti","","","1/13/2026","3°23'10.9""S 36°56'37.1""E","-3.386361, 36.943639","9.2","6 to 10","700,000","","JAYLEEN JEREMIAH","One way","T326 EBP","755641977","G1","MOMELLA","","3:44:00 PM","1/13/2026","3°22'03.0""S 36°52'01.0""E","-3.367500, 36.866944","0.8","0 to 5","550,000","","GLORY PETER GWABO","","","","KG1","Kiwawa","","","1/13/2026","3°18'51.9""S 36°52'38.2""E","-3.314417, 36.877278","5","6 to 10","700,000","","NABEEL  SIRAJI MSOFE","Two ways","T348 DKS","","G5","SING'ISI","","17:24 AM","1/13/2026","3°22'15.6""S 36°47'39.5""E","-3.371000, 36.794306","8","6 to 10","700,000","","MORICE JULIUS MKOMWA","Two ways","T236 BHM","0759680898 / 0768161135","KG2","KWA AIMBORA","7:10","4:30","1/13/2026","3°21'45""S 36°52'55""E","-3.362500, 36.881944","2","0 to 5","550,000","","MIKE PETER KIULA","Two ways","","","G1","Mariado","","","1/13/2026","3°23'00.6""S 36°50'48.5""E","-3.383500, 36.846806","3","0 to 5","550,000","","RIAN  GODLOVE","One way","T226 CCP","767257180","G1","TENGERU","","16:27pm","1/13/2026","3°22'22.8""S 36°47'05.3""E","-3.373000, 36.784806","9","6 to 10","700,000","","DANIEL MANONGI","","T585 BAE","","KG2","Sabato ","","","1/13/2026","3°22'41.3""S 36°53'42.0""E","-3.378139, 36.895000","4","0 to 5","550,000","","ABRIANNA OBED NNKO","Two ways","","765458433","","Kwa Lyimo","7:30","16:24","1/13/2026","3°22'40.7""S 36°50'50.5""E","-3.377972, 36.847361","2.8","0 to 5","550,000","","Dorcus Patory Kiria","One way","","T236 BHM","714731324","G5","Maji ya chai Sec","","16:57","1/13/2026","3°22'21.1""S 36°54'32.8""E","-3.372528, 36.909111","5","6 to 10","700,000","","MUSTAPHA ISSA","Two ways","","BAE - Young boys","788507873","","Young boys","6:46","5:25","1/13/2026","3°19'18""S 36°52'59""E","-3.321667, 36.883056","5","0 to 5","550,000","","","ISABELA JOSEPH","Two ways","T418EBM","621156249","","Intel Dampo","","","8/7/20226","3°26'05.3""S 36°40'35.0""E","-3.434806, 36.676389","8.3","6 to 10","700,000","","RAHYAN RAMADHAN ","One way","T199CHE","762813076","G3","mianzini","6:56","","1/13/2026","3°21'35.6""S 36°41'02.3""E","-3.359889, 36.683972","2.6","0 to 5","550,000","","DENIS BRIAN ADAM","Two ways","T400BMC","672932696","G3","Majengo juu2","","","","3°22'26.8""S 36°39'26.9""E","-3.374100, 36.657468","","","","","ADYAN MOHAMED MSUYA","Two ways","T348DKS","785,186,681.00","KG 2","Kimandolu","","","","3°21'06.0""S 36°43'19.9""E","","","","","","","Talha Ibrahim Charles","Two ways","T814DVA","763971380","Baby","Siara Mnarani","","","","3°19'52.7""S 36°40'43.1""E","-3.331313, 36.678635","","","","","","","","","","","","","","","","","","","","","","","","","","","","","","","","","","","","","","","","","","","","","","","","","","","","","","","","","","","","","","","","","",""
"","","","","","","","","","","","","","","","","","","","","","Faris Ramadhani Salim","","DYW","614908177","KG 2","Kikatiti","","","1/13/2026","3°23'26.9""S 36°55'09.1""E","-3.390806, 36.919194","6.9","6 to 10","700,000","","BENJAMINE FURANAELY","Two ways","T326 EBP","627883887","","SANGANANU","6:11:00 AM","5:19:00 AM","1/13/2026","3°22'12.2""S 36°50'51.8""E","-3.370056, 36.847722","2.2","0 to 5","550,000","","SAYUNI JOELY","Two ways","","762132679","G5","Esther Memorial","7:30","5:40","1/13/2026","3°19'57.2""S 36°51'59.2""E","-3.332556, 36.866444","3","0 to 5","550,000","","TELLVIN STANLEY NCHANAKALILO","Two ways","T348 DKS","","","SING'ISI","6:43","17:25","1/13/2026","3°22'15.6""S 36°47'39.5""E","-3.371000, 36.794306","8","6 to 10","700,000","","DORCUS B. MARO","Two ways","T236 BHM","","G1","Kambi ya Pili","","","1/13/2026","3°22'10.5""S 36°52'59.2""E","-3.369583, 36.883111","2","0 to 5","550,000","","HENRY INNOCENT MOSHA","Two ways","","","G3","BY PASS","","","1/13/2026","3°23'11.3""S 36°50'16.3""E","-3.386472, 36.837861","4","0 to 5","550,000","","JEREMIAH CHARLES SAMWELI","Two ways","T226 CCP","789589452","G5","TENGERU","7:50","16:26","1/13/2026","","","9","6 to 10","700,000","","MARTHA MWITA","","T585 BAE","","G3","Sabato ","","","1/13/2026","3°22'41.3""S 36°53'42.0""E","-3.378139, 36.895000","4","0 to 5","550,000","","JAYSON GODBRIGHT KITOMARI","Two ways","","621140677","DC","Kwa Fundi","6:20","17:40","1/13/2026","3°22'01.0""S 36°47'34.0""E","-3.366944, 36.792778","8.1","6 to 10","700,000","","Agrey Abedi Kimaro","Two ways","1","T108 DYW","788843235 - 0743691853","G4","Njia ya ng'ombe stand juu","7:17","","1/13/2026","3°22'44""S 36°54'36""E","-3.378889, 36.910000","5","6 to 10","700,000","","","","","","","","","","","","","","","","","","","ISADORA JOSEPH","Two ways","T418EBM","621156249","","Intel Dampo","","","8/7/2026","3°26'05.3""S 36°40'35.0""E","-3.434806, 36.676389","8.3","6 to 10","700,000","","EDINA KELVIN MASSARO","One way","T199CHE","756388119","G3","s/white rose","","4:24","1/13/2026","3°21'37.1""S 36°40'30.0""E","-3.360306, 36.675000","1.6","0 to 5","550,000","","ARIANA ADOLF","Two ways","T400BMC","787191008","G1","Ngaramtoni","","","","3°19'19.1""S 36°38'11.0""E","","","","","","ALAN JACKSON","Two ways","T348DKS","756144534","KG 2","Boma Siara ","","","8/4/2026","3°22'47.0""S 36°43'52.5""E","","","","","","","Ayman Ally","Two ways","T814DVA","683974814","Baby","Assumption schl","","","","3°23'02.8""S 36°42'25.5""E","-3.331313, 36.678636","","","","","","","","","","","","","","","","","","","","","","","","","","","","","","","","","","","","","","","","","","","","","","","","","","","","","","","","","","","","","","","","","",""
"","","","","","","","","","","","","","","","","","","","","","Highness Everest Mnyaga","","DYW","657453453 / 0743900206","KG2","Kikatiti","","","1/13/2026","3°22'48.4""S 36°56'40.7""E","-3.380111, 36.944639","9.1","6 to 10","700,000",""," QUEEN FRANCIS  BURETER","","T326 EBP","759215380","G5","Magadirisho","7:00:00 AM","4:47:00 PM","1/13/2026","3°21'51.4""S 36°51'10.8""E","-3.364278, 36.853000","1.4","0 to 5","550,000","","GEOFREY","Two ways","","","","Maliasili","","","1/13/2026","3°18'51.9""S 36°52'38.2""E","-3.314417, 36.877278","5","6 to 10","700,000","","JACOBI LAZARO","One way","T348 DKS","784668978","DC","HELP FOR THE MAASAI","7:26 AM","","1/13/2026","3°23'00.3""S 36°47'42.0""E","-3.383417, 36.795000","8","6 to 10","700,000","","NOLAN MATHEW SICILIMA","Two ways","T236 BHM","0746200118 / 0743160037","DC","MNARANI ","7:40","17:00","1/13/2026","3°21'52.1""S 36°52'25.6""E","-3.364472, 36.873778","1","0 to 5","550,000","","ANDRIC ALLEN GODIAN","Two ways","","","G1","Nelson Mandela","","","1/13/2026","3°25'53.0""S 36°47'16.8""E","-3.431389, 36.788000","12","11 to 15","800,000","","JAYDEN JOEL SUMARI","Two ways","T226 CCP","766858856","DC","CHAMA","7:35 AM","17:05PM","1/13/2026","","","9","6 to 10","700,000","","JOYCE MWITA","","","","KG1","Sabato ","7:55","","1/13/2026","3°22'41.3""S 36°53'42.0""E","-3.378139, 36.895000","4","0 to 5","550,000","","NICOLE ELISANTE MUNGURE","","","","G1","Momela","","","1/13/2026","3°21'53.0""S 36°51'57.0""E","-3.364722, 36.865833","0.5","0 to 5","550,000","","DEVET RISHAEL KITOMARI","Two ways","","T236 BHM","620303177","KG2","NJIA YA NGOMBE","7:11","17:07","1/13/2026","3°22'02.2""S 36°55'05.2""E","-3.367278, 36.918111","6","6 to 10","700,000","","","","","","","","","","","","","","","","","","","LINCOLIN GEORGE","Two ways","T418EBM","07599886984/0764340008","","Olasiti","","","","3°23'38.8""S 36°38'44.2""E","-3.394111, 36.645611","4.0","0 to 5","550,000","","LIAM EMMANUEL PETER","Two ways","T199CHE","763140882","Kg2","Silentin","8:08","3:39","1/13/2026","3°21'42.9""S 36°40'10.3""E","-3.361917, 36.669528","0.9","0 to 5","550,000","","","","","","","","","","","","","","","","","FAHIM YUSUF","Two ways","T348DKS","756722412","","Lemara","","","8/7/2026","3°24'36.1""S 36°41'41.5""E","-3.410013, 36.694857","","","","","","Amara Edwin","Two ways","T814DVA","654374277","KG 2","Nanja","","","3/8/2026","3°23'44.4""S 36°43'50.0""E","-3.395655, 36.730557","","","550,000","","","","","","","","","","","","","","","","","","","","","","","","","","","","","","","","","","","","","","","","","","","","","","","","","","","","","","","","","","","","","","",""
"","","","","","","","","","","","","","","","9","10","11","12","","","ALICIA ADRIAN MAGANGA","","DYW","0620105159","G4","Njia ya Ng'ombe","","","1/13/2026","3°23'10.8""S 36°54'22.8""E","-3.386333, 36.906333","5.4","6 to 10","700,000","","BENICE CHARLES MULLO","Two ways","T326 EBP","","KG1","Magadirisho","7:00:00 AM","4:47:00 PM","1/13/2026","3°21'51.4""S 36°51'10.8""E","-3.364278, 36.853000","1.4","0 to 5","550,000","","NAYSA SPATRO NNKO","Two ways","","763952614","G1","Nkoanekoli","","5:28","1/13/2026","3°20'14.6""S 36°51'36.9""E","-3.337389, 36.860250","3","0 to 5","550,000","","NAVEEB BENJAMINI","Two ways","T348 DKS","743800921","","MJI MWEMA","7:30","17:35","1/13/2026","","","1","0 to 5","550,000","","ARIANNA ASIMWE ADOLF","","T236 BHM","","KG2","","","","1/13/2026","3°22'08.9""S 36°52'42.1""E","-3.369139, 36.878361","2","0 to 5","550,000","","LOUIS DAVID DEMETRY","Two ways","","","G4","Hospitali ya korona","","","1/13/2026","3°24'15.0""S 36°43'38.6""E","-3.404167, 36.727389","16","16 to 20","900,000","","","","","","","","","","","","","","","","","ANDY HENRY MUSHI","Two ways","","","G4","","6:53","4:05","1/13/2026","3°22'44.4""S 36°53'01.1""E","-3.379000, 36.883639","3","0 to 5","550,000","","MICHELLE SIFUNI URIO","","","","KG2","Momela","","","1/13/2026","3°21'53.0""S 36°51'57.0""E","-3.364722, 36.865833","0.5","0 to 5","550,000","","EFSIBA E. Pallangyo","Two ways","","T236 BHM","692256305","G1","Ngorika maji ya chai","16:21","6:21","1/13/2026","3°20'45.0""S 36°54'34.1""E","-3.345833, 36.909472","5","6 to 10","700,000","","","","","","","","","","","","","","","","","","","ARIANA JOSEPHAT TARIMO","Two ways","T400BMC","0784617456 ","KG2","Elerai Sekondari ","7:55","3:38","1/13/2026","3°19'17.1""S 36°38'09.3""E","-3.321417, 36.635917","5.3","6 to 10","700,000","","LAITHAH HARITH VICENT","Two ways","T199CHE","763140882","Kg1","Silentin","8:08","3:39","1/13/2026","3°21'42.9""S 36°40'10.3""E","-3.361917, 36.669528","0.9","0 to 5","550,000","","","","","","","","","","","","","","","","","BRYAN ELIAZA JOHN","Two ways","T348DKS","","kg2","Cetral Police","","","","","","","","","","","Aarice","Two ways","T814DVA","744595446","KG 1","Nanja","","","3/8/2026","3°23'44.4""S 36°43'50.0""E","-3.395655, 36.730557","","","550,000","","","","","","","","","","","","","","","","","","","","","","","","","","","","","","","","","","","","","","","","","","","","","","","","","","","","","","","","","","","","","","",""
"","","","","","","","","","","","","","","","","","","","","","Faith Elisha Masangwa","","DYW","0759616805 / 0766970223","G1","Kikatiti - Texas","","","1/13/2026","3°23'06.4""S 36°56'40.2""E","-3.385111, 36.944500","9.2","6 to 10","700,000","","BELLEN CHARLES","Two ways","T326 EBP","","G5","Magadirisho","7:00:00 AM","4:47:00 PM","1/13/2026","3°21'51.4""S 36°51'10.8""E","-3.364278, 36.853000","1.4","0 to 5","550,000","","BRAVO MAFIE","Two ways","","","KG1","Sanawari/Umoja","7:00","5:25","1/13/2026","3°20'32.5""S 36°52'48.4""E","-3.342361, 36.880111","3","0 to 5","550,000","","","","","","","","","","","","","","","","","KENDRICK DENIS KAPELE","Two ways","T236 BHM","0752334740 / 0719213901","G2","BAA MPYA/ MCHAI","7:00","16:28","1/13/2026","3°21'59.8""S 36°52'56.5""E","-3.366611, 36.882361","2","0 to 5","550,000","","BLESS-BAHATI RANDALL STUBBS","Two ways","","","KG1","Mariado","","","1/13/2026","3°23'00.6""S 36°50'48.5""E","-3.383500, 36.846806","3","0 to 5","550,000","","","","","","","","","","","","","","","","","ANDREA PATRICK","","","","","","","04:29 pm","1/13/2026","3°21'21.4""S 36°52'59.8""E","-3.355944, 36.883278","2","0 to 5","550,000","","ENRICK D. KESSY","Two ways","","717101505","G7","Makumira","7:15","16:49","1/13/2026","3°22'46""S 36°49'46""E","-3.379444, 36.829444","4.5","0 to 5","550,000","","KENISHA E. Sumari","Two ways","","T236 BHM","679953853","KG2","Mahakamani maji ya chai","16:41","6:44","1/13/2026","3°21'48.6""S 36°54'19.2""E","-3.363500, 36.905333","4","0 to 5","550,000","","","","","","","","","","","","","","","","","","","","","","","","","","","","","","","","","","SALOME ATANAS","Two ways","T199CHE","624542506","G 3","Mianzini juu","6:29","4:54","11/3/2026","3°20'32.7""S 36°40'56.1""E","-3.342417, 36.682250","","","","","","","","","","","","","","","","","","","","ARYAN SYLVESTER MARANDU","Two ways","T348DKS","670727442","kg2","Parachichi","","","","","","","","","","","Aasim","Two ways","T814DVA","744595446","Daycare","Nanja","","","3/8/2026","3°23'44.4""S 36°43'50.0""E","-3.395655, 36.730557","","","550,000","","","","","","","","","","","","","","","","","","","","","","","","","","","","","","","","","","","","","","","","","","","","","","","","","","","","","","","","","","","","","","",""
"","","","","","","","1","2","3","4","5","6","7","8","","","","","","","FELICIA ELISHA MASHANGWA","","DYW","0759616805 / 0766970223","DC","Kikatiti - Texas","","","1/13/2026","3°23'06.4""S 36°56'40.2""E","-3.385111, 36.944500","9.2","6 to 10","700,000","","SHARISA OMARY","Two ways","T326 EBP","","G4","dikidiki","6:40:00 AM","4:30:00 PM","1/13/2026","3°22'04.3""S 36°50'56.3""E","-3.367861, 36.848972","2.0","0 to 5","550,000","","CLARISSA MAKOE SURWE","","","","DC","St.Jude","","","1/13/2026","3°20'30.8""S 36°53'00.4""E","-3.341889, 36.883444","3","0 to 5","550,000","","","","","","","","","","","","","","","","","AYDEN FRANK MNZAVA","Two ways","T236 BHM","687077998","KG2","Kambi ya 2, Lucky vicent","","4:55","1/13/2026","3°21'40""S 36°52'54""E","-3.361111, 36.881667","2","0 to 5","550,000","","ABIGAIL DEOGRATIUS MASSAGA","Two ways","","","G1","Huruma kiseriani","","","1/13/2026","3°26'30.1""S 36°44'29.0""E","-3.441694, 36.741389","16","16 to 20","900,000","","","","","","","","","","","","","","","","","JOAN BENJAMIN","","","","","","","","1/13/2026","3°21'21.9""S 36°52'55.4""E","-3.356083, 36.882056","2","0 to 5","550,000","","AIVAN URASSA","Two ways","","629924503","GI","TRANSFOMA","","","1/13/2026","3°20'00.6""S 36°49'01.9""E","-3.333500, 36.817194","6.1","6 to 10","700,000","","GROLY ARUNI SWAI","Two ways","","T108 DYW","752358870","G5","Ebenezer","6:35","16:30","1/13/2026","3°21'26.5""S 36°54'38.2""E","-3.357361, 36.910611","5","6 to 10","700,000","","","","","","","","","","","","","","","","","","","","","","","","","","","","","","","","","","EMALINE OISSO","Two ways","T199CHE","","","","","","","3°21'07.4""S 36°41'08.2""E","","","","","","","","","","","","","","","","","","","","","RYAN SYLVESTER MARANDU","Two ways","T348DKS","670727442","kg2","Parachichi","","","","","","","","","","","Granham Mwenda","Two ways","T814DVA","798786429","kg1","Baraa","8:00","","","","","","","","","","","","","","","","","","","","","","","","","","","","","","","","","","","","","","","","","","","","","","","","","","","","","","","","","","","","","","","","","","","","","",""
"","","","BUS NO","BUS TYPE","","","","","","","","","","","","","","","","","ALICE ADRIAN MAGANGA","","DYW","0620105159","G2","Njia ya Ng'ombe","","","1/13/2026","3°23'10.8""S 36°54'22.8""E","-3.386333, 36.906333","5.4","6 to 10","700,000","","BEVAN BENSON","Two ways","T326 EBP","614905479","KG1","Jua kali","6:15:00 AM","6:30:00 PM","1/13/2026","3°21'06.3""S 36°50'14.1""E","-3.351750, 36.837250","3.3","0 to 5","550,000","","JONATHAN JEREMIA SALUNGI","Two ways","","743102957","","Nkoanekoli","7:18","5:10","1/13/2026","3°20'01.5""S 36°52'08.5""E","-3.333750, 36.869028","3","0 to 5","550,000","","","","","","","","","","","","","","","","","ETHAN ALLY MBUNDA","Two ways","T236 BHM","677569042","KG1","Mnarani Arudeco","6:30","16:55","1/13/2026","3°22'08.9""S 36°52'42.1""E","-3.369139, 36.878361","2","0 to 5","550,000","","URIEL DEOGRATIUS MASSAGA","Two ways","","","DC","Huruma kiseriani","","","1/13/2026","3°26'30.1""S 36°44'29.0""E","-3.441694, 36.741389","16","16 to 20","900,000","","","","","","","","","","","","","","","","","JEHAN TESHA","","","","Daycare","","","","1/13/2026","3°22'21.7""S 36°53'07.2""E","-3.372694, 36.885333","3","0 to 5","550,000","","AIVAN URASSA","","","","","","","","1/13/2026","","","4.5","0 to 5","550,000","","NADIA IDD BAKARI","Two ways","","T108 DYW","6922563035","G3","Ngorika maji ya chai","16:21","6:21","1/13/2026","3°20'45.0""S 36°54'34.1""E","-3.345833, 36.909472","5","6 to 10","700,000","","","","","","","","","","","","","","","","","","","","","","","","","","","","","","","","","","BELISIA LUPENZA","Two ways","T199CHE","","","Samunge","7:12","4:35","","3°21'03.3""S 36°40'28.5""E","-3.350917, 36.674583","1.9","0 to 5","550,000","","","","","","","","","","","","","","","","","MITCHELE HILLARY MARANDU","Two ways","T348DKS","762978720","G1","Sanawari","","","","","","","","","","","Jayleen Benjamin","Two ways","T814DVA","764290290","kg2","Siara","","","8/7/2026","","","","","","","","","","","","","","","","","","","","","","","","","","","","","","","","","","","","","","","","","","","","","","","","","","","","","","","","","","","","","","","","","","","",""
"","","","","","","","","","Mar","Apr","May","Jun","Jul","","","","","","","","GOODHOPE GODLUCK KWEKA","","DYW","0768511450","G5","Kikatiti stand","","","1/13/2026","3°23'19.5""S 36°56'26.4""E","-3.388750, 36.940667","8.9","6 to 10","700,000","","MARIAM ABDALLAH","Two ways","T326 EBP","757868354","G.3","Kigongoni","6:30:00 AM","5:46:00 PM","1/13/2026","3°22'03.0""S 36°50'40.6""E","-3.367500, 36.844611","2.4","0 to 5","550,000","","KENZO SPATRO NNKO","One way","","763952614","KG1","Nkoanekoli","","5:25","1/13/2026","3°20'01.5""S 36°52'08.5""E","-3.333750, 36.869028","3","0 to 5","550,000","","","","","","","","","","","","","","","","","MULHATI MAJIDI JUMA	","Two ways","F","0617716427/0682635944","G3","Kanisa la Aimbora KKKT","6:50","17:09","1/13/2026","3°21'41.1""S 36°52'51.8""E","-3.361417, 36.881056","2","0 to 5","550,000","","ADRIEL  DEGRATIUS MASSAGA","Two ways","","","G5","Huruma kiseriani","","","1/13/2026","3°26'30.1""S 36°44'29.0""E","-3.441694, 36.741389","16","16 to 20","900,000","","","","","","","","","","","","","","","","","SYDNEY SHANGATA","","","","","","","","1/13/2026","3°22'20.9""S 36°53'05.5""E","-3.372472, 36.884861","3","0 to 5","550,000","","NICOLE MAGNUS","Two ways","","747020383","G2","Momella ","8:00","16:01","1/13/2026","","","4.5","0 to 5","550,000","","WILLIAM JUSTIN MUSHI","Two ways","","T108 DYW","625357579","KG1","M/CHAI TANKIN","16:17","6:10","1/13/2026","3°21'33.8""S 36°54'32.0""E","-3.359389, 36.908889","5","0 to 5","550,000","","","","","","","","","","","","","","","","","","","","","","","","","","","","","","","","","","QARI SALAH AHMED","Two ways","T418EBM","","G1","sakina","8:12","5:33","1/13/2026","3°21'40.2""S 36°39'50.2""E","-3.361167, 36.663944","0.3","0 to 5","","","","","","","","","","","","","","","","","","PRINCESS EDWARD MAHINYA","Two ways","T348DKS","621087244","KG 2","","","","","3°22'09.3""S 36°40'12.2""E","","","","","","","","","","","","","","","","","","","","","","","","","","","","","","","","","","","","","","","","","","","","","","","","","","","","","","","","","","","","","","","","","","","","","","","","","","","","","","","","","","",""
"","1","Usariver","T 910 APW -","COASTER","30","45","","","","","","","","","","","","","","","ETHAN COSMAS MUSHI","","DYW","712121366 / 0655103166","G2","Njia ya Ng'ombe","","","1/13/2026","3°23'25.9""S 36°54'17.6""E","-3.390528, 36.904889","5.5","6 to 10","700,000","","SADICK MOHAMED","Two ways","T326 EBP","745251600","DC","Magadirisho","7:00:00 AM","4:37:00 PM","1/13/2026","3°21'50.1""S 36°51'11.3""E","-3.363917, 36.853139","1.4","0 to 5","550,000","","ATHEA BALISDIA","Two ways","","","","St jude","","","1/13/2026","3°18'51.9""S 36°52'38.2""E","-3.314417, 36.877278","5","6 to 10","700,000","","","","","","","","","","","","","","","","","MULK MAJIDI JUMA","Two ways","T236 BHM","0617716427/0682635944","","KWA AIMBORA","6:40","17:11","1/13/2026","3°21'41.1""S 36°52'51.8""E","-3.361417, 36.881056","2","0 to 5","550,000","","JONATHAN JEREMIAH SARUNGI","","","","G3","Kivuyo","","","1/13/2026","3°24'48.7""S 36°48'40.9""E","-3.413528, 36.811361","8","6 to 10","700,000","","","","","","","","","","","","","","","","","RODGER SWALLE","","","","","","","","1/13/2026","3°22'21.2""S 36°53'10.3""E","-3.372556, 36.886194","3","0 to 5","550,000","","MICHELE  MAGNUS","Two ways","","747020383","DC","Momella ","8:00","16:01","1/13/2026","","","4.5","0 to 5","550,000","","JANUARI JULIUS LAIZER","Two ways","","T108 DYW","752358870","KG1","Ebenezer","6:35","16:33","1/13/2026","3°21'33.8""S 36°54'32.0""E","-3.359389, 36.908889","5","0 to 5","550,000","","","","","","","","","","","","","","","","","","","","","","","","","","","","","","","","","","MITCHELE HILLARY MARANDU","Two ways","T348DKS","762978720","G1","Sanawari","","","","3°21'35.2""S 36°41'46.2""E","-3.359778, 36.696167","","","","","","","","","","","","","","","","","","","","","","","","","","","","","","","","","","","","","","","","","","","","","","","","","","","","","","","","","","","","","","","","","","","","","","","","","","","","","","","","","","","","","","","","","","","","","","","","","","","","","","","","","","","","","","","",""
"","2","Usariver","CPP","COASTER","30","45","","","","","","","","","","","","","","","CHARLOTTE COSMAS MUSHI","","DYW","712121366 / 0655103166","KG1","Njia ya","","","1/13/2026","3°23'25.9""S 36°54'17.6""E","-3.390528, 36.904889","5.5","6 to 10","700,000","","GIDION ERICK","Two ways","T326 EBP","755161059","DC","dikidiki","7:58:00 AM","4:30:00 PM","1/13/2026","3°22'00.7""S 36°50'55.6""E","-3.366861, 36.848778","2.0","0 to 5","550,000","","JAYDAN DENIS","Two ways","","752275240","DC","Sanawari/Umoja,Kiwawa","6:06","4:25","1/13/2026","3°19'57.2""S 36°51'59.2""E","-3.332556, 36.866444","3","0 to 5","550,000","","","","","","","","","","","","","","","","","GRATITUDE JACKSON ","Two ways","T236 BHM","753749453",""," Lucky vicent","6:55","17:09","1/13/2026","3°22'08.9""S 36°52'42.1""E","-3.369139, 36.878361","2","0 to 5","550,000","","","","","","","","","","","","","","","","","","","","","","","","","","","","","","","","GIANNA FRANK","","","","","","","","1/13/2026","3°22'41.3""S 36°53'42.0""E","-3.378139, 36.895000","4","0 to 5","550,000","","HILDA WASWA","Two ways","","710705005","KG2","Leganga","7:50","16:10","1/13/2026","","","4.5","0 to 5","550,000","","SHEDRACK ELIFURAHAA","Two ways","","T108 DYW","752358870","KG1","Ebenezer","6:35","16:33","1/13/2026","3°21'33.8""S 36°54'32.0""E","-3.359389, 36.908889","5","0 to 5","550,000","","","","","","","","","","","","","","","","","","","","","","","","","","","","","","","","","","","","","","","","","","","","#VALUE!","","","","","","","","","","","","","","","","","","","","","","","","","","","","","","","","","","","","","","","","","","","","","","","","","","","","","","","","","","","","","","","","","","","","","","","","","","","","","","","","","","","","","","","","","","","","","","","","","","","","","","","","","","","","","","","",""
"","2.1","Usariver","Coaster BAE - Young boys","Coaster","30","45","","","","","","","","","","","","","","","PURITY ADELPHINUS GABONE	","","T108 DYW","766346934","G2","KIKATITI","6:40","6:20","1/13/2026","3°22'58.7""S 36°56'55.9""E","-3.382972, 36.948861","9.6","6 to 10","700,000","","GLORY PETR GWABO","Two ways","T326 EBP","678464856","KG2","Transfoma","","","1/13/2026","3°21'49.2""S 36°50'40.8""E","-3.363667, 36.844667","2.3","0 to 5","550,000","","KENJI GAO","","","","","Kiwawa","","","1/13/2026","3°20'29.7""S 36°53'09.8""E","-3.341583, 36.886056","3","0 to 5","550,000","","","","","","","","","","","","","","","","","COLLIN ERICK MOLLEL","Two ways","T236 BHM","0682662162 / 0692472933","DC","KWA  AIMBORA","6:11","16:30","1/13/2026","3°21'41.1""S 36°52'51.8""E","-3.361417, 36.881056","2","0 to 5","550,000","","","","","","","","","","","","","","","","","","","","","","","","","","","","","","","","ELSIE ELIKUNDA KISANGA","","","","KG2","Sabato","","","1/13/2026","3°22'26""S 36°53'43""E","-3.373889, 36.895278","4","0 to 5","550,000","","NATHAN MELEXZEDECK","Two ways","","629129659","G1","MJI MWEMA","7:25","16:18","1/13/2026","","","4.5","0 to 5","550,000","","SAMAIRA HAMAD","One way","","T108 DYW","752358870","G1","Ebenezer","16:20","6:21","1/13/2026","3°21'14.3""S 36°54'32.8""E","-3.353972, 36.909111","5","0 to 5","550,000","","","","","","","","","","","","","","","","","","","","","","","","","","","","","","","","","","","","","","","","","","","","","","","","","","","","","","","","","","","","","","","","","","","","","","","","","","","","","","","","","","","","","","","","","","","","","","","","","","","","","","","","","","","","","","","","","","","","","","","","","","","","","","","","","","","","","","","","","","","","","","","","","","","","","","","","","","","",""
"","3","Usariver","T 326 EBP","ROSA","30","45","","","","","","","","","","","","","","","WISDOM GEORGE MRINGO	","","T108 DYW","0764432067/ 0757201000","G1","Njia ya ng'ombe Chin","7:10","5:00","1/13/2026","3°23'18.1""S 36°54'39.6""E","-3.388361, 36.911000","5.9","6 to 10","700,000","","SAMWELI PETER GWABO","Two ways","T326 EBP","678464856","G1","Makeseni","","","1/13/2026","3°21'49.2""S 36°50'40.8""E","-3.363667, 36.844667","2.3","0 to 5","550,000","","ADRIANA JEREMIA","","","","","Kiwawa","","","1/13/2026","3°20'30.8""S 36°53'00.4""E","-3.341889, 36.883444","3","0 to 5","550,000","","","","","","","","","","","","","","","","","INES ELIREHEMA AKYOO","Two ways","T236 BHM","764509055","G1","Marekani","7:05","16:12","1/13/2026","3°22'15""S 36°52'49""E","-3.370833, 36.880278","2","0 to 5","550,000","","","","","","","","","","","","","","","","","","","","","","","","","","","","","","","","","","","","","","","","","","","","","","","KELLY GODLUCK","Two ways","","760512136","KG1","KWA SHIFAO","7:05","16:58","1/13/2026","","","4.5","0 to 5","550,000","","JAELY EMMANUEL","Two ways","","T108 DYW","677661482","G2","Mji mpya","6:40","16:37","1/13/2026","3°21'48.6""S 36°54'31.8""E","-3.363500, 36.908833","5","0 to 5","550,000","","","","","","","","","","","","","","","","","","","","","","","","","","","","","","","","","","","","","","","","","","","","","","","","","","","","","","","","","","","","","","","","","","","","","","","","","","","","","","","","","","","","","","","","","","","","","","","","","","","","","","","","","","","","","","","","","","","","","","","","","","","","","","","","","","","","","","","","","","","","","","","","","","","","","","","","","","","",""
"","4","Usariver","DDA","Coaster","30","45","","","","","","","","","","","","","","","MELVINA ELITETERA GUNDA","","T108 DYW","0764432067/ 0757201000","G6","Njia ya ng'ombe Chin","7:10","5:00","1/13/2026","3°23'19""S 36°54'40""E","-3.388611, 36.911111","6.0","6 to 10","700,000","","TALIA MZAVA","","T326 EBP","757872015","KG2","Tanesco","7:39:00 AM","4:30:00 PM","1/13/2026","3°22'03.0""S 36°52'01.0""E","-3.367500, 36.866944","0.8","0 to 5","550,000","","JENESTER AMAN NANYARO","two ways","","768941615","G3","Kiwawa","6:00","4:20","1/13/2026","","","3","0 to 5","550,000","","","","","","","","","","","","","","","","","IVAN ELIREHEMA AKYOO","Two ways","T236 BHM","764509055","G4","Marekani","","","1/13/2026","3°22'15""S 36°52'49""E","-3.370833, 36.880278","2","0 to 5","550,000","","","","","","","","","","","","","","","","","","","","","","","","","","","","","","","","","","","","","","","","","","","","","","","CHRISPIN PALLANGYO","Two ways","","683383360","G1","LEGANGA KWA LYIMO","7:25","16:36","1/13/2026","","","4.5","0 to 5","550,000","","WENDY WESTON","One way","","T108 DYW","766111933","KG2","Sabato","16:07","","1/13/2026","3°22'07.8""S 36°53'25.9""E","-3.368833, 36.890528","3","0 to 5","550,000","","","","","","","","","","","","","","","","","","","","","","","","","","","","","","","","","","","","","","","","","","","","","","","","","","","","","","","","","","","","","","","","","","","","","","","","","","","","","","","","","","","","","","","","","","","","","","","","","","","","","","","","","","","","","","","","","","","","","","","","","","","","","","","","","","","","","","","","","","","","","","","","","","","","","","","","","","","",""
"","5","Usariver","T 108 DYW","ROSA","30","45","","","","","","","","","","","","","","","CHRISTABEL FRED LUBIDA","","T108 DYW","789875172 / 0653309626","G2","MUNIO","","","1/13/2026","3°23'23.3""S 36°55'28.2""E","-3.389806, 36.924500","7.3","6 to 10","700,000","","CHARLOTE ABSALOM MUNGURE","Two ways","T326 EBP","788583492","","Momela","8:00:00 AM","3:40:00 PM","1/13/2026","3°22'00.4""S 36°52'05.6""E","-3.366778, 36.868222","0.8","0 to 5","550,000","","BRIAN  ERICK","","","769583790","G1","Kiwawa","6:00","5:15","1/13/2026","","","3","0 to 5","550,000","","","","","","","","","","","","","","","","","Ryan Hashim Nangali","Two ways","T236 BHM","753878907","KG2","Kambi ya pili - Marekani Street kibaoni","6:30","16:18","1/13/2026","3°22'10.5""S 36°52'50.5""E","-3.369583, 36.880694","2","0 to 5","550,000","","","","","","","","","","","","","","","","","","","","","","","","","","","","","","","","","","","","","","","","","","","","","","","","","","","","","","","","","","","","","","WESNA WESTON","One way","","T108 DYW","766111933","DC","Sabato","16:07","","1/13/2026","3°22'07.8""S 36°53'25.9""E","-3.368833, 36.890528","3","0 to 5","550,000","","","","","","","","","","","","","","","","","","","","","","","","","","","","","","","","","","","","","","","","","","","","","","","","","","","","","","","","","","","","","","","","","","","","","","","","","","","","","","","","","","","","","","","","","","","","","","","","","","","","","","","","","","","","","","","","","","","","","","","","","","","","","","","","","","","","","","","","","","","","","","","","","","","","","","","","","","","",""
"","6","Usariver","Rental Hiace","HIACE","16","30","","","","","","","","","","","","","","","CHRISTEN FRED LUBIDA","","T108 DYW","0754418250 / 0713898333","G2","Kibao cha 50","","","1/13/2026","3°23'23.3""S 36°55'28.2""E","-3.389806, 36.924500","7.3","6 to 10","700,000","","COLLETE ABSALOM MUNGURE","Two ways","T326 EBP","788583492","","Momela","8:00:00 AM","3:40:00 PM","1/13/2026","3°22'00.4""S 36°52'05.6""E","-3.366778, 36.868222","0.8","0 to 5","550,000","","IAN OMBENI","","","","","","","","1/13/2026","","","3","0 to 5","550,000","","","","","","","","","","","","","","","","","Michelle Sifuni Urio","Two ways","T236 BHM","0763658519 / 0762376776","KG1","KWA MMAREKANI","7:10","16:28","1/13/2026","3°22'00""S 36°52'51""E","-3.366667, 36.880833","2","0 to 5","550,000","","","","","","","","","","","","","","","","","","","","","","","","","","","","","","","","","","","","","","","","","","","","","","","","","","","","","","","","","","","","","","GEOVANA ELISANTE MUNGURE","One way","","T108 DYW","714731324","KG1","Njia ya Ngo'mbe","15:57","","1/13/2026","3°22'21.1""S 36°54'32.8""E","-3.372528, 36.909111","5","6 to 10","700,000","","","","","","","","","","","","","","","","","","","","","","","","","","","","","","","","","","","","","","","","","","","","","","","","","","","","","","","","","","","","","","","","","","","","","","","","","","","","","","","","","","","","","","","","","","","","","","","","","","","","","","","","","","","","","","","","","","","","","","","","","","","","","","","","","","","","","","","","","","","","","","","","","","","","","","","","","","","",""
"","7","Usariver","BAE","COASTER","30","45","","","","","","","","","","","","","","","ELIA  ALOYCE MUSHI","","T108 DYW","712247215 / 0629611496","G1","SABATO","","","1/13/2026","3°22'58.7""S 36°56'55.9""E","-3.382972, 36.948861","9.6","6 to 10","700,000","","ELIANA PETER  SUMARI","Two ways","T326 EBP","689596422","","Momela","8:00:00 AM","3:40:00 PM","1/13/2026","3°22'00.4""S 36°52'05.6""E","-3.366778, 36.868222","0.8","0 to 5","550,000","","SIMION  JOEL PALLANGYO","","","762132679","G7","Esther memorial academy","7:30","5:40","1/13/2026","","","3","0 to 5","550,000","","","","","","","","","","","","","","","","","MALCOM J. NDEKETERA","Two ways","T236 BHM","768903190","G4","Kambi ya Pili","7:00","","1/13/2026","3°22'10.5""S 36°52'59.2""E","-3.369583, 36.883111","2","0 to 5","550,000","","","","","","","","","","","","","","","","","","","","","","","","","","","","","","","","","","","","","","","","","","","","","","","","","","","","","","","","","","","","","","GIAVANA ELISANTE  MUNGURE","One way","","T108 DYW","763260628","KG1","Njia ya Ngo'mbe","15:57","","1/13/2026","3°22'21.1""S 36°54'32.8""E","-3.372528, 36.909111","5","6 to 10","700,000","","","","","","","","","","","","","","","","","","","","","","","","","","","","","","","","","","","","","","","","","","","","","","","","","","","","","","","","","","","","","","","","","","","","","","","","","","","","","","","","","","","","","","","","","","","","","","","","","","","","","","","","","","","","","","","","","","","","","","","","","","","","","","","","","","","","","","","","","","","","","","","","","","","","","","","","","","","",""
"","8","Usariver","BHM","COASTER","30","45","","","","","","","","","","","","","","","GILLIE GODFREY SARO","","T108 DYW","754095096","kg 1","KIKATITI","6:35","5:40","1/13/2026","3°22'58.7""S 36°56'55.9""E","-3.382972, 36.948861","9.6","6 to 10","700,000","","ETHAN MSAFIRI","One way","T326 EBP","","G5","River tree","","4:00:00 PM","1/13/2026","3°22'19.9""S 36°51'30.4""E","-3.372194, 36.858444","1.5","0 to 5","550,000","","CAURAGE GAO","","","758634697","G5"," ST JUDE","","4:05","1/13/2026","","","3","0 to 5","550,000","","","","","","","","","","","","","","","","","GRACE JOHN","Two ways","T236 BHM","752321995","G1","KWA MMAREKANI","6:15","4:40","1/13/2026","","","2","0 to 5","550,000","","","","","","","","","","","","","","","","","","","","","","","","","","","","","","","","","","","","","","","","","","","","","","","","","","","","","","","","","","","","","","AALIYAH SELEMAN","Two ways","","T108 DYW","629484427","","Kambi ya pili ya chni","7:11","16:28","1/13/2026","","","3","0 to 5","550,000","","","","","","","","","","","","","","","","","","","","","","","","","","","","","","","","","","","","","","","","","","","","","","","","","","","","","","","","","","","","","","","","","","","","","","","","","","","","","","","","","","","","","","","","","","","","","","","","","","","","","","","","","","","","","","","","","","","","","","","","","","","","","","","","","","","","","","","","","","","","","","","","","","","","","","","","","","","",""
"","9","Usariver","DSD","Coaster","30","45","","","","","","","","","","","","","","","DONARD BARAVUGA","","","0766654246","G2","KIKATITI","","","1/13/2026","3°23'01.2""S 36°54'36.4""E","-3.383667, 36.910111","5.6","6 to 10","700,000","","ELVIN MSAFIRI","One way","T326 EBP","","G1","River tree","","4:00:00 PM","1/13/2026","3°22'19.9""S 36°51'30.4""E","-3.372194, 36.858444","1.5","0 to 5","550,000","","PRINCE  BARAKA","","","628986790","DC","UMOJA  KIWAWA","6:15","4:32","1/13/2026","","","3","0 to 5","550,000","","","","","","","","","","","","","","","","","EBENEZERY JOHN","Two ways","T236 BHM","764880163","G1","MNARANI","6:33","16:55","1/13/2026","","","2","0 to 5","550,000","","","","","","","","","","","","","","","","","","","","","","","","","","","","","","","","","","","","","","","","","","","","","","","","","","","","","","","","","","","","","","ALLEN  TESHA","Two ways","","T108 DYW","762746622","","M/CHAI","6:46","16:45","1/13/2026","","","3","0 to 5","550,000","","","","","","","","","","","","","","","","","","","","","","","","","","","","","","","","","","","","","","","","","","","","","","","","","","","","","","","","","","","","","","","","","","","","","","","","","","","","","","","","","","","","","","","","","","","","","","","","","","","","","","","","","","","","","","","","","","","","","","","","","","","","","","","","","","","","","","","","","","","","","","","","","","","","","","","","","","","",""
"","10","Usariver","Rental Coaster BUF) - Nkoaranga","Coaster","30","45","","","","","","","","","","","","","","","BRIELA BARAVUGA","","T108 DYW","0766654246","G2","NJIA YA NG'OMBE","","","1/13/2026","3°23'01.2""S 36°54'36.4""E","-3.383667, 36.910111","5.6","6 to 10","700,000","","GRECIOUS URIO","Two ways","T326 EBP","718957106","G1","Kanisa la Amec","6:11:00 AM","5:50:00 PM","1/13/2026","3°22'12.2""S 36°50'51.8""E","-3.370056, 36.847722","2.2","0 to 5","550,000","","JONATHAN JEREMIA SALUNGI","","","","","","","","1/13/2026","","","3","0 to 5","550,000","","","","","","","","","","","","","","","","","IVAN  STEVEN","Two ways","T236 BHM","","G4","KWA AIMBORA","7:00","16:30","1/13/2026","","","2","0 to 5","550,000","","","","","","","","","","","","","","","","","","","","","","","","","","","","","","","","","","","","","","","","","","","","","","","","","","","","","","","","","","","","","","","","","","","","","","","","","","","","","","","","","","","","","","","","","","","","","","","","","","","","","","","","","","","","","","","","","","","","","","","","","","","","","","","","","","","","","","","","","","","","","","","","","","","","","","","","","","","","","","","","","","","","","","","","","","","","","","","","","","","","","","","","","","","","","","","","","","","","","","","","","","","","","","","","","","","","","","","","","","","","","","","","","","","","","","","",""
"","11","Arusha Modern","Coaster  CHE","Coaster ","30","40","","","","","","","","","","","","","","","MIRIAM ELIEZER MKISI","","T108 DYW","0766654246","G3","NJIA YA NG'OMBE","","","1/13/2026","3°22'59.8""S 36°54'36.8""E","-3.383278, 36.910222","5.6","6 to 10","700,000","","EVEN URIO","Two ways","T326 EBP","718957106","G1","Kanisa la Amec","6:11:00 AM","5:50:00 PM","1/13/2026","3°22'12.2""S 36°50'51.8""E","-3.370056, 36.847722","2.2","0 to 5","550,000","","","","","","","","","","","","","","","","","","","","","","","","","","","","","","","","GABRIEL ELIA MBISE","One way","T236 BHM","","G1","BAA MPYA","","16:30","1/13/2026","","","2","0 to 5","550,000","","","","","","","","","","","","","","","","","","","","","","","","","","","","","","","","","","","","","","","","","","","","","","","","","","","","","","","","","","","","","","","","","","","","","","","","","","","","","","","","","","","","","","","","","","","","","","","","","","","","","","","","","","","","","","","","","","","","","","","","","","","","","","","","","","","","","","","","","","","","","","","","","","","","","","","","","","","","","","","","","","","","","","","","","","","","","","","","","","","","","","","","","","","","","","","","","","","","","","","","","","","","","","","","","","","","","","","","","","","","","","","","","","","","","","","",""
"","12","Arusha Modern","Hiace EBM","Hiace","16","30","","","","","","","","","","","","","","","ABRAHAM ADRIAN","","T108 DYW","0752870396","","KIKATITI","","","1/13/2026","3°23'10.8""S 36°54'22.8""E","-3.386333, 36.906333","5.4","6 to 10","700,000","","PRINCE MUYA","Two ways","T326 EBP","757262276","G5","Usa","7:35:00 AM","4:33:00 PM","1/13/2026","3°22'05.9""S 36°51'27.0""E","-3.368306, 36.857500","1.2","0 to 5","550,000","","","","","","","","","","","","","","","","","","","","","","","","","","","","","","","","ARIEL  MUNGELE","Two ways","T236 BHM","767286141","KG2","AIMBORA KANISANI","6:25","17:09","1/13/2026","","","2","0 to 5","550,000","","","","","","","","","","","","","","","","","","","","","","","","","","","","","","","","","","","","","","","","","","","","","","","","","","","","","","","","","","","","","","","","","","","","","","","","","","","","","","","","","","","","","","","","","","","","","","","","","","","","","","","","","","","","","","","","","","","","","","","","","","","","","","","","","","","","","","","","","","","","","","","","","","","","","","","","","","","","","","","","","","","","","","","","","","","","","","","","","","","","","","","","","","","","","","","","","","","","","","","","","","","","","","","","","","","","","","","","","","","","","","","","","","","","","","","",""
"","13","Arusha Modern","Hiace DKS","Hiace","16","30","","","","","","","","","","","","","","","DAVIANA DAVID MANONGI","","T108 DYW","","DC","Kikatiti","","","1/13/2026","3°23'20.3""S 36°56'17.5""E","-3.388972, 36.938194","8.7","6 to 10","700,000","","JULIUS GODFREY","Two ways","T326 EBP","758075384","DC","SANGANANU","7:25:00 AM","5:07:00 PM","1/13/2026","3°22'16.3""S 36°50'55.5""E","-3.371194, 36.848750","2.2","0 to 5","550,000","","","","","","","","","","","","","","","","","","","","","","","","","","","","","","","","GLORY ELIA MBISE","Two ways","T236 BHM","","G6","BAA MPYA","6:55","17:11","1/13/2026","","","2","0 to 5","550,000","","","","","","","","","","","","","","","","","","","","","","","","","","","","","","","","","","","","","","","","","","","","","","","","","","","","","","","","","","","","","","","","","","","","","","","","","","","","","","","","","","","","","","","","","","","","","","","","","","","","","","","","","","","","","","","","","","","","","","","","","","","","","","","","","","","","","","","","","","","","","","","","","","","","","","","","","","","","","","","","","","","","","","","","","","","","","","","","","","","","","","","","","","","","","","","","","","","","","","","","","","","","","","","","","","","","","","","","","","","","","","","","","","","","","","","",""
"","14","Arusha Modern","Rental Hiace ","Hiace","16","30","","","","","","","","","","","","","","","","","","","","","","","","","","","","","","","","","","","","","","","","","","","","","","","","","","","","","","","","","","","","","","","","","","","","","","","","","","","NATHAN  MTANGO","Two ways","T236 BHM","766322221","","MOMELLA","7:28","","1/13/2026","","","2","0 to 5","550,000","","","","","","","","","","","","","","","","","","","","","","","","","","","","","","","","","","","","","","","","","","","","","","","","","","","","","","","","","","","","","","","","","","","","","","","","","","","","","","","","","","","","","","","","","","","","","","","","","","","","","","","","","","","","","","","","","","","","","","","","","","","","","","","","","","","","","","","","","","","","","","","","","","","","","","","","","","","","","","","","","","","","","","","","","","","","","","","","","","","","","","","","","","","","","","","","","","","","","","","","","","","","","","","","","","","","","","","","","","","","","","","","","","","","","","","",""
"","15","Kijenge","HIACE - Normal route","Hiace","30","30","","","","","","","","","","","","","","","","","","","","","","","","","","","","","","","","","","","","","","","","","","","","","","","","","","","","","","","","","","","","","","","","","","","","","","","","","","","LILIAN ZEPHANIA","Two ways","T236 BHM","766322221","G3","MOMELLA","7:22","","1/13/2026","","","2","0 to 5","550,000","","","","","","","","","","","","","","","","","","","","","","","","","","","","","","","","","","","","","","","","","","","","","","","","","","","","","","","","","","","","","","","","","","","","","","","","","","","","","","","","","","","","","","","","","","","","","","","","","","","","","","","","","","","","","","","","","","","","","","","","","","","","","","","","","","","","","","","","","","","","","","","","","","","","","","","","","","","","","","","","","","","","","","","","","","","","","","","","","","","","","","","","","","","","","","","","","","","","","","","","","","","","","","","","","","","","","","","","","","","","","","","","","","","","","","","",""
"","16","Ilboru","HIACE - Normal route","Hiace","16","16","","","","","","","","","","","","","","","","","","","","","","","","","","","","","","","","","","","","","","","","","","","","","","","","","","","","","","","","","","","","","","","","","","","","","","","","","","","HAYSAM HASSAN","Two ways","T236 BHM","684022679","KG2","KWA AIMBORA","6:10","16:40","1/13/2026","","","2","0 to 5","550,000","","","","","","","","","","","","","","","","","","","","","","","","","","","","","","","","","","","","","","","","","","","","","","","","","","","","","","","","","","","","","","","","","","","","","","","","","","","","","","","","","","","","","","","","","","","","","","","","","","","","","","","","","","","","","","","","","","","","","","","","","","","","","","","","","","","","","","","","","","","","","","","","","","","","","","","","","","","","","","","","","","","","","","","","","","","","","","","","","","","","","","","","","","","","","","","","","","","","","","","","","","","","","","","","","","","","","","","","","","","","","","","","","","","","","","","",""
"","17","Boma","HIACE","Hiace","30","30","","","","","","","","","","","","","","","","","","","","","","","","","","","","","","","","","","","","","","","","","","","","","","","","","","","","","","","","","","","","","","","","","","","","","","","","","","","MALEONA   MOLLELI","One way","T236 BHM","691766809","KG1","BAA MPYA","","","1/13/2026","","","2","0 to 5","550,000","","","","","","","","","","","","","","","","","","","","","","","","","","","","","","","","","","","","","","","","","","","","","","","","","","","","","","","","","","","","","","","","","","","","","","","","","","","","","","","","","","","","","","","","","","","","","","","","","","","","","","","","","","","","","","","","","","","","","","","","","","","","","","","","","","","","","","","","","","","","","","","","","","","","","","","","","","","","","","","","","","","","","","","","","","","","","","","","","","","","","","","","","","","","","","","","","","","","","","","","","","","","","","","","","","","","","","","","","","","","","","","","","","","","","","","",""
"","","Total","Usariver","","316","480","419","61","","","","","","0","","","","","","","","","","","","","","","","","","","","","","","","","","","","","","","","","","","","","","","","","","","","","","","","","","","","","","","","","","","","","","","","","","","DORCAS  BARAKA","Two ways","T236 BHM","768903190","G1","BAA MPYA","7:00","16:30","1/13/2026","","","2","0 to 5","550,000","","","","","","","","","","","","","","","","","","","","","","","","","","","","","","","","","","","","","","","","","","","","","","","","","","","","","","","","","","","","","","","","","","","","","","","","","","","","","","","","","","","","","","","","","","","","","","","","","","","","","","","","","","","","","","","","","","","","","","","","","","","","","","","","","","","","","","","","","","","","","","","","","","","","","","","","","","","","","","","","","","","","","","","","","","","","","","","","","","","","","","","","","","","","","","","","","","","","","","","","","","","","","","","","","","","","","","","","","","","","","","","","","","","","","","","",""
"","","Total","Arusha Modern","","78","130","119","11","","","","","","0","","","","","","","","","","","","","","","","","","","","","","","","","","","","","","","","","","","","","","","","","","","","","","","","","","","","","","","","","","","","","","","","","","","IVAN WILSON MANONG","Two ways","T236 BHM","","G3","BAA MPYA","7:00","16:40","1/13/2026","","","2","0 to 5","550,000","","","","","","","","","","","","","","","","","","","","","","","","","","","","","","","","","","","","","","","","","","","","","","","","","","","","","","","","","","","","","","","","","","","","","","","","","","","","","","","","","","","","","","","","","","","","","","","","","","","","","","","","","","","","","","","","","","","","","","","","","","","","","","","","","","","","","","","","","","","","","","","","","","","","","","","","","","","","","","","","","","","","","","","","","","","","","","","","","","","","","","","","","","","","","","","","","","","","","","","","","","","","","","","","","","","","","","","","","","","","","","","","","","","","","","","",""
"","","Total","Kijenge","","60","36","37","-1","","","","","","0","","","","","","","","","","","","","","","","","","","","","","","","","","","","","","","","","","","","","","","","","","","","","","","","","","","","","","","","","","","","","","","","","","","CLARA BONIFACE","One way","T236 BHM","","G1","MNARANI","6:30","","1/13/2026","","","2","0 to 5","550,000","","","","","","","","","","","","","","","","","","","","","","","","","","","","","","","","","","","","","","","","","","","","","","","","","","","","","","","","","","","","","","","","","","","","","","","","","","","","","","","","","","","","","","","","","","","","","","","","","","","","","","","","","","","","","","","","","","","","","","","","","","","","","","","","","","","","","","","","","","","","","","","","","","","","","","","","","","","","","","","","","","","","","","","","","","","","","","","","","","","","","","","","","","","","","","","","","","","","","","","","","","","","","","","","","","","","","","","","","","","","","","","","","","","","","","","",""
"","","Total","Ilboru","","46","20","23","-3","","","","","","0","","","","","","","","","","","","","","","","","","","","","","","","","","","","","","","","","","","","","","","","","","","","","","","","","","","","","","","","","","","","","","","","","","","ETHAN  SIFUEL AKYOO","One way","T236 BHM","686773210","G3","","16:10","","1/13/2026","","","2","0 to 5","550,000","","","","","","","","","","","","","","","","","","","","","","","","","","","","","","","","","","","","","","","","","","","","","","","","","","","","","","","","","","","","","","","","","","","","","","","","","","","","","","","","","","","","","","","","","","","","","","","","","","","","","","","","","","","","","","","","","","","","","","","","","","","","","","","","","","","","","","","","","","","","","","","","","","","","","","","","","","","","","","","","","","","","","","","","","","","","","","","","","","","","","","","","","","","","","","","","","","","","","","","","","","","","","","","","","","","","","","","","","","","","","","","","","","","","","","","",""
"","","Total","Boma","","30","30","23","7","","","","","","0","","","","","","","","","","","","","","","","","","","","","","","","","","","","","","","","","","","","","","","","","","","","","","","","","","","","","","","","","","","","","","","","","","","JOHNSON KAAYA","Two ways","T236 BHM","767166996","G3","KWA AIMBORA","7:25","16:05","1/13/2026","","","2","0 to 5","550,000","","","","","","","","","","","","","","","","","","","","","","","","","","","","","","","","","","","","","","","","","","","","","","","","","","","","","","","","","","","","","","","","","","","","","","","","","","","","","","","","","","","","","","","","","","","","","","","","","","","","","","","","","","","","","","","","","","","","","","","","","","","","","","","","","","","","","","","","","","","","","","","","","","","","","","","","","","","","","","","","","","","","","","","","","","","","","","","","","","","","","","","","","","","","","","","","","","","","","","","","","","","","","","","","","","","","","","","","","","","","","","","","","","","","","","","",""
"","","Main Total","","","530","696","621","75","","","","","","0","","","","","","","","","","","","","","","","","","","","","","","","","","","","","","","","","","","","","","","","","","","","","","","","","","","","","","","","","","","","","","","","","","","RAHIM  SAID","Two ways","T236 BHM","714588646","G2","MOMELLA","7:22","16:05","1/13/2026","","","2","0 to 5","550,000","","","","","","","","","","","","","","","","","","","","","","","","","","","","","","","","","","","","","","","","","","","","","","","","","","","","","","","","","","","","","","","","","","","","","","","","","","","","","","","","","","","","","","","","","","","","","","","","","","","","","","","","","","","","","","","","","","","","","","","","","","","","","","","","","","","","","","","","","","","","","","","","","","","","","","","","","","","","","","","","","","","","","","","","","","","","","","","","","","","","","","","","","","","","","","","","","","","","","","","","","","","","","","","","","","","","","","","","","","","","","","","","","","","","","","","",""
"","","","","","","","","","","","","","","","","","","","","","","","","","","","","","","","","","","","","","","","","","","","","","","","","","","","","","","","","","","","","","","","","","","","","","","","","","","","","","","","","","IAN   FRANK","Two ways","T236 BHM","753898035","G4","BAA MPYA","7:00","16:30","1/13/2026","","","2","0 to 5","550,000","","","","","","","","","","","","","","","","","","","","","","","","","","","","","","","","","","","","","","","","","","","","","","","","","","","","","","","","","","","","","","","","","","","","","","","","","","","","","","","","","","","","","","","","","","","","","","","","","","","","","","","","","","","","","","","","","","","","","","","","","","","","","","","","","","","","","","","","","","","","","","","","","","","","","","","","","","","","","","","","","","","","","","","","","","","","","","","","","","","","","","","","","","","","","","","","","","","","","","","","","","","","","","","","","","","","","","","","","","","","","","","","","","","","","","","",""
"","","","BUS NO","BUS TYPE","","","","","","","","","","","","","","","","","","","","","","","","","","","","","","","","","","","","","","","","","","","","","","","","","","","","","","","","","","","","","","","","","","","","","","","","","","","","","","","","","","","","","","","","","","","","","","","","","","","","","","","","","","","","","","","","","","","","","","","","","","","","","","","","","","","","","","","","","","","","","","","","","","","","","","","","","","","","","","","","","","","","","","","","","","","","","","","","","","","","","","","","","","","","","","","","","","","","","","","","","","","","","","","","","","","","","","","","","","","","","","","","","","","","","","","","","","","","","","","","","","","","","","","","","","","","","","","","","","","","","","","","","","","","","","","","","","","","","","","","","","","","","","","","","","","","","","","","","","","","","","","","","","","","","","","","","","","","","","","","","",""
"","","","","","","","","","Mar","Apr","May","Jun","Jul","","","","","","","","","","","","","","","","","","","","","","","","","","","","","","","","","","","","","","","","","","","","","","","","","","","","","","","","","","","","","","","","","","","","","","","","","","","","","","","","","","","","","","","","","","","","","","","","","","","","","","","","","","","","","","","","","","","","","","","","","","","","","","","","","","","","","","","","","","","","","","","","","","","","","","","","","","","","","","","","","","","","","","","","","","","","","","","","","","","","","","","","","","","","","","","","","","","","","","","","","","","","","","","","","","","","","","","","","","","","","","","","","","","","","","","","","","","","","","","","","","","","","","","","","","","","","","","","","","","","","","","","","","","","","","","","","","","","","","","","","","","","","","","","","","","","","","","","","","","","","","","","","","","","","","","","",""
"","1","","T 910 APW -","COASTER","","45","","","","","","","","","","","","","","","","","","","","","","","","","","","","","","","","","","","","","","","","","","","","","","","","","","","","","","","","","","","","","","","","","","","","","","","","","","","","","","","","","","","","","","","","","","","","","","","","","","","","","","","","","","","","","","","","","","","","","","","","","","","","","","","","","","","","","","","","","","","","","","","","","","","","","","","","","","","","","","","","","","","","","","","","","","","","","","","","","","","","","","","","","","","","","","","","","","","","","","","","","","","","","","","","","","","","","","","","","","","","","","","","","","","","","","","","","","","","","","","","","","","","","","","","","","","","","","","","","","","","","","","","","","","","","","","","","","","","","","","","","","","","","","","","","","","","","","","","","","","","","","","","","","","","","","","","","","","","","","","",""
"","2","","CPP","COASTER","","45","","","","","","","","","","","","","","","","","","","","","","","","","","","","","","","","","","","","","","","","","","","","","","","","","","","","","","","","","","","","","","","","","","","","","","","","","","","","","","","","","","","","","","","","","","","","","","","","","","","","","","","","","","","","","","","","","","","","","","","","","","","","","","","","","","","","","","","","","","","","","","","","","","","","","","","","","","","","","","","","","","","","","","","","","","","","","","","","","","","","","","","","","","","","","","","","","","","","","","","","","","","","","","","","","","","","","","","","","","","","","","","","","","","","","","","","","","","","","","","","","","","","","","","","","","","","","","","","","","","","","","","","","","","","","","","","","","","","","","","","","","","","","","","","","","","","","","","","","","","","","","","","","","","","","","","","","","","","","","","",""
"","2.1","","Coaster BAE - Young boys","Coaster","","45","","","","","","","","","","","","","","","","","","","","","","","","","","","","","","","","","","","","","","","","","","","","","","","","","","","","","","","","","","","","","","","","","","","","","","","","","","","","","","","","","","","","","","","","","","","","","","","","","","","","","","","","","","","","","","","","","","","","","","","","","","","","","","","","","","","","","","","","","","","","","","","","","","","","","","","","","","","","","","","","","","","","","","","","","","","","","","","","","","","","","","","","","","","","","","","","","","","","","","","","","","","","","","","","","","","","","","","","","","","","","","","","","","","","","","","","","","","","","","","","","","","","","","","","","","","","","","","","","","","","","","","","","","","","","","","","","","","","","","","","","","","","","","","","","","","","","","","","","","","","","","","","","","","","","","","","","","","","","","","",""
"","3","","T 326 EBP","ROSA","","45","","","","","","","","","","","","","","","","","","","","","","","","","","","","","","","","","","","","","","","","","","","","","","","","","","","","","","","","","","","","","","","","","","","","","","","","","","","","","","","","","","","","","","","","","","","","","","","","","","","","","","","","","","","","","","","","","","","","","","","","","","","","","","","","","","","","","","","","","","","","","","","","","","","","","","","","","","","","","","","","","","","","","","","","","","","","","","","","","","","","","","","","","","","","","","","","","","","","","","","","","","","","","","","","","","","","","","","","","","","","","","","","","","","","","","","","","","","","","","","","","","","","","","","","","","","","","","","","","","","","","","","","","","","","","","","","","","","","","","","","","","","","","","","","","","","","","","","","","","","","","","","","","","","","","","","","","","","","","","","",""
"","4","","DDA","Coaster","","45","","","","","","","","","","","","","","","","","","","","","","","","","","","","","","","","","","","","","","","","","","","","","","","","","","","","","","","","","","","","","","","","","","","","","","","","","","","","","","","","","","","","","","","","","","","","","","","","","","","","","","","","","","","","","","","","","","","","","","","","","","","","","","","","","","","","","","","","","","","","","","","","","","","","","","","","","","","","","","","","","","","","","","","","","","","","","","","","","","","","","","","","","","","","","","","","","","","","","","","","","","","","","","","","","","","","","","","","","","","","","","","","","","","","","","","","","","","","","","","","","","","","","","","","","","","","","","","","","","","","","","","","","","","","","","","","","","","","","","","","","","","","","","","","","","","","","","","","","","","","","","","","","","","","","","","","","","","","","","","",""
"","5","","T 108 DYW","ROSA","","45","","","","","","","","","","","","","","","","","","","","","","","","","","","","","","","","","","","","","","","","","","","","","","","","","","","","","","","","","","","","","","","","","","","","","","","","","","","","","","","","","","","","","","","","","","","","","","","","","","","","","","","","","","","","","","","","","","","","","","","","","","","","","","","","","","","","","","","","","","","","","","","","","","","","","","","","","","","","","","","","","","","","","","","","","","","","","","","","","","","","","","","","","","","","","","","","","","","","","","","","","","","","","","","","","","","","","","","","","","","","","","","","","","","","","","","","","","","","","","","","","","","","","","","","","","","","","","","","","","","","","","","","","","","","","","","","","","","","","","","","","","","","","","","","","","","","","","","","","","","","","","","","","","","","","","","","","","","","","","","",""
"","6","","Rental Hiace","HIACE","","30","","","","","","","","","","","","","","","","","","","","","","","","","","","","","","","","","","","","","","","","","","","","","","","","","","","","","","","","","","","","","","","","","","","","","","","","","","","","","","","","","","","","","","","","","","","","","","","","","","","","","","","","","","","","","","","","","","","","","","","","","","","","","","","","","","","","","","","","","","","","","","","","","","","","","","","","","","","","","","","","","","","","","","","","","","","","","","","","","","","","","","","","","","","","","","","","","","","","","","","","","","","","","","","","","","","","","","","","","","","","","","","","","","","","","","","","","","","","","","","","","","","","","","","","","","","","","","","","","","","","","","","","","","","","","","","","","","","","","","","","","","","","","","","","","","","","","","","","","","","","","","","","","","","","","","","","","","","","","","","",""
"","7","","BAE","COASTER","","45","","","","","","","","","","","","","","","","","","","","","","","","","","","","","","","","","","","","","","","","","","","","","","","","","","","","","","","","","","","","","","","","","","","","","","","","","","","","","","","","","","","","","","","","","","","","","","","","","","","","","","","","","","","","","","","","","","","","","","","","","","","","","","","","","","","","","","","","","","","","","","","","","","","","","","","","","","","","","","","","","","","","","","","","","","","","","","","","","","","","","","","","","","","","","","","","","","","","","","","","","","","","","","","","","","","","","","","","","","","","","","","","","","","","","","","","","","","","","","","","","","","","","","","","","","","","","","","","","","","","","","","","","","","","","","","","","","","","","","","","","","","","","","","","","","","","","","","","","","","","","","","","","","","","","","","","","","","","","","","",""
"","8","","BHM","COASTER","","45","","","","","","","","","","","","","","","","","","","","","","","","","","","","","","","","","","","","","","","","","","","","","","","","","","","","","","","","","","","","","","","","","","","","","","","","","","","","","","","","","","","","","","","","","","","","","","","","","","","","","","","","","","","","","","","","","","","","","","","","","","","","","","","","","","","","","","","","","","","","","","","","","","","","","","","","","","","","","","","","","","","","","","","","","","","","","","","","","","","","","","","","","","","","","","","","","","","","","","","","","","","","","","","","","","","","","","","","","","","","","","","","","","","","","","","","","","","","","","","","","","","","","","","","","","","","","","","","","","","","","","","","","","","","","","","","","","","","","","","","","","","","","","","","","","","","","","","","","","","","","","","","","","","","","","","","","","","","","","","",""
"","9","","DSD","Coaster","","45","","","","","","","","","0","0","0","0","","","","","","","","","","","","","","","","","","","","","","","","","","","","","","","","","","","","","","","","","","","","","","","","","","","","","","","","","","","","","","","","","","","","","","","","","","","","","","","","","","","","","","","","","","","","","","","","","","","","","","","","","","","","","","","","","","","","","","","","","","","","","","","","","","","","","","","","","","","","","","","","","","","","","","","","","","","","","","","","","","","","","","","","","","","","","","","","","","","","","","","","","","","","","","","","","","","","","","","","","","","","","","","","","","","","","","","","","","","","","","","","","","","","","","","","","","","","","","","","","","","","","","","","","","","","","","","","","","","","","","","","","","","","","","","","","","","","","","","","","","","","","","","","","","","","","","","","","","","","","","","","","","","",""
"","10","","Rental Coaster BUF) - Nkoaranga","Coaster","","45","","","","","","","","","0","0","0","0","","","","","","","","","","","","","","","","","","","","","","","","","","","","","","","","","","","","","","","","","","","","","","","","","","","","","","","","","","","","","","","","","","","","","","","","","","","","","","","","","","","","","","","","","","","","","","","","","","","","","","","","","","","","","","","","","","","","","","","","","","","","","","","","","","","","","","","","","","","","","","","","","","","","","","","","","","","","","","","","","","","","","","","","","","","","","","","","","","","","","","","","","","","","","","","","","","","","","","","","","","","","","","","","","","","","","","","","","","","","","","","","","","","","","","","","","","","","","","","","","","","","","","","","","","","","","","","","","","","","","","","","","","","","","","","","","","","","","","","","","","","","","","","","","","","","","","","","","","","","","","","","","","","",""
"","","","","","","480","0","0","0","0","45","0","0","0","9","10","11","12","","","","","","","","","","","","","","","","","","","","","","","","","","","","","","","","","","","","","","","","","","","","","","","","","","","","","","","","","","","","","","","","","","","","","","","","","","","","","","","","","","","","","","","","","","","","","","","","","","","","","","","","","","","","","","","","","","","","","","","","","","","","","","","","","","","","","","","","","","","","","","","","","","","","","","","","","","","","","","","","","","","","","","","","","","","","","","","","","","","","","","","","","","","","","","","","","","","","","","","","","","","","","","","","","","","","","","","","","","","","","","","","","","","","","","","","","","","","","","","","","","","","","","","","","","","","","","","","","","","","","","","","","","","","","","","","","","","","","","","","","","","","","","","","","","","","","","","","","","","","","","","","","","","",""
"","","","","","","","0","0","0","0","0","0","0","0","","","","","","","","","","","","","","","","","","","","","","","","","","","","","","","","","","","","","","","","","","","","","","","","","","","","","","","","","","","","","","","","","","","","","","","","","","","","","","","","","","","","","","","","","","","","","","","","","","","","","","","","","","","","","","","","","","","","","","","","","","","","","","","","","","","","","","","","","","","","","","","","","","","","","","","","","","","","","","","","","","","","","","","","","","","","","","","","","","","","","","","","","","","","","","","","","","","","","","","","","","","","","","","","","","","","","","","","","","","","","","","","","","","","","","","","","","","","","","","","","","","","","","","","","","","","","","","","","","","","","","","","","","","","","","","","","","","","","","","","","","","","","","","","","","","","","","","","","","","","","","","","","","","","","","","",""
"","","","","","","","1","2","3","4","5","6","7","8","","","","","","","","","","","","","","","","","","","","","","","","","","","","","","","","","","","","","","","","","","","","","","","","","","","","","","","","","","","","","","","","","","","","","","","","","","","","","","","","","","","","","","","","","","","","","","","","","","","","","","","","","","","","","","","","","","","","","","","","","","","","","","","","","","","","","","","","","","","","","","","","","","","","","","","","","","","","","","","","","","","","","","","","","","","","","","","","","","","","","","","","","","","","","","","","","","","","","","","","","","","","","","","","","","","","","","","","","","","","","","","","","","","","","","","","","","","","","","","","","","","","","","","","","","","","","","","","","","","","","","","","","","","","","","","","","","","","","","","","","","","","","","","","","","","","","","","","","","","","","","","","","","","","","","","",""
"","","","","","","","87.29%","12.71%","","","","","","","","","","","","","","","","","","","","","","","","","","","","","","","","","","","","","","","","","","","","","","","","","","","","","","","","","","","","","","","","","","","","","","","","","","","","","","","","","","","","","","","","","","","","","","","","","","","","","","","","","","","","","","","","","","","","","","","","","","","","","","","","","","","","","","","","","","","","","","","","","","","","","","","","","","","","","","","","","","","","","","","","","","","","","","","","","","","","","","","","","","","","","","","","","","","","","","","","","","","","","","","","","","","","","","","","","","","","","","","","","","","","","","","","","","","","","","","","","","","","","","","","","","","","","","","","","","","","","","","","","","","","","","","","","","","","","","","","","","","","","","","","","","","","","","","","","","","","","","","","","","","","","","","","","","","","","",""
"","","","","","","","0","0","0","","","","","","90%","90%","90%","90%","","","","","","","","","","","","","","","","","","","","","","","","","","","","","","","","","","","","","","","","","","","","","","","","","","","","","","","","","","","","","","","","","","","","","","","","","","","","","","","","","","","","","","","","","","","","","","","","","","","","","","","","","","","","","","","","","","","","","","","","","","","","","","","","","","","","","","","","","","","","","","","","","","","","","","","","","","","","","","","","","","","","","","","","","","","","","","","","","","","","","","","","","","","","","","","","","","","","","","","","","","","","","","","","","","","","","","","","","","","","","","","","","","","","","","","","","","","","","","","","","","","","","","","","","","","","","","","","","","","","","","","","","","","","","","","","","","","","","","","","","","","","","","","","","","","","","","","","","","","","","","","","","","","",""
"","","","","","","","","","#DIV/0!","","","","","","","","","","","","","","","","","","","","","","","","","","","","","","","","","","","","","","","","","","","","","","","","","","","","","","","","","","","","","","","","","","","","","","","","","","","","","","","","","","","","","","","","","","","","","","","","","","","","","","","","","","","","","","","","","","","","","","","","","","","","","","","","","","","","","","","","","","","","","","","","","","","","","","","","","","","","","","","","","","","","","","","","","","","","","","","","","","","","","","","","","","","","","","","","","","","","","","","","","","","","","","","","","","","","","","","","","","","","","","","","","","","","","","","","","","","","","","","","","","","","","","","","","","","","","","","","","","","","","","","","","","","","","","","","","","","","","","","","","","","","","","","","","","","","","","","","","","","","","","","","","","","","","","","","","","","","",""
"","","","","","","","90%","90%","90%","90%","90%","90%","90%","90%","","","","","","","","","","","","","","","","","","","","","","","","","","","","","","","","","","","","","","","","","","","","","","","","","","","","","","","","","","","","","","","","","","","","","","","","","","","","","","","","","","","","","","","","","","","","","","","","","","","","","","","","","","","","","","","","","","","","","","","","","","","","","","","","","","","","","","","","","","","","","","","","","","","","","","","","","","","","","","","","","","","","","","","","","","","","","","","","","","","","","","","","","","","","","","","","","","","","","","","","","","","","","","","","","","","","","","","","","","","","","","","","","","","","","","","","","","","","","","","","","","","","","","","","","","","","","","","","","","","","","","","","","","","","","","","","","","","","","","","","","","","","","","","","","","","","","","","","","","","","","","","","","","","","","","","",""
"","","","Total","","","","","","","","","","","","","","","","","","","","","","","","","","","","","","","","","","","","","","","","","","","","","","","","","","","","","","","","","","","","","","","","","","","","","","","","","","","","","","","","","","","","","","","","","","","","","","","","","","","","","","","","","","","","","","","","","","","","","","","","","","","","","","","","","","","","","","","","","","","","","","","","","","","","","","","","","","","","","","","","","","","","","","","","","","","","","","","","","","","","","","","","","","","","","","","","","","","","","","","","","","","","","","","","","","","","","","","","","","","","","","","","","","","","","","","","","","","","","","","","","","","","","","","","","","","","","","","","","","","","","","","","","","","","","","","","","","","","","","","","","","","","","","","","","","","","","","","","","","","","","","","","","","","","","","","","","","","","","","","","","","",""
"","","  ","1","","","","","","","","","","","","","","","","","","","","","","","","","","","","","","","","","","","","","","","","","","","","","","","","","","","","","","","","","","","","","","","","","","","","","","","","","","","","","","","","","","","","","","","","","","","","","","","","","","","","","","","","","","","","","","","","","","","","","","","","","","","","","","","","","","","","","","","","","","","","","","","","","","","","","","","","","","","","","","","","","","","","","","","","","","","","","","","","","","","","","","","","","","","","","","","","","","","","","","","","","","","","","","","","","","","","","","","","","","","","","","","","","","","","","","","","","","","","","","","","","","","","","","","","","","","","","","","","","","","","","","","","","","","","","","","","","","","","","","","","","","","","","","","","","","","","","","","","","","","","","","","","","","","","","","","","","","","","","","","","","","",""
"","","550,000","","","","","","","","","","","","","","","","","","","","","","","","","","","","","","","","","","","","","","","","","","","","","","","","","","","","","","","","","","","","","","","","","","","","","","","","","","","","","","","","","","","","","","","","","","","","","","","","","","","","","","","","","","","","","","","","","","","","","","","","","","","","","","","","","","","","","","","","","","","","","","","","","","","","","","","","","","","","","","","","","","","","","","","","","","","","","","","","","","","","","","","","","","","","","","","","","","","","","","","","","","","","","","","","","","","","","","","","","","","","","","","","","","","","","","","","","","","","","","","","","","","","","","","","","","","","","","","","","","","","","","","","","","","","","","","","","","","","","","","","","","","","","","","","","","","","","","","","","","","","","","","","","","","","","","","","","","","","","","","","","","","",""